Product Name,Shade Code,R,G,B
Double Defence Exterior Emulsion,1-10-1,240,233,207
Double Defence Exterior Emulsion,1-10-2,247,229,174
Double Defence Exterior Emulsion,1-10-3,252,221,149
Double Defence Exterior Emulsion,1-10-4,254,213,129
Double Defence Exterior Emulsion,1-10-6,249,188,62
Double Defence Exterior Emulsion,1-10-7,244,172,41
Double Defence Exterior Emulsion,1-1-1,248,226,222
Double Defence Exterior Emulsion,1-11-1,240,234,207
Double Defence Exterior Emulsion,1-11-2,247,233,180
Double Defence Exterior Emulsion,1-11-3,251,224,145
Double Defence Exterior Emulsion,1-11-4,252,214,104
Double Defence Exterior Emulsion,1-11-5,252,209,103
Double Defence Exterior Emulsion,1-11-6,253,192,64
Double Defence Exterior Emulsion,1-11-7,245,174,27
Double Defence Exterior Emulsion,1-1-2,246,208,204
Double Defence Exterior Emulsion,1-12-1,240,237,208
Double Defence Exterior Emulsion,1-12-2,249,235,179
Double Defence Exterior Emulsion,1-12-3,253,231,151
Double Defence Exterior Emulsion,1-12-4,253,221,117
Double Defence Exterior Emulsion,1-12-5,245,215,109
Double Defence Exterior Emulsion,1-12-6,252,209,33
Double Defence Exterior Emulsion,1-12-7,249,190,1
Double Defence Exterior Emulsion,1-1-3,250,183,175
Double Defence Exterior Emulsion,1-1-4,249,153,148
Double Defence Exterior Emulsion,1-1-5,247,131,123
Double Defence Exterior Emulsion,1-15-1,235,234,214
Double Defence Exterior Emulsion,1-15-2,236,238,190
Double Defence Exterior Emulsion,1-15-3,245,240,176
Double Defence Exterior Emulsion,1-15-4,240,233,157
Double Defence Exterior Emulsion,1-15-5,234,229,115
Double Defence Exterior Emulsion,1-15-6,242,218,81
Double Defence Exterior Emulsion,1-15-7,229,204,75
Double Defence Exterior Emulsion,1-16-1,237,240,213
Double Defence Exterior Emulsion,1-16-2,230,239,205
Double Defence Exterior Emulsion,1-16-3,230,237,184
Double Defence Exterior Emulsion,1-16-4,231,235,155
Double Defence Exterior Emulsion,1-16-5,220,224,111
Double Defence Exterior Emulsion,1-16-6,204,207,56
Double Defence Exterior Emulsion,1-16-7,190,196,34
Double Defence Exterior Emulsion,1-1-7,208,75,78
Double Defence Exterior Emulsion,1-17-1,238,240,226
Double Defence Exterior Emulsion,1-17-2,236,240,209
Double Defence Exterior Emulsion,1-17-3,223,237,190
Double Defence Exterior Emulsion,1-17-4,209,230,157
Double Defence Exterior Emulsion,1-17-5,192,217,116
Double Defence Exterior Emulsion,1-17-6,172,204,73
Double Defence Exterior Emulsion,1-17-7,152,184,50
Double Defence Exterior Emulsion,1-19-1,218,235,207
Double Defence Exterior Emulsion,1-19-2,208,227,191
Double Defence Exterior Emulsion,1-19-3,197,228,175
Double Defence Exterior Emulsion,1-19-4,188,223,151
Double Defence Exterior Emulsion,1-19-5,148,203,104
Double Defence Exterior Emulsion,1-19-6,135,193,75
Double Defence Exterior Emulsion,1-19-7,116,177,54
Double Defence Exterior Emulsion,1-21-1,214,236,208
Double Defence Exterior Emulsion,1-21-2,205,228,195
Double Defence Exterior Emulsion,1-21-3,196,230,182
Double Defence Exterior Emulsion,1-21-4,177,220,154
Double Defence Exterior Emulsion,1-21-5,137,203,113
Double Defence Exterior Emulsion,1-21-6,112,186,79
Double Defence Exterior Emulsion,1-21-7,100,169,64
Double Defence Exterior Emulsion,1-24-1,223,232,220
Double Defence Exterior Emulsion,1-24-2,206,236,216
Double Defence Exterior Emulsion,1-24-3,177,225,184
Double Defence Exterior Emulsion,1-24-4,138,207,156
Double Defence Exterior Emulsion,1-24-5,93,190,130
Double Defence Exterior Emulsion,1-24-6,67,177,111
Double Defence Exterior Emulsion,1-24-7,37,159,94
Double Defence Exterior Emulsion,1-26-1,227,240,232
Double Defence Exterior Emulsion,1-26-2,198,233,221
Double Defence Exterior Emulsion,1-26-3,164,226,208
Double Defence Exterior Emulsion,1-26-4,114,205,185
Double Defence Exterior Emulsion,1-26-5,70,189,163
Double Defence Exterior Emulsion,1-26-6,0,172,147
Double Defence Exterior Emulsion,1-26-7,0,159,133
Double Defence Exterior Emulsion,1-28-1,226,232,230
Double Defence Exterior Emulsion,1-28-2,198,230,231
Double Defence Exterior Emulsion,1-28-3,156,223,220
Double Defence Exterior Emulsion,1-28-4,119,208,208
Double Defence Exterior Emulsion,1-28-5,39,183,186
Double Defence Exterior Emulsion,1-28-6,0,167,171
Double Defence Exterior Emulsion,1-28-7,0,148,151
Double Defence Exterior Emulsion,1-30-1,224,238,234
Double Defence Exterior Emulsion,1-30-2,194,225,225
Double Defence Exterior Emulsion,1-30-3,158,219,228
Double Defence Exterior Emulsion,1-30-4,108,201,214
Double Defence Exterior Emulsion,1-30-5,80,189,208
Double Defence Exterior Emulsion,1-30-6,30,161,178
Double Defence Exterior Emulsion,1-30-7,0,146,171
Double Defence Exterior Emulsion,1-3-1,244,231,224
Double Defence Exterior Emulsion,1-3-2,246,207,202
Double Defence Exterior Emulsion,1-32-1,218,235,234
Double Defence Exterior Emulsion,1-32-2,195,224,230
Double Defence Exterior Emulsion,1-32-3,156,211,229
Double Defence Exterior Emulsion,1-32-4,116,194,221
Double Defence Exterior Emulsion,1-32-5,51,165,203
Double Defence Exterior Emulsion,1-32-6,0,151,192
Double Defence Exterior Emulsion,1-32-7,0,133,169
Double Defence Exterior Emulsion,1-3-3,252,183,166
Double Defence Exterior Emulsion,1-33-1,217,233,234
Double Defence Exterior Emulsion,1-33-2,186,219,229
Double Defence Exterior Emulsion,1-33-3,158,210,234
Double Defence Exterior Emulsion,1-33-4,133,198,226
Double Defence Exterior Emulsion,1-33-5,72,174,213
Double Defence Exterior Emulsion,1-33-6,0,146,199
Double Defence Exterior Emulsion,1-33-7,0,126,177
Double Defence Exterior Emulsion,1-3-4,250,159,137
Double Defence Exterior Emulsion,1-34-1,215,231,234
Double Defence Exterior Emulsion,1-34-2,191,216,229
Double Defence Exterior Emulsion,1-34-3,162,203,229
Double Defence Exterior Emulsion,1-34-4,116,179,219
Double Defence Exterior Emulsion,1-34-5,69,151,205
Double Defence Exterior Emulsion,1-34-6,40,138,198
Double Defence Exterior Emulsion,1-34-7,0,114,173
Double Defence Exterior Emulsion,1-3-5,244,142,114
Double Defence Exterior Emulsion,1-36-1,224,231,233
Double Defence Exterior Emulsion,1-36-2,198,213,226
Double Defence Exterior Emulsion,1-36-3,166,192,226
Double Defence Exterior Emulsion,1-36-4,135,162,209
Double Defence Exterior Emulsion,1-36-5,97,136,194
Double Defence Exterior Emulsion,1-36-6,80,114,181
Double Defence Exterior Emulsion,1-36-7,57,94,160
Double Defence Exterior Emulsion,1-38-1,210,216,229
Double Defence Exterior Emulsion,1-38-2,202,211,232
Double Defence Exterior Emulsion,1-38-3,173,184,221
Double Defence Exterior Emulsion,1-38-4,147,156,209
Double Defence Exterior Emulsion,1-38-5,122,126,192
Double Defence Exterior Emulsion,1-38-6,110,111,177
Double Defence Exterior Emulsion,1-38-7,86,88,154
Double Defence Exterior Emulsion,1-40-1,224,223,234
Double Defence Exterior Emulsion,1-40-2,204,201,228
Double Defence Exterior Emulsion,1-40-3,190,185,219
Double Defence Exterior Emulsion,1-40-4,170,158,209
Double Defence Exterior Emulsion,1-40-5,142,125,190
Double Defence Exterior Emulsion,1-40-6,127,102,171
Double Defence Exterior Emulsion,1-40-7,118,95,162
Double Defence Exterior Emulsion,1-42-1,229,220,227
Double Defence Exterior Emulsion,1-42-2,220,210,227
Double Defence Exterior Emulsion,1-42-3,213,187,223
Double Defence Exterior Emulsion,1-42-4,188,157,206
Double Defence Exterior Emulsion,1-42-5,165,128,186
Double Defence Exterior Emulsion,1-42-6,154,111,170
Double Defence Exterior Emulsion,1-42-7,136,91,149
Double Defence Exterior Emulsion,1-43-1,234,227,230
Double Defence Exterior Emulsion,1-43-2,223,212,229
Double Defence Exterior Emulsion,1-43-3,212,184,216
Double Defence Exterior Emulsion,1-43-4,198,159,206
Double Defence Exterior Emulsion,1-43-5,180,129,186
Double Defence Exterior Emulsion,1-43-6,172,112,174
Double Defence Exterior Emulsion,1-43-7,158,96,158
Double Defence Exterior Emulsion,1-45-1,245,239,237
Double Defence Exterior Emulsion,1-45-2,238,221,230
Double Defence Exterior Emulsion,1-45-3,231,197,221
Double Defence Exterior Emulsion,1-45-4,231,172,210
Double Defence Exterior Emulsion,1-45-5,223,141,190
Double Defence Exterior Emulsion,1-45-6,203,106,165
Double Defence Exterior Emulsion,1-45-7,191,79,139
Double Defence Exterior Emulsion,1-47-1,236,226,227
Double Defence Exterior Emulsion,1-47-2,245,230,231
Double Defence Exterior Emulsion,1-47-3,242,199,216
Double Defence Exterior Emulsion,1-47-4,236,168,199
Double Defence Exterior Emulsion,1-47-5,217,122,163
Double Defence Exterior Emulsion,1-47-6,201,101,146
Double Defence Exterior Emulsion,1-47-7,180,73,119
Double Defence Exterior Emulsion,1-48-1,242,233,232
Double Defence Exterior Emulsion,1-48-2,238,225,225
Double Defence Exterior Emulsion,1-48-3,240,181,197
Double Defence Exterior Emulsion,1-48-4,233,161,184
Double Defence Exterior Emulsion,1-48-5,221,124,157
Double Defence Exterior Emulsion,1-48-6,212,102,138
Double Defence Exterior Emulsion,1-48-7,194,77,113
Double Defence Exterior Emulsion,1-50-1,242,231,233
Double Defence Exterior Emulsion,1-50-2,247,213,216
Double Defence Exterior Emulsion,1-50-3,248,187,191
Double Defence Exterior Emulsion,1-50-4,238,155,161
Double Defence Exterior Emulsion,1-50-5,237,128,143
Double Defence Exterior Emulsion,1-50-7,208,93,111
Double Defence Exterior Emulsion,1-5-1,241,233,225
Double Defence Exterior Emulsion,1-5-2,248,215,197
Double Defence Exterior Emulsion,1-5-3,250,203,182
Double Defence Exterior Emulsion,1-5-4,251,186,160
Double Defence Exterior Emulsion,1-5-5,251,168,129
Double Defence Exterior Emulsion,1-7-1,246,234,217
Double Defence Exterior Emulsion,1-7-2,243,219,195
Double Defence Exterior Emulsion,1-7-3,253,206,172
Double Defence Exterior Emulsion,1-7-4,254,192,149
Double Defence Exterior Emulsion,1-7-5,254,175,109
Double Defence Exterior Emulsion,1-7-6,249,146,58
Double Defence Exterior Emulsion,1-7-7,238,129,44
Double Defence Exterior Emulsion,1-8-1,245,231,212
Double Defence Exterior Emulsion,1-8-2,247,228,198
Double Defence Exterior Emulsion,1-8-3,251,216,169
Double Defence Exterior Emulsion,1-8-4,252,201,145
Double Defence Exterior Emulsion,1-8-5,252,185,113
Double Defence Exterior Emulsion,1-8-6,252,166,67
Double Defence Exterior Emulsion,1-8-7,240,149,43
Double Defence Exterior Emulsion,2-15-1,245,241,216
Double Defence Exterior Emulsion,2-15-2,237,236,200
Double Defence Exterior Emulsion,2-15-3,241,232,176
Double Defence Exterior Emulsion,2-15-4,234,228,159
Double Defence Exterior Emulsion,2-15-5,221,209,120
Double Defence Exterior Emulsion,2-15-6,208,192,85
Double Defence Exterior Emulsion,2-15-7,201,169,40
Double Defence Exterior Emulsion,2-18-1,228,236,212
Double Defence Exterior Emulsion,2-18-2,223,237,203
Double Defence Exterior Emulsion,2-18-3,214,229,193
Double Defence Exterior Emulsion,2-18-4,189,220,164
Double Defence Exterior Emulsion,2-18-5,165,201,112
Double Defence Exterior Emulsion,2-18-6,138,174,74
Double Defence Exterior Emulsion,2-18-7,123,159,51
Double Defence Exterior Emulsion,2-20-1,231,240,205
Double Defence Exterior Emulsion,2-20-2,211,229,192
Double Defence Exterior Emulsion,2-20-3,193,224,182
Double Defence Exterior Emulsion,2-20-4,149,198,120
Double Defence Exterior Emulsion,2-20-5,133,184,106
Double Defence Exterior Emulsion,2-20-6,117,171,83
Double Defence Exterior Emulsion,2-20-7,89,150,55
Double Defence Exterior Emulsion,2-2-1,250,237,231
Double Defence Exterior Emulsion,2-21-1,225,236,209
Double Defence Exterior Emulsion,2-21-2,213,233,207
Double Defence Exterior Emulsion,2-21-3,197,224,187
Double Defence Exterior Emulsion,2-21-4,160,206,147
Double Defence Exterior Emulsion,2-21-5,123,182,107
Double Defence Exterior Emulsion,2-21-6,106,166,88
Double Defence Exterior Emulsion,2-21-7,76,146,61
Double Defence Exterior Emulsion,2-2-2,234,207,198
Double Defence Exterior Emulsion,2-2-3,237,203,189
Double Defence Exterior Emulsion,2-23-1,226,237,222
Double Defence Exterior Emulsion,2-23-2,215,235,215
Double Defence Exterior Emulsion,2-23-3,181,221,183
Double Defence Exterior Emulsion,2-23-4,152,204,149
Double Defence Exterior Emulsion,2-23-5,105,177,112
Double Defence Exterior Emulsion,2-23-6,79,155,86
Double Defence Exterior Emulsion,2-23-7,59,137,61
Double Defence Exterior Emulsion,2-2-4,239,180,175
Double Defence Exterior Emulsion,2-24-1,221,234,215
Double Defence Exterior Emulsion,2-24-2,217,236,217
Double Defence Exterior Emulsion,2-24-3,172,220,188
Double Defence Exterior Emulsion,2-24-4,132,201,155
Double Defence Exterior Emulsion,2-24-5,91,169,120
Double Defence Exterior Emulsion,2-24-6,51,151,92
Double Defence Exterior Emulsion,2-24-7,14,127,70
Double Defence Exterior Emulsion,2-2-5,229,131,127
Double Defence Exterior Emulsion,2-25-1,216,235,221
Double Defence Exterior Emulsion,2-25-2,209,235,221
Double Defence Exterior Emulsion,2-25-3,173,218,191
Double Defence Exterior Emulsion,2-25-4,127,195,162
Double Defence Exterior Emulsion,2-25-5,75,167,134
Double Defence Exterior Emulsion,2-25-6,30,145,107
Double Defence Exterior Emulsion,2-25-7,0,127,89
Double Defence Exterior Emulsion,2-2-6,223,109,108
Double Defence Exterior Emulsion,2-2-7,190,88,87
Double Defence Exterior Emulsion,2-27-1,209,227,227
Double Defence Exterior Emulsion,2-27-2,199,231,227
Double Defence Exterior Emulsion,2-27-3,158,210,202
Double Defence Exterior Emulsion,2-27-4,106,194,185
Double Defence Exterior Emulsion,2-27-5,23,164,150
Double Defence Exterior Emulsion,2-27-6,0,144,134
Double Defence Exterior Emulsion,2-27-7,0,121,116
Double Defence Exterior Emulsion,2-29-1,218,235,233
Double Defence Exterior Emulsion,2-29-2,210,231,230
Double Defence Exterior Emulsion,2-29-3,157,213,217
Double Defence Exterior Emulsion,2-29-4,108,191,199
Double Defence Exterior Emulsion,2-29-5,53,160,171
Double Defence Exterior Emulsion,2-29-6,0,143,157
Double Defence Exterior Emulsion,2-29-7,0,124,135
Double Defence Exterior Emulsion,2-32-1,211,221,221
Double Defence Exterior Emulsion,2-32-2,184,215,225
Double Defence Exterior Emulsion,2-32-3,151,203,219
Double Defence Exterior Emulsion,2-32-4,107,182,209
Double Defence Exterior Emulsion,2-32-5,69,152,185
Double Defence Exterior Emulsion,2-32-6,0,124,159
Double Defence Exterior Emulsion,2-32-7,0,109,146
Double Defence Exterior Emulsion,2-37-1,216,222,232
Double Defence Exterior Emulsion,2-37-2,204,211,224
Double Defence Exterior Emulsion,2-37-3,167,185,216
Double Defence Exterior Emulsion,2-37-4,133,152,198
Double Defence Exterior Emulsion,2-37-5,97,113,169
Double Defence Exterior Emulsion,2-37-6,80,95,156
Double Defence Exterior Emulsion,2-37-7,59,73,130
Double Defence Exterior Emulsion,2-39-1,232,231,232
Double Defence Exterior Emulsion,2-39-2,213,215,228
Double Defence Exterior Emulsion,2-39-3,181,181,213
Double Defence Exterior Emulsion,2-39-4,151,148,190
Double Defence Exterior Emulsion,2-39-5,118,111,168
Double Defence Exterior Emulsion,2-39-6,104,93,152
Double Defence Exterior Emulsion,2-39-7,85,72,129
Double Defence Exterior Emulsion,2-4-1,247,234,221
Double Defence Exterior Emulsion,2-41-1,227,220,228
Double Defence Exterior Emulsion,2-41-2,216,209,222
Double Defence Exterior Emulsion,2-41-3,191,180,212
Double Defence Exterior Emulsion,2-41-4,173,148,196
Double Defence Exterior Emulsion,2-41-5,139,113,166
Double Defence Exterior Emulsion,2-41-6,122,93,148
Double Defence Exterior Emulsion,2-41-7,109,77,131
Double Defence Exterior Emulsion,2-4-2,246,221,207
Double Defence Exterior Emulsion,2-4-3,238,201,187
Double Defence Exterior Emulsion,2-43-1,235,217,228
Double Defence Exterior Emulsion,2-43-2,224,200,218
Double Defence Exterior Emulsion,2-43-3,215,179,209
Double Defence Exterior Emulsion,2-43-4,197,156,194
Double Defence Exterior Emulsion,2-43-5,191,132,177
Double Defence Exterior Emulsion,2-43-6,159,90,142
Double Defence Exterior Emulsion,2-43-7,139,67,118
Double Defence Exterior Emulsion,2-4-4,242,174,152
Double Defence Exterior Emulsion,2-44-1,241,223,232
Double Defence Exterior Emulsion,2-44-2,231,211,222
Double Defence Exterior Emulsion,2-44-3,224,187,213
Double Defence Exterior Emulsion,2-44-4,203,154,189
Double Defence Exterior Emulsion,2-44-5,180,116,162
Double Defence Exterior Emulsion,2-44-6,162,88,135
Double Defence Exterior Emulsion,2-44-7,152,64,111
Double Defence Exterior Emulsion,2-4-5,225,139,114
Double Defence Exterior Emulsion,2-4-6,195,92,80
Double Defence Exterior Emulsion,2-46-1,242,225,228
Double Defence Exterior Emulsion,2-46-2,235,212,220
Double Defence Exterior Emulsion,2-46-3,225,176,197
Double Defence Exterior Emulsion,2-46-4,210,151,176
Double Defence Exterior Emulsion,2-46-5,185,111,146
Double Defence Exterior Emulsion,2-46-6,173,79,117
Double Defence Exterior Emulsion,2-4-7,182,79,58
Double Defence Exterior Emulsion,2-6-1,244,236,220
Double Defence Exterior Emulsion,2-6-2,243,224,206
Double Defence Exterior Emulsion,2-6-3,243,199,170
Double Defence Exterior Emulsion,2-6-4,240,177,145
Double Defence Exterior Emulsion,2-6-5,230,155,116
Double Defence Exterior Emulsion,2-6-6,227,136,95
Double Defence Exterior Emulsion,2-6-7,209,121,72
Double Defence Exterior Emulsion,2-8-1,246,235,212
Double Defence Exterior Emulsion,2-8-2,241,206,165
Double Defence Exterior Emulsion,2-8-3,234,192,139
Double Defence Exterior Emulsion,2-8-4,233,175,113
Double Defence Exterior Emulsion,2-8-5,225,158,92
Double Defence Exterior Emulsion,2-8-6,218,140,75
Double Defence Exterior Emulsion,2-8-7,205,124,55
Double Defence Exterior Emulsion,2-9-1,241,234,215
Double Defence Exterior Emulsion,2-9-2,237,212,164
Double Defence Exterior Emulsion,2-9-3,236,196,129
Double Defence Exterior Emulsion,2-9-4,228,183,115
Double Defence Exterior Emulsion,2-9-5,222,171,98
Double Defence Exterior Emulsion,2-9-6,223,162,78
Double Defence Exterior Emulsion,2-9-7,205,136,53
Double Defence Exterior Emulsion,3-1-1,241,228,225
Double Defence Exterior Emulsion,3-11-1,238,230,212
Double Defence Exterior Emulsion,3-11-2,234,221,189
Double Defence Exterior Emulsion,3-11-3,231,216,175
Double Defence Exterior Emulsion,3-11-4,223,203,151
Double Defence Exterior Emulsion,3-11-5,209,181,115
Double Defence Exterior Emulsion,3-11-6,187,152,71
Double Defence Exterior Emulsion,3-11-7,175,132,57
Double Defence Exterior Emulsion,3-1-2,244,226,223
Double Defence Exterior Emulsion,3-12-1,237,232,209
Double Defence Exterior Emulsion,3-12-2,231,222,189
Double Defence Exterior Emulsion,3-12-3,228,212,158
Double Defence Exterior Emulsion,3-12-4,222,201,132
Double Defence Exterior Emulsion,3-12-5,205,180,108
Double Defence Exterior Emulsion,3-12-6,198,163,82
Double Defence Exterior Emulsion,3-12-7,169,132,60
Double Defence Exterior Emulsion,3-1-3,234,205,203
Double Defence Exterior Emulsion,3-13-1,240,236,212
Double Defence Exterior Emulsion,3-13-2,234,223,185
Double Defence Exterior Emulsion,3-13-3,230,222,174
Double Defence Exterior Emulsion,3-13-4,229,213,152
Double Defence Exterior Emulsion,3-13-5,212,194,121
Double Defence Exterior Emulsion,3-13-6,199,172,83
Double Defence Exterior Emulsion,3-13-7,175,145,54
Double Defence Exterior Emulsion,3-1-4,214,161,160
Double Defence Exterior Emulsion,3-14-1,238,237,211
Double Defence Exterior Emulsion,3-14-2,225,224,187
Double Defence Exterior Emulsion,3-14-3,227,220,167
Double Defence Exterior Emulsion,3-14-4,226,216,158
Double Defence Exterior Emulsion,3-14-5,213,198,125
Double Defence Exterior Emulsion,3-14-6,189,172,89
Double Defence Exterior Emulsion,3-14-7,158,134,59
Double Defence Exterior Emulsion,3-1-5,196,125,124
Double Defence Exterior Emulsion,3-15-1,234,234,212
Double Defence Exterior Emulsion,3-15-2,221,221,169
Double Defence Exterior Emulsion,3-15-3,217,210,143
Double Defence Exterior Emulsion,3-15-4,206,198,126
Double Defence Exterior Emulsion,3-15-5,204,189,106
Double Defence Exterior Emulsion,3-15-6,181,168,89
Double Defence Exterior Emulsion,3-15-7,152,136,57
Double Defence Exterior Emulsion,3-1-6,168,83,81
Double Defence Exterior Emulsion,3-16-1,240,240,220
Double Defence Exterior Emulsion,3-16-2,236,239,205
Double Defence Exterior Emulsion,3-16-3,221,224,178
Double Defence Exterior Emulsion,3-16-4,208,209,144
Double Defence Exterior Emulsion,3-16-5,199,196,125
Double Defence Exterior Emulsion,3-16-6,173,166,88
Double Defence Exterior Emulsion,3-16-7,147,140,55
Double Defence Exterior Emulsion,3-1-7,156,60,60
Double Defence Exterior Emulsion,3-17-1,231,236,194
Double Defence Exterior Emulsion,3-17-2,220,228,195
Double Defence Exterior Emulsion,3-17-3,212,223,180
Double Defence Exterior Emulsion,3-17-4,191,204,143
Double Defence Exterior Emulsion,3-17-5,186,194,124
Double Defence Exterior Emulsion,3-17-6,158,169,88
Double Defence Exterior Emulsion,3-17-7,125,134,58
Double Defence Exterior Emulsion,3-18-1,231,235,218
Double Defence Exterior Emulsion,3-18-2,217,228,196
Double Defence Exterior Emulsion,3-18-3,205,216,177
Double Defence Exterior Emulsion,3-18-4,182,200,145
Double Defence Exterior Emulsion,3-18-5,156,175,108
Double Defence Exterior Emulsion,3-18-6,137,162,83
Double Defence Exterior Emulsion,3-18-7,115,136,59
Double Defence Exterior Emulsion,3-20-1,231,240,222
Double Defence Exterior Emulsion,3-20-2,224,234,217
Double Defence Exterior Emulsion,3-20-3,191,214,179
Double Defence Exterior Emulsion,3-20-4,181,210,168
Double Defence Exterior Emulsion,3-20-5,149,185,129
Double Defence Exterior Emulsion,3-20-6,115,152,82
Double Defence Exterior Emulsion,3-20-7,96,132,61
Double Defence Exterior Emulsion,3-22-1,232,238,222
Double Defence Exterior Emulsion,3-22-2,219,231,216
Double Defence Exterior Emulsion,3-22-3,190,215,186
Double Defence Exterior Emulsion,3-22-4,176,206,169
Double Defence Exterior Emulsion,3-22-5,142,181,131
Double Defence Exterior Emulsion,3-22-6,100,144,81
Double Defence Exterior Emulsion,3-22-7,80,123,63
Double Defence Exterior Emulsion,3-24-1,217,235,212
Double Defence Exterior Emulsion,3-24-2,212,230,209
Double Defence Exterior Emulsion,3-24-3,186,217,190
Double Defence Exterior Emulsion,3-24-4,163,203,169
Double Defence Exterior Emulsion,3-24-5,124,173,134
Double Defence Exterior Emulsion,3-24-6,74,139,90
Double Defence Exterior Emulsion,3-24-7,54,115,66
Double Defence Exterior Emulsion,3-25-1,224,238,224
Double Defence Exterior Emulsion,3-25-2,217,231,218
Double Defence Exterior Emulsion,3-25-3,208,227,210
Double Defence Exterior Emulsion,3-25-4,164,205,174
Double Defence Exterior Emulsion,3-25-5,111,172,134
Double Defence Exterior Emulsion,3-25-6,61,136,89
Double Defence Exterior Emulsion,3-25-7,46,102,66
Double Defence Exterior Emulsion,3-26-1,225,236,226
Double Defence Exterior Emulsion,3-26-2,216,231,220
Double Defence Exterior Emulsion,3-26-3,192,219,206
Double Defence Exterior Emulsion,3-26-4,150,199,176
Double Defence Exterior Emulsion,3-26-5,101,170,141
Double Defence Exterior Emulsion,3-26-6,49,131,99
Double Defence Exterior Emulsion,3-26-7,8,109,76
Double Defence Exterior Emulsion,3-30-1,220,236,232
Double Defence Exterior Emulsion,3-30-2,191,222,224
Double Defence Exterior Emulsion,3-30-3,166,207,211
Double Defence Exterior Emulsion,3-30-4,120,183,190
Double Defence Exterior Emulsion,3-30-5,67,145,153
Double Defence Exterior Emulsion,3-30-6,29,126,137
Double Defence Exterior Emulsion,3-30-7,0,98,110
Double Defence Exterior Emulsion,3-33-1,212,228,229
Double Defence Exterior Emulsion,3-33-2,189,213,223
Double Defence Exterior Emulsion,3-33-3,167,199,216
Double Defence Exterior Emulsion,3-33-4,140,180,203
Double Defence Exterior Emulsion,3-33-5,91,149,180
Double Defence Exterior Emulsion,3-33-6,41,110,151
Double Defence Exterior Emulsion,3-33-7,25,86,121
Double Defence Exterior Emulsion,3-35-1,225,232,232
Double Defence Exterior Emulsion,3-35-2,210,227,235
Double Defence Exterior Emulsion,3-35-3,169,197,213
Double Defence Exterior Emulsion,3-35-4,123,163,189
Double Defence Exterior Emulsion,3-35-5,75,127,161
Double Defence Exterior Emulsion,3-35-6,37,108,150
Double Defence Exterior Emulsion,3-35-7,26,84,123
Double Defence Exterior Emulsion,3-36-1,210,217,220
Double Defence Exterior Emulsion,3-36-2,196,213,224
Double Defence Exterior Emulsion,3-36-3,170,190,208
Double Defence Exterior Emulsion,3-36-4,128,155,188
Double Defence Exterior Emulsion,3-36-5,85,114,150
Double Defence Exterior Emulsion,3-36-6,61,95,139
Double Defence Exterior Emulsion,3-36-7,43,72,122
Double Defence Exterior Emulsion,3-39-1,212,219,227
Double Defence Exterior Emulsion,3-39-2,197,202,220
Double Defence Exterior Emulsion,3-39-3,173,180,201
Double Defence Exterior Emulsion,3-39-4,144,147,182
Double Defence Exterior Emulsion,3-39-5,104,106,148
Double Defence Exterior Emulsion,3-39-6,84,85,131
Double Defence Exterior Emulsion,3-4-1,243,228,215
Double Defence Exterior Emulsion,3-41-1,218,219,228
Double Defence Exterior Emulsion,3-41-2,204,200,215
Double Defence Exterior Emulsion,3-41-3,189,184,208
Double Defence Exterior Emulsion,3-41-4,169,164,195
Double Defence Exterior Emulsion,3-41-5,137,126,167
Double Defence Exterior Emulsion,3-41-6,99,83,127
Double Defence Exterior Emulsion,3-41-7,85,67,112
Double Defence Exterior Emulsion,3-4-2,235,209,197
Double Defence Exterior Emulsion,3-4-3,233,191,177
Double Defence Exterior Emulsion,3-43-1,234,230,233
Double Defence Exterior Emulsion,3-43-2,215,203,215
Double Defence Exterior Emulsion,3-43-3,201,183,205
Double Defence Exterior Emulsion,3-43-4,176,147,179
Double Defence Exterior Emulsion,3-43-5,144,109,149
Double Defence Exterior Emulsion,3-43-6,130,84,126
Double Defence Exterior Emulsion,3-4-4,220,171,157
Double Defence Exterior Emulsion,3-44-1,233,225,227
Double Defence Exterior Emulsion,3-44-2,226,214,222
Double Defence Exterior Emulsion,3-44-3,206,180,203
Double Defence Exterior Emulsion,3-44-4,182,148,178
Double Defence Exterior Emulsion,3-44-5,157,104,142
Double Defence Exterior Emulsion,3-44-6,131,85,123
Double Defence Exterior Emulsion,3-4-5,204,140,120
Double Defence Exterior Emulsion,3-45-1,238,228,229
Double Defence Exterior Emulsion,3-45-2,217,194,204
Double Defence Exterior Emulsion,3-45-3,221,189,206
Double Defence Exterior Emulsion,3-45-4,184,146,172
Double Defence Exterior Emulsion,3-45-5,161,108,141
Double Defence Exterior Emulsion,3-45-6,135,82,118
Double Defence Exterior Emulsion,3-4-6,172,98,81
Double Defence Exterior Emulsion,3-4-7,154,80,58
Double Defence Exterior Emulsion,3-47-1,232,220,224
Double Defence Exterior Emulsion,3-47-2,233,209,216
Double Defence Exterior Emulsion,3-47-3,224,188,201
Double Defence Exterior Emulsion,3-47-4,196,154,172
Double Defence Exterior Emulsion,3-47-5,169,102,128
Double Defence Exterior Emulsion,3-47-6,151,82,112
Double Defence Exterior Emulsion,3-48-1,242,224,227
Double Defence Exterior Emulsion,3-48-2,232,207,214
Double Defence Exterior Emulsion,3-48-3,221,180,193
Double Defence Exterior Emulsion,3-48-4,201,143,160
Double Defence Exterior Emulsion,3-48-5,172,101,121
Double Defence Exterior Emulsion,3-48-6,145,77,101
Double Defence Exterior Emulsion,3-50-1,240,228,228
Double Defence Exterior Emulsion,3-50-2,230,204,205
Double Defence Exterior Emulsion,3-50-3,226,188,191
Double Defence Exterior Emulsion,3-50-4,203,152,155
Double Defence Exterior Emulsion,3-50-5,176,107,114
Double Defence Exterior Emulsion,3-50-6,161,79,89
Double Defence Exterior Emulsion,3-50-7,143,59,71
Double Defence Exterior Emulsion,3-6-1,247,229,213
Double Defence Exterior Emulsion,3-6-2,232,207,190
Double Defence Exterior Emulsion,3-6-3,225,178,156
Double Defence Exterior Emulsion,3-6-4,217,165,139
Double Defence Exterior Emulsion,3-6-5,207,144,118
Double Defence Exterior Emulsion,3-6-6,188,117,78
Double Defence Exterior Emulsion,3-6-7,171,103,57
Double Defence Exterior Emulsion,3-8-1,245,239,223
Double Defence Exterior Emulsion,3-8-2,232,216,194
Double Defence Exterior Emulsion,3-8-3,221,191,155
Double Defence Exterior Emulsion,3-8-4,200,161,115
Double Defence Exterior Emulsion,3-8-5,195,142,93
Double Defence Exterior Emulsion,3-8-6,184,129,75
Double Defence Exterior Emulsion,3-8-7,174,120,57
Double Defence Exterior Emulsion,3-9-1,239,233,220
Double Defence Exterior Emulsion,3-9-2,237,222,197
Double Defence Exterior Emulsion,3-9-3,217,193,153
Double Defence Exterior Emulsion,3-9-4,208,173,115
Double Defence Exterior Emulsion,3-9-5,200,157,96
Double Defence Exterior Emulsion,3-9-6,190,144,79
Double Defence Exterior Emulsion,3-9-7,191,138,80
Double Defence Exterior Emulsion,4-10-1,240,234,216
Double Defence Exterior Emulsion,4-10-2,226,216,194
Double Defence Exterior Emulsion,4-10-3,215,196,169
Double Defence Exterior Emulsion,4-10-4,198,175,140
Double Defence Exterior Emulsion,4-10-5,177,153,115
Double Defence Exterior Emulsion,4-10-6,164,134,88
Double Defence Exterior Emulsion,4-10-7,145,105,57
Double Defence Exterior Emulsion,4-11-1,234,226,208
Double Defence Exterior Emulsion,4-11-2,222,212,188
Double Defence Exterior Emulsion,4-11-3,215,199,161
Double Defence Exterior Emulsion,4-11-4,201,182,141
Double Defence Exterior Emulsion,4-11-5,183,163,116
Double Defence Exterior Emulsion,4-11-6,171,145,89
Double Defence Exterior Emulsion,4-11-7,144,111,62
Double Defence Exterior Emulsion,4-13-1,246,239,203
Double Defence Exterior Emulsion,4-13-2,223,216,182
Double Defence Exterior Emulsion,4-13-3,217,207,165
Double Defence Exterior Emulsion,4-13-4,203,190,141
Double Defence Exterior Emulsion,4-13-5,188,173,118
Double Defence Exterior Emulsion,4-13-6,172,152,93
Double Defence Exterior Emulsion,4-13-7,140,116,59
Double Defence Exterior Emulsion,4-14-1,241,236,215
Double Defence Exterior Emulsion,4-14-2,224,220,186
Double Defence Exterior Emulsion,4-14-3,216,209,163
Double Defence Exterior Emulsion,4-14-4,202,194,142
Double Defence Exterior Emulsion,4-14-5,188,178,121
Double Defence Exterior Emulsion,4-14-6,171,159,99
Double Defence Exterior Emulsion,4-14-7,140,119,62
Double Defence Exterior Emulsion,4-15-1,238,235,216
Double Defence Exterior Emulsion,4-15-2,222,222,188
Double Defence Exterior Emulsion,4-15-3,212,209,167
Double Defence Exterior Emulsion,4-15-4,201,195,143
Double Defence Exterior Emulsion,4-15-5,179,175,119
Double Defence Exterior Emulsion,4-15-6,166,157,97
Double Defence Exterior Emulsion,4-15-7,133,119,62
Double Defence Exterior Emulsion,4-17-1,230,235,210
Double Defence Exterior Emulsion,4-17-2,211,219,192
Double Defence Exterior Emulsion,4-17-3,200,207,169
Double Defence Exterior Emulsion,4-17-4,175,187,142
Double Defence Exterior Emulsion,4-17-5,166,175,122
Double Defence Exterior Emulsion,4-17-6,144,153,96
Double Defence Exterior Emulsion,4-17-7,104,115,56
Double Defence Exterior Emulsion,4-19-1,229,237,215
Double Defence Exterior Emulsion,4-19-2,208,217,196
Double Defence Exterior Emulsion,4-19-3,192,206,172
Double Defence Exterior Emulsion,4-19-4,168,184,144
Double Defence Exterior Emulsion,4-19-5,138,163,120
Double Defence Exterior Emulsion,4-19-6,123,145,95
Double Defence Exterior Emulsion,4-19-7,95,111,64
Double Defence Exterior Emulsion,4-20-1,229,236,216
Double Defence Exterior Emulsion,4-20-2,207,219,198
Double Defence Exterior Emulsion,4-20-3,192,206,176
Double Defence Exterior Emulsion,4-20-4,162,183,146
Double Defence Exterior Emulsion,4-20-5,135,162,123
Double Defence Exterior Emulsion,4-20-6,113,141,93
Double Defence Exterior Emulsion,4-20-7,85,111,60
Double Defence Exterior Emulsion,4-2-1,239,222,214
Double Defence Exterior Emulsion,4-2-2,224,197,192
Double Defence Exterior Emulsion,4-2-3,213,174,169
Double Defence Exterior Emulsion,4-23-1,223,235,219
Double Defence Exterior Emulsion,4-23-2,203,219,200
Double Defence Exterior Emulsion,4-23-3,181,201,174
Double Defence Exterior Emulsion,4-23-4,151,179,147
Double Defence Exterior Emulsion,4-23-5,131,157,120
Double Defence Exterior Emulsion,4-23-6,100,136,93
Double Defence Exterior Emulsion,4-23-7,67,99,63
Double Defence Exterior Emulsion,4-2-4,206,156,152
Double Defence Exterior Emulsion,4-24-1,218,231,216
Double Defence Exterior Emulsion,4-24-2,193,213,192
Double Defence Exterior Emulsion,4-24-3,178,200,175
Double Defence Exterior Emulsion,4-24-4,148,180,149
Double Defence Exterior Emulsion,4-24-5,123,158,124
Double Defence Exterior Emulsion,4-24-6,94,133,94
Double Defence Exterior Emulsion,4-24-7,66,104,63
Double Defence Exterior Emulsion,4-2-5,190,124,117
Double Defence Exterior Emulsion,4-2-6,174,103,105
Double Defence Exterior Emulsion,4-26-1,230,237,228
Double Defence Exterior Emulsion,4-26-2,214,229,216
Double Defence Exterior Emulsion,4-26-3,166,193,177
Double Defence Exterior Emulsion,4-26-4,135,176,157
Double Defence Exterior Emulsion,4-26-5,104,149,126
Double Defence Exterior Emulsion,4-26-6,65,121,99
Double Defence Exterior Emulsion,4-26-7,33,92,70
Double Defence Exterior Emulsion,4-2-7,127,71,73
Double Defence Exterior Emulsion,4-27-1,217,232,221
Double Defence Exterior Emulsion,4-27-2,195,216,207
Double Defence Exterior Emulsion,4-27-3,159,191,179
Double Defence Exterior Emulsion,4-27-4,125,169,157
Double Defence Exterior Emulsion,4-27-5,96,146,133
Double Defence Exterior Emulsion,4-27-6,64,121,106
Double Defence Exterior Emulsion,4-27-7,39,88,79
Double Defence Exterior Emulsion,4-29-1,222,234,230
Double Defence Exterior Emulsion,4-29-2,201,222,219
Double Defence Exterior Emulsion,4-29-3,161,201,199
Double Defence Exterior Emulsion,4-29-4,128,174,173
Double Defence Exterior Emulsion,4-29-5,92,148,147
Double Defence Exterior Emulsion,4-29-6,61,116,117
Double Defence Exterior Emulsion,4-29-7,23,90,93
Double Defence Exterior Emulsion,4-30-1,225,236,233
Double Defence Exterior Emulsion,4-30-2,197,219,219
Double Defence Exterior Emulsion,4-30-3,160,194,196
Double Defence Exterior Emulsion,4-30-4,122,169,173
Double Defence Exterior Emulsion,4-30-5,92,146,152
Double Defence Exterior Emulsion,4-30-6,58,116,122
Double Defence Exterior Emulsion,4-33-1,212,222,224
Double Defence Exterior Emulsion,4-33-2,188,205,210
Double Defence Exterior Emulsion,4-33-3,162,192,204
Double Defence Exterior Emulsion,4-33-4,129,166,180
Double Defence Exterior Emulsion,4-33-5,95,139,157
Double Defence Exterior Emulsion,4-33-6,64,110,131
Double Defence Exterior Emulsion,4-35-1,217,225,227
Double Defence Exterior Emulsion,4-35-2,203,212,218
Double Defence Exterior Emulsion,4-35-3,163,184,200
Double Defence Exterior Emulsion,4-35-4,133,158,175
Double Defence Exterior Emulsion,4-35-5,100,132,157
Double Defence Exterior Emulsion,4-35-6,69,101,130
Double Defence Exterior Emulsion,4-37-1,220,228,233
Double Defence Exterior Emulsion,4-37-2,194,203,212
Double Defence Exterior Emulsion,4-37-3,163,178,195
Double Defence Exterior Emulsion,4-37-4,134,147,171
Double Defence Exterior Emulsion,4-37-5,105,120,150
Double Defence Exterior Emulsion,4-37-6,74,91,123
Double Defence Exterior Emulsion,4-39-1,219,219,226
Double Defence Exterior Emulsion,4-39-2,196,199,209
Double Defence Exterior Emulsion,4-39-3,168,175,193
Double Defence Exterior Emulsion,4-39-4,140,145,170
Double Defence Exterior Emulsion,4-39-5,109,116,145
Double Defence Exterior Emulsion,4-39-6,88,89,123
Double Defence Exterior Emulsion,4-40-1,226,228,232
Double Defence Exterior Emulsion,4-40-2,196,200,211
Double Defence Exterior Emulsion,4-40-3,174,174,195
Double Defence Exterior Emulsion,4-40-4,146,148,172
Double Defence Exterior Emulsion,4-40-5,126,122,148
Double Defence Exterior Emulsion,4-40-6,94,88,121
Double Defence Exterior Emulsion,4-4-1,239,225,219
Double Defence Exterior Emulsion,4-41-1,228,226,229
Double Defence Exterior Emulsion,4-41-2,205,201,211
Double Defence Exterior Emulsion,4-41-3,178,172,191
Double Defence Exterior Emulsion,4-41-4,149,146,170
Double Defence Exterior Emulsion,4-41-5,119,117,147
Double Defence Exterior Emulsion,4-41-6,99,88,119
Double Defence Exterior Emulsion,4-4-2,229,206,198
Double Defence Exterior Emulsion,4-4-3,211,179,172
Double Defence Exterior Emulsion,4-43-1,219,214,221
Double Defence Exterior Emulsion,4-43-2,206,201,214
Double Defence Exterior Emulsion,4-43-3,187,179,197
Double Defence Exterior Emulsion,4-43-4,158,146,170
Double Defence Exterior Emulsion,4-43-5,135,120,148
Double Defence Exterior Emulsion,4-43-6,110,91,122
Double Defence Exterior Emulsion,4-4-4,191,151,141
Double Defence Exterior Emulsion,4-4-5,177,128,114
Double Defence Exterior Emulsion,4-4-6,155,102,88
Double Defence Exterior Emulsion,4-4-7,124,72,60
Double Defence Exterior Emulsion,4-47-1,236,226,229
Double Defence Exterior Emulsion,4-47-2,219,205,209
Double Defence Exterior Emulsion,4-47-3,206,174,186
Double Defence Exterior Emulsion,4-47-4,184,145,158
Double Defence Exterior Emulsion,4-47-5,162,121,137
Double Defence Exterior Emulsion,4-47-6,130,84,103
Double Defence Exterior Emulsion,4-47-7,100,58,76
Double Defence Exterior Emulsion,4-48-1,235,218,221
Double Defence Exterior Emulsion,4-48-2,218,197,200
Double Defence Exterior Emulsion,4-48-3,205,178,182
Double Defence Exterior Emulsion,4-48-4,188,152,157
Double Defence Exterior Emulsion,4-48-5,165,123,131
Double Defence Exterior Emulsion,4-48-6,139,90,98
Double Defence Exterior Emulsion,4-48-7,115,59,69
Double Defence Exterior Emulsion,4-49-1,233,226,225
Double Defence Exterior Emulsion,4-49-2,223,205,210
Double Defence Exterior Emulsion,4-49-3,204,178,184
Double Defence Exterior Emulsion,4-49-4,188,149,162
Double Defence Exterior Emulsion,4-49-5,162,124,136
Double Defence Exterior Emulsion,4-49-6,129,89,102
Double Defence Exterior Emulsion,4-49-7,108,56,72
Double Defence Exterior Emulsion,4-50-1,233,220,224
Double Defence Exterior Emulsion,4-50-2,220,201,202
Double Defence Exterior Emulsion,4-50-3,204,177,178
Double Defence Exterior Emulsion,4-50-4,187,151,154
Double Defence Exterior Emulsion,4-50-5,165,122,125
Double Defence Exterior Emulsion,4-50-6,143,92,95
Double Defence Exterior Emulsion,4-50-7,112,60,64
Double Defence Exterior Emulsion,4-6-1,242,226,212
Double Defence Exterior Emulsion,4-6-2,228,209,197
Double Defence Exterior Emulsion,4-6-3,211,183,169
Double Defence Exterior Emulsion,4-6-4,196,161,140
Double Defence Exterior Emulsion,4-6-5,176,132,113
Double Defence Exterior Emulsion,4-6-6,157,106,87
Double Defence Exterior Emulsion,4-6-7,133,79,58
Double Defence Exterior Emulsion,4-7-1,243,229,213
Double Defence Exterior Emulsion,4-7-2,226,206,192
Double Defence Exterior Emulsion,4-7-3,214,187,169
Double Defence Exterior Emulsion,4-7-4,196,165,140
Double Defence Exterior Emulsion,4-7-5,183,140,112
Double Defence Exterior Emulsion,4-7-6,159,109,86
Double Defence Exterior Emulsion,4-7-7,138,87,61
Double Defence Exterior Emulsion,4-9-1,234,222,205
Double Defence Exterior Emulsion,4-9-2,225,215,197
Double Defence Exterior Emulsion,4-9-3,209,193,166
Double Defence Exterior Emulsion,4-9-4,198,173,141
Double Defence Exterior Emulsion,4-9-5,182,151,114
Double Defence Exterior Emulsion,4-9-6,160,121,81
Double Defence Exterior Emulsion,4-9-7,138,102,62
Double Defence Exterior Emulsion,5-10-1,237,229,216
Double Defence Exterior Emulsion,5-10-2,219,209,195
Double Defence Exterior Emulsion,5-10-3,200,186,166
Double Defence Exterior Emulsion,5-10-4,166,151,133
Double Defence Exterior Emulsion,5-10-5,151,126,99
Double Defence Exterior Emulsion,5-10-6,121,100,73
Double Defence Exterior Emulsion,5-10-7,101,88,74
Double Defence Exterior Emulsion,5-1-1,233,213,209
Double Defence Exterior Emulsion,5-11-1,236,229,218
Double Defence Exterior Emulsion,5-11-2,224,216,202
Double Defence Exterior Emulsion,5-11-3,201,187,168
Double Defence Exterior Emulsion,5-11-4,174,158,134
Double Defence Exterior Emulsion,5-11-5,148,130,104
Double Defence Exterior Emulsion,5-11-6,123,102,76
Double Defence Exterior Emulsion,5-11-7,102,89,76
Double Defence Exterior Emulsion,5-1-2,220,206,204
Double Defence Exterior Emulsion,5-12-1,238,234,221
Double Defence Exterior Emulsion,5-12-2,209,204,191
Double Defence Exterior Emulsion,5-12-3,198,192,176
Double Defence Exterior Emulsion,5-12-4,176,170,157
Double Defence Exterior Emulsion,5-12-5,149,142,127
Double Defence Exterior Emulsion,5-12-6,115,107,91
Double Defence Exterior Emulsion,5-12-7,103,93,77
Double Defence Exterior Emulsion,5-1-3,193,173,172
Double Defence Exterior Emulsion,5-13-1,237,232,217
Double Defence Exterior Emulsion,5-13-2,216,212,197
Double Defence Exterior Emulsion,5-13-3,199,187,164
Double Defence Exterior Emulsion,5-13-4,176,163,137
Double Defence Exterior Emulsion,5-13-5,157,140,110
Double Defence Exterior Emulsion,5-13-6,132,113,80
Double Defence Exterior Emulsion,5-13-7,103,90,72
Double Defence Exterior Emulsion,5-1-4,167,139,135
Double Defence Exterior Emulsion,5-14-1,237,230,214
Double Defence Exterior Emulsion,5-14-2,219,212,192
Double Defence Exterior Emulsion,5-14-3,205,197,174
Double Defence Exterior Emulsion,5-14-4,180,169,138
Double Defence Exterior Emulsion,5-14-5,157,142,109
Double Defence Exterior Emulsion,5-14-6,134,117,83
Double Defence Exterior Emulsion,5-14-7,103,92,74
Double Defence Exterior Emulsion,5-1-5,136,106,104
Double Defence Exterior Emulsion,5-15-1,230,227,218
Double Defence Exterior Emulsion,5-15-2,210,206,196
Double Defence Exterior Emulsion,5-15-3,186,182,171
Double Defence Exterior Emulsion,5-15-4,162,161,154
Double Defence Exterior Emulsion,5-15-5,139,137,128
Double Defence Exterior Emulsion,5-15-6,110,107,97
Double Defence Exterior Emulsion,5-15-7,83,79,68
Double Defence Exterior Emulsion,5-1-6,110,76,73
Double Defence Exterior Emulsion,5-16-1,239,234,215
Double Defence Exterior Emulsion,5-16-2,220,219,196
Double Defence Exterior Emulsion,5-16-3,196,194,164
Double Defence Exterior Emulsion,5-16-4,179,174,139
Double Defence Exterior Emulsion,5-16-5,156,148,113
Double Defence Exterior Emulsion,5-16-6,123,115,83
Double Defence Exterior Emulsion,5-16-7,93,89,71
Double Defence Exterior Emulsion,5-1-7,103,63,64
Double Defence Exterior Emulsion,5-17-1,227,228,208
Double Defence Exterior Emulsion,5-17-2,217,219,197
Double Defence Exterior Emulsion,5-17-3,191,195,166
Double Defence Exterior Emulsion,5-17-4,165,169,137
Double Defence Exterior Emulsion,5-17-5,142,144,112
Double Defence Exterior Emulsion,5-17-6,108,109,77
Double Defence Exterior Emulsion,5-17-7,92,96,81
Double Defence Exterior Emulsion,5-18-1,230,236,221
Double Defence Exterior Emulsion,5-18-2,204,210,195
Double Defence Exterior Emulsion,5-18-3,180,191,170
Double Defence Exterior Emulsion,5-18-4,150,162,132
Double Defence Exterior Emulsion,5-18-5,124,136,106
Double Defence Exterior Emulsion,5-18-6,94,102,70
Double Defence Exterior Emulsion,5-18-7,94,100,77
Double Defence Exterior Emulsion,5-19-1,230,236,221
Double Defence Exterior Emulsion,5-19-2,205,213,199
Double Defence Exterior Emulsion,5-19-3,174,186,163
Double Defence Exterior Emulsion,5-19-4,149,161,135
Double Defence Exterior Emulsion,5-19-5,120,134,103
Double Defence Exterior Emulsion,5-19-6,85,93,68
Double Defence Exterior Emulsion,5-19-7,90,95,79
Double Defence Exterior Emulsion,5-20-1,217,216,210
Double Defence Exterior Emulsion,5-20-2,195,197,190
Double Defence Exterior Emulsion,5-20-3,184,186,178
Double Defence Exterior Emulsion,5-20-4,155,158,154
Double Defence Exterior Emulsion,5-20-5,129,134,130
Double Defence Exterior Emulsion,5-20-6,99,103,97
Double Defence Exterior Emulsion,5-20-7,82,83,77
Double Defence Exterior Emulsion,5-2-1,232,218,211
Double Defence Exterior Emulsion,5-21-1,220,229,214
Double Defence Exterior Emulsion,5-21-2,205,212,199
Double Defence Exterior Emulsion,5-21-3,174,187,168
Double Defence Exterior Emulsion,5-21-4,141,158,134
Double Defence Exterior Emulsion,5-21-5,108,128,101
Double Defence Exterior Emulsion,5-21-6,77,91,64
Double Defence Exterior Emulsion,5-21-7,88,94,79
Double Defence Exterior Emulsion,5-2-2,218,205,201
Double Defence Exterior Emulsion,5-22-1,226,234,221
Double Defence Exterior Emulsion,5-22-2,202,211,199
Double Defence Exterior Emulsion,5-22-3,168,181,161
Double Defence Exterior Emulsion,5-22-4,139,157,135
Double Defence Exterior Emulsion,5-22-5,104,123,99
Double Defence Exterior Emulsion,5-22-6,74,90,66
Double Defence Exterior Emulsion,5-22-7,69,85,64
Double Defence Exterior Emulsion,5-2-3,204,169,161
Double Defence Exterior Emulsion,5-23-1,226,233,222
Double Defence Exterior Emulsion,5-23-2,198,209,198
Double Defence Exterior Emulsion,5-23-3,172,187,170
Double Defence Exterior Emulsion,5-23-4,136,157,136
Double Defence Exterior Emulsion,5-23-5,105,126,102
Double Defence Exterior Emulsion,5-23-6,67,89,66
Double Defence Exterior Emulsion,5-23-7,68,79,68
Double Defence Exterior Emulsion,5-2-4,185,147,139
Double Defence Exterior Emulsion,5-24-1,228,235,223
Double Defence Exterior Emulsion,5-24-2,204,217,204
Double Defence Exterior Emulsion,5-24-3,171,187,171
Double Defence Exterior Emulsion,5-24-4,139,158,140
Double Defence Exterior Emulsion,5-24-5,103,127,105
Double Defence Exterior Emulsion,5-24-6,64,92,67
Double Defence Exterior Emulsion,5-24-7,72,83,71
Double Defence Exterior Emulsion,5-2-5,164,125,116
Double Defence Exterior Emulsion,5-25-1,225,232,222
Double Defence Exterior Emulsion,5-25-2,202,215,204
Double Defence Exterior Emulsion,5-25-3,165,185,172
Double Defence Exterior Emulsion,5-25-4,133,156,138
Double Defence Exterior Emulsion,5-25-5,94,123,103
Double Defence Exterior Emulsion,5-25-6,65,89,71
Double Defence Exterior Emulsion,5-25-7,75,88,79
Double Defence Exterior Emulsion,5-2-6,147,109,100
Double Defence Exterior Emulsion,5-26-1,228,236,228
Double Defence Exterior Emulsion,5-26-2,202,215,206
Double Defence Exterior Emulsion,5-26-3,165,187,176
Double Defence Exterior Emulsion,5-26-4,129,157,144
Double Defence Exterior Emulsion,5-26-5,94,124,110
Double Defence Exterior Emulsion,5-26-6,61,92,79
Double Defence Exterior Emulsion,5-26-7,77,92,85
Double Defence Exterior Emulsion,5-2-7,109,76,65
Double Defence Exterior Emulsion,5-27-1,218,229,219
Double Defence Exterior Emulsion,5-27-2,197,212,204
Double Defence Exterior Emulsion,5-27-3,167,191,183
Double Defence Exterior Emulsion,5-27-4,127,155,146
Double Defence Exterior Emulsion,5-27-5,94,126,118
Double Defence Exterior Emulsion,5-27-6,52,93,84
Double Defence Exterior Emulsion,5-27-7,78,95,91
Double Defence Exterior Emulsion,5-29-1,215,217,212
Double Defence Exterior Emulsion,5-29-2,184,191,187
Double Defence Exterior Emulsion,5-29-3,174,181,178
Double Defence Exterior Emulsion,5-29-4,152,160,160
Double Defence Exterior Emulsion,5-29-5,125,133,134
Double Defence Exterior Emulsion,5-29-6,91,99,98
Double Defence Exterior Emulsion,5-29-7,69,75,73
Double Defence Exterior Emulsion,5-3-1,241,230,220
Double Defence Exterior Emulsion,5-31-1,226,234,233
Double Defence Exterior Emulsion,5-31-2,200,212,214
Double Defence Exterior Emulsion,5-31-3,159,180,184
Double Defence Exterior Emulsion,5-31-4,131,156,162
Double Defence Exterior Emulsion,5-31-5,86,120,126
Double Defence Exterior Emulsion,5-31-6,61,93,101
Double Defence Exterior Emulsion,5-31-7,73,91,95
Double Defence Exterior Emulsion,5-3-2,221,206,201
Double Defence Exterior Emulsion,5-3-3,197,174,166
Double Defence Exterior Emulsion,5-3-4,173,143,135
Double Defence Exterior Emulsion,5-34-1,227,230,229
Double Defence Exterior Emulsion,5-34-2,196,205,208
Double Defence Exterior Emulsion,5-34-3,159,175,184
Double Defence Exterior Emulsion,5-34-4,126,147,159
Double Defence Exterior Emulsion,5-34-5,90,113,128
Double Defence Exterior Emulsion,5-34-6,64,77,89
Double Defence Exterior Emulsion,5-34-7,74,85,94
Double Defence Exterior Emulsion,5-3-5,142,110,100
Double Defence Exterior Emulsion,5-3-6,110,76,67
Double Defence Exterior Emulsion,5-36-1,219,225,229
Double Defence Exterior Emulsion,5-36-2,194,201,205
Double Defence Exterior Emulsion,5-36-3,162,171,181
Double Defence Exterior Emulsion,5-36-4,119,133,148
Double Defence Exterior Emulsion,5-36-5,86,99,118
Double Defence Exterior Emulsion,5-3-7,100,85,81
Double Defence Exterior Emulsion,5-37-1,235,234,229
Double Defence Exterior Emulsion,5-37-2,220,222,220
Double Defence Exterior Emulsion,5-37-3,196,200,202
Double Defence Exterior Emulsion,5-37-4,145,153,160
Double Defence Exterior Emulsion,5-37-5,108,115,122
Double Defence Exterior Emulsion,5-37-6,89,95,102
Double Defence Exterior Emulsion,5-37-7,58,58,58
Double Defence Exterior Emulsion,5-38-1,220,226,230
Double Defence Exterior Emulsion,5-38-2,198,203,211
Double Defence Exterior Emulsion,5-38-3,161,167,179
Double Defence Exterior Emulsion,5-38-4,125,129,147
Double Defence Exterior Emulsion,5-38-5,89,93,113
Double Defence Exterior Emulsion,5-39-1,219,220,227
Double Defence Exterior Emulsion,5-39-2,196,195,204
Double Defence Exterior Emulsion,5-39-3,165,166,179
Double Defence Exterior Emulsion,5-39-4,129,130,148
Double Defence Exterior Emulsion,5-39-5,97,94,112
Double Defence Exterior Emulsion,5-39-6,60,59,76
Double Defence Exterior Emulsion,5-39-7,76,71,82
Double Defence Exterior Emulsion,5-40-1,230,227,223
Double Defence Exterior Emulsion,5-40-2,200,203,209
Double Defence Exterior Emulsion,5-40-3,165,164,178
Double Defence Exterior Emulsion,5-40-4,130,128,144
Double Defence Exterior Emulsion,5-40-5,100,94,114
Double Defence Exterior Emulsion,5-40-6,74,71,87
Double Defence Exterior Emulsion,5-40-7,86,87,96
Double Defence Exterior Emulsion,5-4-1,235,224,215
Double Defence Exterior Emulsion,5-41-1,218,217,216
Double Defence Exterior Emulsion,5-41-2,204,203,209
Double Defence Exterior Emulsion,5-41-3,165,161,175
Double Defence Exterior Emulsion,5-41-4,139,134,151
Double Defence Exterior Emulsion,5-41-5,111,100,120
Double Defence Exterior Emulsion,5-41-7,79,70,83
Double Defence Exterior Emulsion,5-4-2,229,213,204
Double Defence Exterior Emulsion,5-42-1,216,214,217
Double Defence Exterior Emulsion,5-42-2,204,198,205
Double Defence Exterior Emulsion,5-42-3,174,166,179
Double Defence Exterior Emulsion,5-42-4,145,133,145
Double Defence Exterior Emulsion,5-42-5,114,102,123
Double Defence Exterior Emulsion,5-42-6,77,65,79
Double Defence Exterior Emulsion,5-42-7,90,84,92
Double Defence Exterior Emulsion,5-4-3,188,161,149
Double Defence Exterior Emulsion,5-43-1,223,213,215
Double Defence Exterior Emulsion,5-43-2,212,205,211
Double Defence Exterior Emulsion,5-43-3,181,172,184
Double Defence Exterior Emulsion,5-43-4,148,134,148
Double Defence Exterior Emulsion,5-43-5,122,103,120
Double Defence Exterior Emulsion,5-43-6,87,71,87
Double Defence Exterior Emulsion,5-43-7,94,85,92
Double Defence Exterior Emulsion,5-4-4,167,128,111
Double Defence Exterior Emulsion,5-4-5,141,103,88
Double Defence Exterior Emulsion,5-45-1,230,224,226
Double Defence Exterior Emulsion,5-45-2,214,206,208
Double Defence Exterior Emulsion,5-45-3,189,173,186
Double Defence Exterior Emulsion,5-45-4,160,141,153
Double Defence Exterior Emulsion,5-45-5,126,113,126
Double Defence Exterior Emulsion,5-45-6,96,79,94
Double Defence Exterior Emulsion,5-45-7,96,84,89
Double Defence Exterior Emulsion,5-4-6,105,79,74
Double Defence Exterior Emulsion,5-46-1,229,225,228
Double Defence Exterior Emulsion,5-46-2,216,204,208
Double Defence Exterior Emulsion,5-46-3,189,174,181
Double Defence Exterior Emulsion,5-46-4,161,141,152
Double Defence Exterior Emulsion,5-46-5,134,115,128
Double Defence Exterior Emulsion,5-46-6,96,78,91
Double Defence Exterior Emulsion,5-46-7,97,83,88
Double Defence Exterior Emulsion,5-4-7,100,84,77
Double Defence Exterior Emulsion,5-48-1,230,223,226
Double Defence Exterior Emulsion,5-48-2,217,207,209
Double Defence Exterior Emulsion,5-48-3,194,177,182
Double Defence Exterior Emulsion,5-48-4,167,143,149
Double Defence Exterior Emulsion,5-48-5,138,113,120
Double Defence Exterior Emulsion,5-48-6,107,79,86
Double Defence Exterior Emulsion,5-48-7,100,84,85
Double Defence Exterior Emulsion,5-50-1,240,230,228
Double Defence Exterior Emulsion,5-50-2,222,208,207
Double Defence Exterior Emulsion,5-50-3,194,175,174
Double Defence Exterior Emulsion,5-50-4,167,143,146
Double Defence Exterior Emulsion,5-50-5,140,105,108
Double Defence Exterior Emulsion,5-50-6,110,76,78
Double Defence Exterior Emulsion,5-50-7,100,83,85
Double Defence Exterior Emulsion,5-5-1,244,226,216
Double Defence Exterior Emulsion,5-5-2,216,201,194
Double Defence Exterior Emulsion,5-5-3,193,170,161
Double Defence Exterior Emulsion,5-5-4,149,128,116
Double Defence Exterior Emulsion,5-5-5,116,89,75
Double Defence Exterior Emulsion,5-5-6,98,74,62
Double Defence Exterior Emulsion,5-5-7,86,70,64
Double Defence Exterior Emulsion,5-6-1,239,230,220
Double Defence Exterior Emulsion,5-6-2,223,212,198
Double Defence Exterior Emulsion,5-6-3,193,174,161
Double Defence Exterior Emulsion,5-6-4,166,143,128
Double Defence Exterior Emulsion,5-6-5,139,111,94
Double Defence Exterior Emulsion,5-6-6,107,76,61
Double Defence Exterior Emulsion,5-6-7,100,85,76
Double Defence Exterior Emulsion,5-9-1,234,220,205
Double Defence Exterior Emulsion,5-9-2,217,208,199
Double Defence Exterior Emulsion,5-9-3,190,176,160
Double Defence Exterior Emulsion,5-9-4,169,150,129
Double Defence Exterior Emulsion,5-9-5,142,117,95
Double Defence Exterior Emulsion,5-9-6,112,87,63
Double Defence Exterior Emulsion,5-9-7,95,82,69
,,,,
,,,,
,,,,
,,,,
,,,,
,,,,
,,,,
,,,,
,,,,
,,,,
,,,,
,,,,
,,,,
,,,,
,,,,
,,,,
,,,,
,,,,
,,,,
,,,,
,,,,
,,,,
,,,,
,,,,
,,,,
,,,,
,,,,
,,,,
,,,,
,,,,
,,,,
,,,,
,,,,
,,,,
,,,,
,,,,
,,,,
,,,,
,,,,
,,,,
,,,,
,,,,
,,,,
,,,,
,,,,
,,,,
,,,,
,,,,
,,,,
,,,,
,,,,
,,,,
,,,,
,,,,
,,,,
,,,,
,,,,
,,,,
,,,,
,,,,
Elega Interior Emulsion,1-10-3,252,221,149
Elega Interior Emulsion,1-10-4,254,213,129
Elega Interior Emulsion,1-11-3,251,224,145
Elega Interior Emulsion,1-12-3,253,231,151
Elega Interior Emulsion,1-12-4,253,221,117
Elega Interior Emulsion,1-15-4,240,233,157
Elega Interior Emulsion,1-16-4,231,235,155
Elega Interior Emulsion,1-17-4,209,230,157
Elega Interior Emulsion,1-21-4,177,220,154
Elega Interior Emulsion,1-24-4,138,207,156
Elega Interior Emulsion,1-26-4,114,205,185
Elega Interior Emulsion,1-26-5,70,189,163
Elega Interior Emulsion,1-28-5,39,183,186
Elega Interior Emulsion,1-30-5,80,189,208
Elega Interior Emulsion,1-30-6,30,161,178
Elega Interior Emulsion,1-32-5,51,165,203
Elega Interior Emulsion,1-32-6,0,151,192
Elega Interior Emulsion,1-33-5,72,174,213
Elega Interior Emulsion,1-33-6,0,146,199
Elega Interior Emulsion,1-3-4,250,159,137
Elega Interior Emulsion,1-34-5,69,151,205
Elega Interior Emulsion,1-36-4,135,162,209
Elega Interior Emulsion,1-38-4,147,156,209
Elega Interior Emulsion,1-40-4,170,158,209
Elega Interior Emulsion,1-42-4,188,157,206
Elega Interior Emulsion,1-42-5,165,128,186
Elega Interior Emulsion,1-43-4,198,159,206
Elega Interior Emulsion,1-43-5,180,129,186
Elega Interior Emulsion,1-45-5,223,141,190
Elega Interior Emulsion,1-50-4,238,155,161
Elega Interior Emulsion,1-8-4,252,201,145
Elega Interior Emulsion,2-15-4,234,228,159
Elega Interior Emulsion,2-18-4,189,220,164
Elega Interior Emulsion,2-21-4,160,206,147
Elega Interior Emulsion,2-23-4,152,204,149
Elega Interior Emulsion,2-24-4,132,201,155
Elega Interior Emulsion,2-2-5,229,131,127
Elega Interior Emulsion,2-25-4,127,195,162
Elega Interior Emulsion,2-27-4,106,194,185
Elega Interior Emulsion,2-32-5,69,152,185
Elega Interior Emulsion,2-37-4,133,152,198
Elega Interior Emulsion,2-39-4,151,148,190
Elega Interior Emulsion,2-41-4,173,148,196
Elega Interior Emulsion,2-43-4,197,156,194
Elega Interior Emulsion,2-43-5,191,132,177
Elega Interior Emulsion,2-4-4,242,174,152
Elega Interior Emulsion,2-44-4,203,154,189
Elega Interior Emulsion,2-46-4,210,151,176
Elega Interior Emulsion,2-6-4,240,177,145
Elega Interior Emulsion,2-8-3,234,192,139
Elega Interior Emulsion,2-9-3,236,196,129
Elega Interior Emulsion,3-11-4,223,203,151
Elega Interior Emulsion,3-12-3,228,212,158
Elega Interior Emulsion,3-12-4,222,201,132
Elega Interior Emulsion,3-13-4,229,213,152
Elega Interior Emulsion,3-13-5,212,194,121
Elega Interior Emulsion,3-14-4,226,216,158
Elega Interior Emulsion,3-1-5,196,125,124
Elega Interior Emulsion,3-15-3,217,210,143
Elega Interior Emulsion,3-15-4,206,198,126
Elega Interior Emulsion,3-16-4,208,209,144
Elega Interior Emulsion,3-16-5,199,196,125
Elega Interior Emulsion,3-17-4,191,204,143
Elega Interior Emulsion,3-17-5,186,194,124
Elega Interior Emulsion,3-18-4,182,200,145
Elega Interior Emulsion,3-20-4,181,210,168
Elega Interior Emulsion,3-20-5,149,185,129
Elega Interior Emulsion,3-22-4,176,206,169
Elega Interior Emulsion,3-22-5,142,181,131
Elega Interior Emulsion,3-24-4,163,203,169
Elega Interior Emulsion,3-25-4,164,205,174
Elega Interior Emulsion,3-26-4,150,199,176
Elega Interior Emulsion,3-26-5,101,170,141
Elega Interior Emulsion,3-33-5,91,149,180
Elega Interior Emulsion,3-35-4,123,163,189
Elega Interior Emulsion,3-35-5,75,127,161
Elega Interior Emulsion,3-36-4,128,155,188
Elega Interior Emulsion,3-39-4,144,147,182
Elega Interior Emulsion,3-43-4,176,147,179
Elega Interior Emulsion,3-44-4,182,148,178
Elega Interior Emulsion,3-4-5,204,140,120
Elega Interior Emulsion,3-45-4,184,146,172
Elega Interior Emulsion,3-47-4,196,154,172
Elega Interior Emulsion,3-48-4,201,143,160
Elega Interior Emulsion,3-50-4,203,152,155
Elega Interior Emulsion,3-6-3,225,178,156
Elega Interior Emulsion,3-6-4,217,165,139
Elega Interior Emulsion,3-6-5,207,144,118
Elega Interior Emulsion,3-8-3,221,191,155
Elega Interior Emulsion,3-9-3,217,193,153
Elega Interior Emulsion,4-10-4,198,175,140
Elega Interior Emulsion,4-11-3,215,199,161
Elega Interior Emulsion,4-11-4,201,182,141
Elega Interior Emulsion,4-13-4,203,190,141
Elega Interior Emulsion,4-14-4,202,194,142
Elega Interior Emulsion,4-15-4,201,195,143
Elega Interior Emulsion,4-17-4,175,187,142
Elega Interior Emulsion,4-19-4,168,184,144
Elega Interior Emulsion,4-20-4,162,183,146
Elega Interior Emulsion,4-23-4,151,179,147
Elega Interior Emulsion,4-2-4,206,156,152
Elega Interior Emulsion,4-24-4,148,180,149
Elega Interior Emulsion,4-2-5,190,124,117
Elega Interior Emulsion,4-26-4,135,176,157
Elega Interior Emulsion,4-27-4,125,169,157
Elega Interior Emulsion,4-27-5,96,146,133
Elega Interior Emulsion,4-29-4,128,174,173
Elega Interior Emulsion,4-29-5,92,148,147
Elega Interior Emulsion,4-30-4,122,169,173
Elega Interior Emulsion,4-30-5,92,146,152
Elega Interior Emulsion,4-33-5,95,139,157
Elega Interior Emulsion,4-35-4,133,158,175
Elega Interior Emulsion,4-35-5,100,132,157
Elega Interior Emulsion,4-37-4,134,147,171
Elega Interior Emulsion,4-39-4,140,145,170
Elega Interior Emulsion,4-40-4,146,148,172
Elega Interior Emulsion,4-40-5,126,122,148
Elega Interior Emulsion,4-41-4,149,146,170
Elega Interior Emulsion,4-43-4,158,146,170
Elega Interior Emulsion,4-4-3,211,179,172
Elega Interior Emulsion,4-4-5,177,128,114
Elega Interior Emulsion,4-47-4,184,145,158
Elega Interior Emulsion,4-47-5,162,121,137
Elega Interior Emulsion,4-48-4,188,152,157
Elega Interior Emulsion,4-48-5,165,123,131
Elega Interior Emulsion,4-49-4,188,149,162
Elega Interior Emulsion,4-49-5,162,124,136
Elega Interior Emulsion,4-50-4,187,151,154
Elega Interior Emulsion,4-50-5,165,122,125
Elega Interior Emulsion,4-6-4,196,161,140
Elega Interior Emulsion,4-7-4,196,165,140
Elega Interior Emulsion,4-9-4,198,173,141
Elega Interior Emulsion,5-10-4,166,151,133
Elega Interior Emulsion,5-11-4,174,158,134
Elega Interior Emulsion,5-12-4,176,170,157
Elega Interior Emulsion,5-12-5,149,142,127
Elega Interior Emulsion,5-13-3,199,187,164
Elega Interior Emulsion,5-13-4,176,163,137
Elega Interior Emulsion,5-1-4,167,139,135
Elega Interior Emulsion,5-14-4,180,169,138
Elega Interior Emulsion,5-15-4,162,161,154
Elega Interior Emulsion,5-15-5,139,137,128
Elega Interior Emulsion,5-16-3,196,194,164
Elega Interior Emulsion,5-16-4,179,174,139
Elega Interior Emulsion,5-17-4,165,169,137
Elega Interior Emulsion,5-18-4,150,162,132
Elega Interior Emulsion,5-19-3,174,186,163
Elega Interior Emulsion,5-19-4,149,161,135
Elega Interior Emulsion,5-20-4,155,158,154
Elega Interior Emulsion,5-20-5,129,134,130
Elega Interior Emulsion,5-21-3,174,187,168
Elega Interior Emulsion,5-21-4,141,158,134
Elega Interior Emulsion,5-22-3,168,181,161
Elega Interior Emulsion,5-22-4,139,157,135
Elega Interior Emulsion,5-23-4,136,157,136
Elega Interior Emulsion,5-2-4,185,147,139
Elega Interior Emulsion,5-24-3,171,187,171
Elega Interior Emulsion,5-24-4,139,158,140
Elega Interior Emulsion,5-25-4,133,156,138
Elega Interior Emulsion,5-26-4,129,157,144
Elega Interior Emulsion,5-27-4,127,155,146
Elega Interior Emulsion,5-29-4,152,160,160
Elega Interior Emulsion,5-29-5,125,133,134
Elega Interior Emulsion,5-31-4,131,156,162
Elega Interior Emulsion,5-3-4,173,143,135
Elega Interior Emulsion,5-34-4,126,147,159
Elega Interior Emulsion,5-34-5,90,113,128
Elega Interior Emulsion,5-36-4,119,133,148
Elega Interior Emulsion,5-37-4,145,153,160
Elega Interior Emulsion,5-38-4,125,129,147
Elega Interior Emulsion,5-39-4,129,130,148
Elega Interior Emulsion,5-40-4,130,128,144
Elega Interior Emulsion,5-41-3,165,161,175
Elega Interior Emulsion,5-41-4,139,134,151
Elega Interior Emulsion,5-42-4,145,133,145
Elega Interior Emulsion,5-4-3,188,161,149
Elega Interior Emulsion,5-43-3,181,172,184
Elega Interior Emulsion,5-43-4,148,134,148
Elega Interior Emulsion,5-45-4,160,141,153
Elega Interior Emulsion,5-46-4,161,141,152
Elega Interior Emulsion,5-48-4,167,143,149
Elega Interior Emulsion,5-48-5,138,113,120
Elega Interior Emulsion,5-50-4,167,143,146
Elega Interior Emulsion,5-5-3,193,170,161
Elega Interior Emulsion,5-5-4,149,128,116
Elega Interior Emulsion,5-6-3,193,174,161
Elega Interior Emulsion,5-6-4,166,143,128
Elega Interior Emulsion,5-9-3,190,176,160
Elega Interior Emulsion,5-9-4,169,150,129
Elega Interior Emulsion,1-10-6,249,188,62
Elega Interior Emulsion,1-10-7,244,172,41
Elega Interior Emulsion,1-11-6,253,192,64
Elega Interior Emulsion,1-12-6,252,209,33
Elega Interior Emulsion,1-15-6,242,218,81
Elega Interior Emulsion,1-15-7,229,204,75
Elega Interior Emulsion,1-16-6,204,207,56
Elega Interior Emulsion,1-16-7,190,196,34
Elega Interior Emulsion,1-17-6,172,204,73
Elega Interior Emulsion,1-17-7,152,184,50
Elega Interior Emulsion,1-19-6,135,193,75
Elega Interior Emulsion,1-19-7,116,177,54
Elega Interior Emulsion,1-21-6,112,186,79
Elega Interior Emulsion,1-21-7,100,169,64
Elega Interior Emulsion,1-24-7,37,159,94
Elega Interior Emulsion,2-15-7,201,169,40
Elega Interior Emulsion,2-18-6,138,174,74
Elega Interior Emulsion,2-20-6,117,171,83
Elega Interior Emulsion,2-20-7,89,150,55
Elega Interior Emulsion,2-21-7,76,146,61
Elega Interior Emulsion,2-23-6,79,155,86
Elega Interior Emulsion,2-24-6,51,151,92
Elega Interior Emulsion,2-25-7,0,127,89
Elega Interior Emulsion,2-6-7,209,121,72
Elega Interior Emulsion,3-24-6,74,139,90
Elega Interior Emulsion,3-26-7,8,109,76
Elega Interior Emulsion,5-17-6,108,109,77
Elega Interior Emulsion,5-18-6,94,102,70
Elega Interior Emulsion,1-1-7,208,75,78
Elega Interior Emulsion,1-3-7,214,75,60
Elega Interior Emulsion,2-2-7,190,88,87
Elega Interior Emulsion,4-2-7,127,71,73
Elega Interior Emulsion,4-49-6,129,89,102
Elega Interior Emulsion,4-50-6,143,92,95
Elega Interior Emulsion,5-1-6,110,76,73
Elega Interior Emulsion,5-46-7,97,83,88
Elega Interior Emulsion,5-48-6,107,79,86
Elega Interior Emulsion,5-50-6,110,76,78
Elega Interior Emulsion,5-50-7,100,83,85
Elega Interior Emulsion,1-10-1,240,233,207
Elega Interior Emulsion,1-1-1,248,226,222
Elega Interior Emulsion,1-11-1,240,234,207
Elega Interior Emulsion,1-1-2,246,208,204
Elega Interior Emulsion,1-12-1,240,237,208
Elega Interior Emulsion,1-15-1,235,234,214
Elega Interior Emulsion,1-15-2,236,238,190
Elega Interior Emulsion,1-16-1,237,240,213
Elega Interior Emulsion,1-16-2,230,239,205
Elega Interior Emulsion,1-17-1,238,240,226
Elega Interior Emulsion,1-17-2,236,240,209
Elega Interior Emulsion,1-19-1,218,235,207
Elega Interior Emulsion,1-21-1,214,236,208
Elega Interior Emulsion,1-21-2,205,228,195
Elega Interior Emulsion,1-24-1,223,232,220
Elega Interior Emulsion,1-24-2,206,236,216
Elega Interior Emulsion,1-26-1,227,240,232
Elega Interior Emulsion,1-26-2,198,233,221
Elega Interior Emulsion,1-28-1,226,232,230
Elega Interior Emulsion,1-28-2,198,230,231
Elega Interior Emulsion,1-28-3,156,223,220
Elega Interior Emulsion,1-30-1,224,238,234
Elega Interior Emulsion,1-30-2,194,225,225
Elega Interior Emulsion,1-30-3,158,219,228
Elega Interior Emulsion,1-3-1,244,231,224
Elega Interior Emulsion,1-3-2,246,207,202
Elega Interior Emulsion,1-32-1,218,235,234
Elega Interior Emulsion,1-32-2,195,224,230
Elega Interior Emulsion,1-32-3,156,211,229
Elega Interior Emulsion,1-33-1,217,233,234
Elega Interior Emulsion,1-33-2,186,219,229
Elega Interior Emulsion,1-33-3,158,210,234
Elega Interior Emulsion,1-34-1,215,231,234
Elega Interior Emulsion,1-34-2,191,216,229
Elega Interior Emulsion,1-36-1,224,231,233
Elega Interior Emulsion,1-36-2,198,213,226
Elega Interior Emulsion,1-38-1,210,216,229
Elega Interior Emulsion,1-38-2,202,211,232
Elega Interior Emulsion,1-40-1,224,223,234
Elega Interior Emulsion,1-40-2,204,201,228
Elega Interior Emulsion,1-42-1,229,220,227
Elega Interior Emulsion,1-42-2,220,210,227
Elega Interior Emulsion,1-43-1,234,227,230
Elega Interior Emulsion,1-43-2,223,212,229
Elega Interior Emulsion,1-45-1,245,239,237
Elega Interior Emulsion,1-45-2,238,221,230
Elega Interior Emulsion,1-45-3,231,197,221
Elega Interior Emulsion,1-47-1,236,226,227
Elega Interior Emulsion,1-47-2,245,230,231
Elega Interior Emulsion,1-48-2,238,225,225
Elega Interior Emulsion,1-50-1,242,231,233
Elega Interior Emulsion,1-50-2,247,213,216
Elega Interior Emulsion,1-5-1,241,233,225
Elega Interior Emulsion,1-5-2,248,215,197
Elega Interior Emulsion,1-7-1,246,234,217
Elega Interior Emulsion,1-7-2,243,219,195
Elega Interior Emulsion,1-8-1,245,231,212
Elega Interior Emulsion,1-8-2,247,228,198
Elega Interior Emulsion,2-15-1,245,241,216
Elega Interior Emulsion,2-15-2,237,236,200
Elega Interior Emulsion,2-18-1,228,236,212
Elega Interior Emulsion,2-18-2,223,237,203
Elega Interior Emulsion,2-20-1,231,240,205
Elega Interior Emulsion,2-2-1,250,237,231
Elega Interior Emulsion,2-21-1,225,236,209
Elega Interior Emulsion,2-21-2,213,233,207
Elega Interior Emulsion,2-2-2,234,207,198
Elega Interior Emulsion,2-23-1,226,237,222
Elega Interior Emulsion,2-23-2,215,235,215
Elega Interior Emulsion,2-24-1,221,234,215
Elega Interior Emulsion,2-24-2,217,236,217
Elega Interior Emulsion,2-25-1,216,235,221
Elega Interior Emulsion,2-25-2,209,235,221
Elega Interior Emulsion,2-27-1,209,227,227
Elega Interior Emulsion,2-27-2,199,231,227
Elega Interior Emulsion,2-29-1,218,235,233
Elega Interior Emulsion,2-29-2,210,231,230
Elega Interior Emulsion,2-29-3,157,213,217
Elega Interior Emulsion,2-32-1,211,221,221
Elega Interior Emulsion,2-32-2,184,215,225
Elega Interior Emulsion,2-32-3,151,203,219
Elega Interior Emulsion,2-37-1,216,222,232
Elega Interior Emulsion,2-37-2,204,211,224
Elega Interior Emulsion,2-39-1,232,231,232
Elega Interior Emulsion,2-39-2,213,215,228
Elega Interior Emulsion,2-4-1,247,234,221
Elega Interior Emulsion,2-41-1,227,220,228
Elega Interior Emulsion,2-41-2,216,209,222
Elega Interior Emulsion,2-4-2,246,221,207
Elega Interior Emulsion,2-43-1,235,217,228
Elega Interior Emulsion,2-43-2,224,200,218
Elega Interior Emulsion,2-44-1,241,223,232
Elega Interior Emulsion,2-44-2,231,211,222
Elega Interior Emulsion,2-46-1,242,225,228
Elega Interior Emulsion,2-46-2,235,212,220
Elega Interior Emulsion,2-6-1,244,236,220
Elega Interior Emulsion,2-6-2,243,224,206
Elega Interior Emulsion,2-8-1,246,235,212
Elega Interior Emulsion,2-9-1,241,234,215
Elega Interior Emulsion,3-1-1,241,228,225
Elega Interior Emulsion,3-11-1,238,230,212
Elega Interior Emulsion,3-1-2,244,226,223
Elega Interior Emulsion,3-12-1,237,232,209
Elega Interior Emulsion,3-12-2,231,222,189
Elega Interior Emulsion,3-1-3,234,205,203
Elega Interior Emulsion,3-13-1,240,236,212
Elega Interior Emulsion,3-14-1,238,237,211
Elega Interior Emulsion,3-14-2,225,224,187
Elega Interior Emulsion,3-15-1,234,234,212
Elega Interior Emulsion,3-16-1,240,240,220
Elega Interior Emulsion,3-16-2,236,239,205
Elega Interior Emulsion,3-17-1,231,236,194
Elega Interior Emulsion,3-17-2,220,228,195
Elega Interior Emulsion,3-18-1,231,235,218
Elega Interior Emulsion,3-18-2,217,228,196
Elega Interior Emulsion,3-20-1,231,240,222
Elega Interior Emulsion,3-20-2,224,234,217
Elega Interior Emulsion,3-22-1,232,238,222
Elega Interior Emulsion,3-22-2,219,231,216
Elega Interior Emulsion,3-24-1,217,235,212
Elega Interior Emulsion,3-24-2,212,230,209
Elega Interior Emulsion,3-25-1,224,238,224
Elega Interior Emulsion,3-25-2,217,231,218
Elega Interior Emulsion,3-25-3,208,227,210
Elega Interior Emulsion,3-26-1,225,236,226
Elega Interior Emulsion,3-26-2,216,231,220
Elega Interior Emulsion,3-26-3,192,219,206
Elega Interior Emulsion,3-30-1,220,236,232
Elega Interior Emulsion,3-30-2,191,222,224
Elega Interior Emulsion,3-33-1,212,228,229
Elega Interior Emulsion,3-33-2,189,213,223
Elega Interior Emulsion,3-35-1,225,232,232
Elega Interior Emulsion,3-35-2,210,227,235
Elega Interior Emulsion,3-36-1,210,217,220
Elega Interior Emulsion,3-36-2,196,213,224
Elega Interior Emulsion,3-36-3,170,190,208
Elega Interior Emulsion,3-39-1,212,219,227
Elega Interior Emulsion,3-39-2,197,202,220
Elega Interior Emulsion,3-4-1,243,228,215
Elega Interior Emulsion,3-41-1,218,219,228
Elega Interior Emulsion,3-41-2,204,200,215
Elega Interior Emulsion,3-4-2,235,209,197
Elega Interior Emulsion,3-43-1,234,230,233
Elega Interior Emulsion,3-44-1,233,225,227
Elega Interior Emulsion,3-44-2,226,214,222
Elega Interior Emulsion,3-45-1,238,228,229
Elega Interior Emulsion,3-47-1,232,220,224
Elega Interior Emulsion,3-47-2,233,209,216
Elega Interior Emulsion,3-48-1,242,224,227
Elega Interior Emulsion,3-48-2,232,207,214
Elega Interior Emulsion,3-50-1,240,228,228
Elega Interior Emulsion,3-50-2,230,204,205
Elega Interior Emulsion,3-50-3,226,188,191
Elega Interior Emulsion,3-6-1,247,229,213
Elega Interior Emulsion,3-6-2,232,207,190
Elega Interior Emulsion,3-8-1,245,239,223
Elega Interior Emulsion,3-8-2,232,216,194
Elega Interior Emulsion,3-9-1,239,233,220
Elega Interior Emulsion,3-9-2,237,222,197
Elega Interior Emulsion,4-10-1,240,234,216
Elega Interior Emulsion,4-10-2,226,216,194
Elega Interior Emulsion,4-11-1,234,226,208
Elega Interior Emulsion,4-11-2,222,212,188
Elega Interior Emulsion,4-13-1,246,239,203
Elega Interior Emulsion,4-14-1,241,236,215
Elega Interior Emulsion,4-14-3,216,209,163
Elega Interior Emulsion,4-15-1,238,235,216
Elega Interior Emulsion,4-15-2,222,222,188
Elega Interior Emulsion,4-17-1,230,235,210
Elega Interior Emulsion,4-17-2,211,219,192
Elega Interior Emulsion,4-19-1,229,237,215
Elega Interior Emulsion,4-19-2,208,217,196
Elega Interior Emulsion,4-20-1,229,236,216
Elega Interior Emulsion,4-20-2,207,219,198
Elega Interior Emulsion,4-2-1,239,222,214
Elega Interior Emulsion,4-2-2,224,197,192
Elega Interior Emulsion,4-23-1,223,235,219
Elega Interior Emulsion,4-23-2,203,219,200
Elega Interior Emulsion,4-24-1,218,231,216
Elega Interior Emulsion,4-26-1,230,237,228
Elega Interior Emulsion,4-26-2,214,229,216
Elega Interior Emulsion,4-27-1,217,232,221
Elega Interior Emulsion,4-27-2,195,216,207
Elega Interior Emulsion,4-29-1,222,234,230
Elega Interior Emulsion,4-29-2,201,222,219
Elega Interior Emulsion,4-30-1,225,236,233
Elega Interior Emulsion,4-30-2,197,219,219
Elega Interior Emulsion,4-33-1,212,222,224
Elega Interior Emulsion,4-33-2,188,205,210
Elega Interior Emulsion,4-35-1,217,225,227
Elega Interior Emulsion,4-35-2,203,212,218
Elega Interior Emulsion,4-37-1,220,228,233
Elega Interior Emulsion,4-39-1,219,219,226
Elega Interior Emulsion,4-40-1,226,228,232
Elega Interior Emulsion,4-40-2,196,200,211
Elega Interior Emulsion,4-4-1,239,225,219
Elega Interior Emulsion,4-41-1,228,226,229
Elega Interior Emulsion,4-41-2,205,201,211
Elega Interior Emulsion,4-4-2,229,206,198
Elega Interior Emulsion,4-43-1,219,214,221
Elega Interior Emulsion,4-47-1,236,226,229
Elega Interior Emulsion,4-47-2,219,205,209
Elega Interior Emulsion,4-48-1,235,218,221
Elega Interior Emulsion,4-48-2,218,197,200
Elega Interior Emulsion,4-49-1,233,226,225
Elega Interior Emulsion,4-49-2,223,205,210
Elega Interior Emulsion,4-50-1,233,220,224
Elega Interior Emulsion,4-50-2,220,201,202
Elega Interior Emulsion,4-6-1,242,226,212
Elega Interior Emulsion,4-6-2,228,209,197
Elega Interior Emulsion,4-7-2,226,206,192
Elega Interior Emulsion,4-9-1,234,222,205
Elega Interior Emulsion,4-9-2,225,215,197
Elega Interior Emulsion,5-10-1,237,229,216
Elega Interior Emulsion,5-10-2,219,209,195
Elega Interior Emulsion,5-1-1,233,213,209
Elega Interior Emulsion,5-11-1,236,229,218
Elega Interior Emulsion,5-11-2,224,216,202
Elega Interior Emulsion,5-1-2,220,206,204
Elega Interior Emulsion,5-12-1,238,234,221
Elega Interior Emulsion,5-12-2,209,204,191
Elega Interior Emulsion,5-13-1,237,232,217
Elega Interior Emulsion,5-13-2,216,212,197
Elega Interior Emulsion,5-14-1,237,230,214
Elega Interior Emulsion,5-14-2,219,212,192
Elega Interior Emulsion,5-15-1,230,227,218
Elega Interior Emulsion,5-15-2,210,206,196
Elega Interior Emulsion,5-16-1,239,234,215
Elega Interior Emulsion,5-16-2,220,219,196
Elega Interior Emulsion,5-17-1,227,228,208
Elega Interior Emulsion,5-17-2,217,219,197
Elega Interior Emulsion,5-18-1,230,236,221
Elega Interior Emulsion,5-18-2,204,210,195
Elega Interior Emulsion,5-19-1,230,236,221
Elega Interior Emulsion,5-19-2,205,213,199
Elega Interior Emulsion,5-20-1,217,216,210
Elega Interior Emulsion,5-2-1,232,218,211
Elega Interior Emulsion,5-21-1,220,229,214
Elega Interior Emulsion,5-21-2,205,212,199
Elega Interior Emulsion,5-2-2,218,205,201
Elega Interior Emulsion,5-22-1,226,234,221
Elega Interior Emulsion,5-22-2,202,211,199
Elega Interior Emulsion,5-23-1,226,233,222
Elega Interior Emulsion,5-23-2,198,209,198
Elega Interior Emulsion,5-24-1,228,235,223
Elega Interior Emulsion,5-24-2,204,217,204
Elega Interior Emulsion,5-25-1,225,232,222
Elega Interior Emulsion,5-25-2,202,215,204
Elega Interior Emulsion,5-26-1,228,236,228
Elega Interior Emulsion,5-26-2,202,215,206
Elega Interior Emulsion,5-27-1,218,229,219
Elega Interior Emulsion,5-27-2,197,212,204
Elega Interior Emulsion,5-29-1,215,217,212
Elega Interior Emulsion,5-3-1,241,230,220
Elega Interior Emulsion,5-31-1,226,234,233
Elega Interior Emulsion,5-31-2,200,212,214
Elega Interior Emulsion,5-3-2,221,206,201
Elega Interior Emulsion,5-34-1,227,230,229
Elega Interior Emulsion,5-34-2,196,205,208
Elega Interior Emulsion,5-36-1,219,225,229
Elega Interior Emulsion,5-36-2,194,201,205
Elega Interior Emulsion,5-37-1,235,234,229
Elega Interior Emulsion,5-37-2,220,222,220
Elega Interior Emulsion,5-38-1,220,226,230
Elega Interior Emulsion,5-38-2,198,203,211
Elega Interior Emulsion,5-39-1,219,220,227
Elega Interior Emulsion,5-40-1,230,227,223
Elega Interior Emulsion,5-40-2,200,203,209
Elega Interior Emulsion,5-4-1,235,224,215
Elega Interior Emulsion,5-41-1,218,217,216
Elega Interior Emulsion,5-41-2,204,203,209
Elega Interior Emulsion,5-4-2,229,213,204
Elega Interior Emulsion,5-42-1,216,214,217
Elega Interior Emulsion,5-42-2,204,198,205
Elega Interior Emulsion,5-43-1,223,213,215
Elega Interior Emulsion,5-45-1,230,224,226
Elega Interior Emulsion,5-45-2,214,206,208
Elega Interior Emulsion,5-46-1,229,225,228
Elega Interior Emulsion,5-46-2,216,204,208
Elega Interior Emulsion,5-48-1,230,223,226
Elega Interior Emulsion,5-48-2,217,207,209
Elega Interior Emulsion,5-50-1,240,230,228
Elega Interior Emulsion,5-50-2,222,208,207
Elega Interior Emulsion,5-5-1,244,226,216
Elega Interior Emulsion,5-5-2,216,201,194
Elega Interior Emulsion,5-6-2,223,212,198
Elega Interior Emulsion,5-9-1,234,220,205
Elega Interior Emulsion,5-9-2,217,208,199
Elega Interior Emulsion,1-10-5,254,206,105
Elega Interior Emulsion,1-11-4,252,214,104
Elega Interior Emulsion,1-11-5,252,209,103
Elega Interior Emulsion,1-11-7,245,174,27
Elega Interior Emulsion,1-12-5,245,215,109
Elega Interior Emulsion,1-12-7,249,190,1
Elega Interior Emulsion,1-1-4,249,153,148
Elega Interior Emulsion,1-1-5,247,131,123
Elega Interior Emulsion,1-15-5,234,229,115
Elega Interior Emulsion,1-1-6,228,99,99
Elega Interior Emulsion,1-16-5,220,224,111
Elega Interior Emulsion,1-17-5,192,217,116
Elega Interior Emulsion,1-19-4,188,223,151
Elega Interior Emulsion,1-19-5,148,203,104
Elega Interior Emulsion,1-21-5,137,203,113
Elega Interior Emulsion,1-24-5,93,190,130
Elega Interior Emulsion,1-24-6,67,177,111
Elega Interior Emulsion,1-26-6,0,172,147
Elega Interior Emulsion,1-26-7,0,159,133
Elega Interior Emulsion,1-28-6,0,167,171
Elega Interior Emulsion,1-28-7,0,148,151
Elega Interior Emulsion,1-30-7,0,146,171
Elega Interior Emulsion,1-32-7,0,133,169
Elega Interior Emulsion,1-33-7,0,126,177
Elega Interior Emulsion,1-34-6,40,138,198
Elega Interior Emulsion,1-34-7,0,114,173
Elega Interior Emulsion,1-3-5,244,142,114
Elega Interior Emulsion,1-3-6,230,100,70
Elega Interior Emulsion,1-36-5,97,136,194
Elega Interior Emulsion,1-36-6,80,114,181
Elega Interior Emulsion,1-36-7,57,94,160
Elega Interior Emulsion,1-38-5,122,126,192
Elega Interior Emulsion,1-38-6,110,111,177
Elega Interior Emulsion,1-38-7,86,88,154
Elega Interior Emulsion,1-40-5,142,125,190
Elega Interior Emulsion,1-40-6,127,102,171
Elega Interior Emulsion,1-40-7,118,95,162
Elega Interior Emulsion,1-42-6,154,111,170
Elega Interior Emulsion,1-42-7,136,91,149
Elega Interior Emulsion,1-43-6,172,112,174
Elega Interior Emulsion,1-43-7,158,96,158
Elega Interior Emulsion,1-45-6,203,106,165
Elega Interior Emulsion,1-45-7,191,79,139
Elega Interior Emulsion,1-47-5,217,122,163
Elega Interior Emulsion,1-47-6,201,101,146
Elega Interior Emulsion,1-47-7,180,73,119
Elega Interior Emulsion,1-48-5,221,124,157
Elega Interior Emulsion,1-48-6,212,102,138
Elega Interior Emulsion,1-48-7,194,77,113
Elega Interior Emulsion,1-50-5,237,128,143
Elega Interior Emulsion,1-50-6,229,108,127
Elega Interior Emulsion,1-50-7,208,93,111
Elega Interior Emulsion,1-5-5,251,168,129
Elega Interior Emulsion,1-5-6,249,135,94
Elega Interior Emulsion,1-5-7,236,120,79
Elega Interior Emulsion,1-7-5,254,175,109
Elega Interior Emulsion,1-7-6,249,146,58
Elega Interior Emulsion,1-7-7,238,129,44
Elega Interior Emulsion,1-8-5,252,185,113
Elega Interior Emulsion,1-8-6,252,166,67
Elega Interior Emulsion,1-8-7,240,149,43
Elega Interior Emulsion,2-15-5,221,209,120
Elega Interior Emulsion,2-15-6,208,192,85
Elega Interior Emulsion,2-18-5,165,201,112
Elega Interior Emulsion,2-18-7,123,159,51
Elega Interior Emulsion,2-20-4,149,198,120
Elega Interior Emulsion,2-20-5,133,184,106
Elega Interior Emulsion,2-21-5,123,182,107
Elega Interior Emulsion,2-21-6,106,166,88
Elega Interior Emulsion,2-23-5,105,177,112
Elega Interior Emulsion,2-23-7,59,137,61
Elega Interior Emulsion,2-24-5,91,169,120
Elega Interior Emulsion,2-24-7,14,127,70
Elega Interior Emulsion,2-25-5,75,167,134
Elega Interior Emulsion,2-25-6,30,145,107
Elega Interior Emulsion,2-2-6,223,109,108
Elega Interior Emulsion,2-27-5,23,164,150
Elega Interior Emulsion,2-27-6,0,144,134
Elega Interior Emulsion,2-27-7,0,121,116
Elega Interior Emulsion,2-29-5,53,160,171
Elega Interior Emulsion,2-29-6,0,143,157
Elega Interior Emulsion,2-29-7,0,124,135
Elega Interior Emulsion,2-32-6,0,124,159
Elega Interior Emulsion,2-32-7,0,109,146
Elega Interior Emulsion,2-37-5,97,113,169
Elega Interior Emulsion,2-37-6,80,95,156
Elega Interior Emulsion,2-37-7,59,73,130
Elega Interior Emulsion,2-39-5,118,111,168
Elega Interior Emulsion,2-39-6,104,93,152
Elega Interior Emulsion,2-39-7,85,72,129
Elega Interior Emulsion,2-41-5,139,113,166
Elega Interior Emulsion,2-41-6,122,93,148
Elega Interior Emulsion,2-41-7,109,77,131
Elega Interior Emulsion,2-43-6,159,90,142
Elega Interior Emulsion,2-43-7,139,67,118
Elega Interior Emulsion,2-44-5,180,116,162
Elega Interior Emulsion,2-44-6,162,88,135
Elega Interior Emulsion,2-44-7,152,64,111
Elega Interior Emulsion,2-4-5,225,139,114
Elega Interior Emulsion,2-4-6,195,92,80
Elega Interior Emulsion,2-46-5,185,111,146
Elega Interior Emulsion,2-46-6,173,79,117
Elega Interior Emulsion,2-46-7,156,52,92
Elega Interior Emulsion,2-4-7,182,79,58
Elega Interior Emulsion,2-6-5,230,155,116
Elega Interior Emulsion,2-8-4,233,175,113
Elega Interior Emulsion,2-8-5,225,158,92
Elega Interior Emulsion,2-8-6,218,140,75
Elega Interior Emulsion,2-8-7,205,124,55
Elega Interior Emulsion,2-9-4,228,183,115
Elega Interior Emulsion,2-9-5,222,171,98
Elega Interior Emulsion,2-9-6,223,162,78
Elega Interior Emulsion,2-9-7,205,136,53
Elega Interior Emulsion,3-11-5,209,181,115
Elega Interior Emulsion,3-11-6,187,152,71
Elega Interior Emulsion,3-11-7,175,132,57
Elega Interior Emulsion,3-12-5,205,180,108
Elega Interior Emulsion,3-12-6,198,163,82
Elega Interior Emulsion,3-12-7,169,132,60
Elega Interior Emulsion,3-13-6,199,172,83
Elega Interior Emulsion,3-13-7,175,145,54
Elega Interior Emulsion,3-14-5,213,198,125
Elega Interior Emulsion,3-14-6,189,172,89
Elega Interior Emulsion,3-14-7,158,134,59
Elega Interior Emulsion,3-15-5,204,189,106
Elega Interior Emulsion,3-15-6,181,168,89
Elega Interior Emulsion,3-15-7,152,136,57
Elega Interior Emulsion,3-16-6,173,166,88
Elega Interior Emulsion,3-16-7,147,140,55
Elega Interior Emulsion,3-1-7,156,60,60
Elega Interior Emulsion,3-17-6,158,169,88
Elega Interior Emulsion,3-17-7,125,134,58
Elega Interior Emulsion,3-18-5,156,175,108
Elega Interior Emulsion,3-18-6,137,162,83
Elega Interior Emulsion,3-18-7,115,136,59
Elega Interior Emulsion,3-20-6,115,152,82
Elega Interior Emulsion,3-20-7,96,132,61
Elega Interior Emulsion,3-22-6,100,144,81
Elega Interior Emulsion,3-22-7,80,123,63
Elega Interior Emulsion,3-24-5,124,173,134
Elega Interior Emulsion,3-24-7,54,115,66
Elega Interior Emulsion,3-25-5,111,172,134
Elega Interior Emulsion,3-25-6,61,136,89
Elega Interior Emulsion,3-25-7,46,102,66
Elega Interior Emulsion,3-26-6,49,131,99
Elega Interior Emulsion,3-30-5,67,145,153
Elega Interior Emulsion,3-30-6,29,126,137
Elega Interior Emulsion,3-30-7,0,98,110
Elega Interior Emulsion,3-33-6,41,110,151
Elega Interior Emulsion,3-33-7,25,86,121
Elega Interior Emulsion,3-35-6,37,108,150
Elega Interior Emulsion,3-35-7,26,84,123
Elega Interior Emulsion,3-36-5,85,114,150
Elega Interior Emulsion,3-36-6,61,95,139
Elega Interior Emulsion,3-36-7,43,72,122
Elega Interior Emulsion,3-39-5,104,106,148
Elega Interior Emulsion,3-39-6,84,85,131
Elega Interior Emulsion,3-39-7,67,65,112
Elega Interior Emulsion,3-41-6,99,83,127
Elega Interior Emulsion,3-41-7,85,67,112
Elega Interior Emulsion,3-43-5,144,109,149
Elega Interior Emulsion,3-43-6,130,84,126
Elega Interior Emulsion,3-43-7,109,63,109
Elega Interior Emulsion,3-44-5,157,104,142
Elega Interior Emulsion,3-44-6,131,85,123
Elega Interior Emulsion,3-44-7,117,62,103
Elega Interior Emulsion,3-45-5,161,108,141
Elega Interior Emulsion,3-45-6,135,82,118
Elega Interior Emulsion,3-45-7,124,61,96
Elega Interior Emulsion,3-4-6,172,98,81
Elega Interior Emulsion,3-4-7,154,80,58
Elega Interior Emulsion,3-47-5,169,102,128
Elega Interior Emulsion,3-47-6,151,82,112
Elega Interior Emulsion,3-47-7,126,63,88
Elega Interior Emulsion,3-48-5,172,101,121
Elega Interior Emulsion,3-48-6,145,77,101
Elega Interior Emulsion,3-48-7,134,57,80
Elega Interior Emulsion,3-50-5,176,107,114
Elega Interior Emulsion,3-50-6,161,79,89
Elega Interior Emulsion,3-50-7,143,59,71
Elega Interior Emulsion,3-6-6,188,117,78
Elega Interior Emulsion,3-6-7,171,103,57
Elega Interior Emulsion,3-8-4,200,161,115
Elega Interior Emulsion,3-8-5,195,142,93
Elega Interior Emulsion,3-8-6,184,129,75
Elega Interior Emulsion,3-8-7,174,120,57
Elega Interior Emulsion,3-9-4,208,173,115
Elega Interior Emulsion,3-9-5,200,157,96
Elega Interior Emulsion,3-9-6,190,144,79
Elega Interior Emulsion,3-9-7,191,138,80
Elega Interior Emulsion,4-10-5,177,153,115
Elega Interior Emulsion,4-10-6,164,134,88
Elega Interior Emulsion,4-10-7,145,105,57
Elega Interior Emulsion,4-11-5,183,163,116
Elega Interior Emulsion,4-11-6,171,145,89
Elega Interior Emulsion,4-11-7,144,111,62
Elega Interior Emulsion,4-13-5,188,173,118
Elega Interior Emulsion,4-13-6,172,152,93
Elega Interior Emulsion,4-13-7,140,116,59
Elega Interior Emulsion,4-14-5,188,178,121
Elega Interior Emulsion,4-14-6,171,159,99
Elega Interior Emulsion,4-14-7,140,119,62
Elega Interior Emulsion,4-15-5,179,175,119
Elega Interior Emulsion,4-15-6,166,157,97
Elega Interior Emulsion,4-15-7,133,119,62
Elega Interior Emulsion,4-17-5,166,175,122
Elega Interior Emulsion,4-17-6,144,153,96
Elega Interior Emulsion,4-17-7,104,115,56
Elega Interior Emulsion,4-19-5,138,163,120
Elega Interior Emulsion,4-19-6,123,145,95
Elega Interior Emulsion,4-19-7,95,111,64
Elega Interior Emulsion,4-20-5,135,162,123
Elega Interior Emulsion,4-20-6,113,141,93
Elega Interior Emulsion,4-20-7,85,111,60
Elega Interior Emulsion,4-23-5,131,157,120
Elega Interior Emulsion,4-23-6,100,136,93
Elega Interior Emulsion,4-23-7,67,99,63
Elega Interior Emulsion,4-24-5,123,158,124
Elega Interior Emulsion,4-24-6,94,133,94
Elega Interior Emulsion,4-24-7,66,104,63
Elega Interior Emulsion,4-2-6,174,103,105
Elega Interior Emulsion,4-26-5,104,149,126
Elega Interior Emulsion,4-26-6,65,121,99
Elega Interior Emulsion,4-26-7,33,92,70
Elega Interior Emulsion,4-27-6,64,121,106
Elega Interior Emulsion,4-27-7,39,88,79
Elega Interior Emulsion,4-29-6,61,116,117
Elega Interior Emulsion,4-29-7,23,90,93
Elega Interior Emulsion,4-30-6,58,116,122
Elega Interior Emulsion,4-30-7,0,93,95
Elega Interior Emulsion,4-33-6,64,110,131
Elega Interior Emulsion,4-33-7,36,76,98
Elega Interior Emulsion,4-35-6,69,101,130
Elega Interior Emulsion,4-35-7,41,72,105
Elega Interior Emulsion,4-37-5,105,120,150
Elega Interior Emulsion,4-37-6,74,91,123
Elega Interior Emulsion,4-37-7,53,63,91
Elega Interior Emulsion,4-39-5,109,116,145
Elega Interior Emulsion,4-39-6,88,89,123
Elega Interior Emulsion,4-39-7,57,60,90
Elega Interior Emulsion,4-40-6,94,88,121
Elega Interior Emulsion,4-40-7,67,63,102
Elega Interior Emulsion,4-41-5,119,117,147
Elega Interior Emulsion,4-41-6,99,88,119
Elega Interior Emulsion,4-41-7,70,63,92
Elega Interior Emulsion,4-43-5,135,120,148
Elega Interior Emulsion,4-43-6,110,91,122
Elega Interior Emulsion,4-43-7,83,63,94
Elega Interior Emulsion,4-4-6,155,102,88
Elega Interior Emulsion,4-4-7,124,72,60
Elega Interior Emulsion,4-47-6,130,84,103
Elega Interior Emulsion,4-47-7,100,58,76
Elega Interior Emulsion,4-48-6,139,90,98
Elega Interior Emulsion,4-48-7,115,59,69
Elega Interior Emulsion,4-49-7,108,56,72
Elega Interior Emulsion,4-50-7,112,60,64
Elega Interior Emulsion,4-6-5,176,132,113
Elega Interior Emulsion,4-6-6,157,106,87
Elega Interior Emulsion,4-6-7,133,79,58
Elega Interior Emulsion,4-7-5,183,140,112
Elega Interior Emulsion,4-7-6,159,109,86
Elega Interior Emulsion,4-7-7,138,87,61
Elega Interior Emulsion,4-9-5,182,151,114
Elega Interior Emulsion,4-9-6,160,121,81
Elega Interior Emulsion,4-9-7,138,102,62
Elega Interior Emulsion,5-10-5,151,126,99
Elega Interior Emulsion,5-10-6,121,100,73
Elega Interior Emulsion,5-10-7,101,88,74
Elega Interior Emulsion,5-11-5,148,130,104
Elega Interior Emulsion,5-11-6,123,102,76
Elega Interior Emulsion,5-11-7,102,89,76
Elega Interior Emulsion,5-12-6,115,107,91
Elega Interior Emulsion,5-12-7,103,93,77
Elega Interior Emulsion,5-13-5,157,140,110
Elega Interior Emulsion,5-13-6,132,113,80
Elega Interior Emulsion,5-13-7,103,90,72
Elega Interior Emulsion,5-14-5,157,142,109
Elega Interior Emulsion,5-14-6,134,117,83
Elega Interior Emulsion,5-14-7,103,92,74
Elega Interior Emulsion,5-1-5,136,106,104
Elega Interior Emulsion,5-15-6,110,107,97
Elega Interior Emulsion,5-15-7,83,79,68
Elega Interior Emulsion,5-16-5,156,148,113
Elega Interior Emulsion,5-16-6,123,115,83
Elega Interior Emulsion,5-16-7,93,89,71
Elega Interior Emulsion,5-1-7,103,63,64
Elega Interior Emulsion,5-17-5,142,144,112
Elega Interior Emulsion,5-17-7,92,96,81
Elega Interior Emulsion,5-18-5,124,136,106
Elega Interior Emulsion,5-18-7,94,100,77
Elega Interior Emulsion,5-19-5,120,134,103
Elega Interior Emulsion,5-19-6,85,93,68
Elega Interior Emulsion,5-19-7,90,95,79
Elega Interior Emulsion,5-20-6,99,103,97
Elega Interior Emulsion,5-20-7,82,83,77
Elega Interior Emulsion,5-21-5,108,128,101
Elega Interior Emulsion,5-21-6,77,91,64
Elega Interior Emulsion,5-21-7,88,94,79
Elega Interior Emulsion,5-22-5,104,123,99
Elega Interior Emulsion,5-22-6,74,90,66
Elega Interior Emulsion,5-22-7,69,85,64
Elega Interior Emulsion,5-23-5,105,126,102
Elega Interior Emulsion,5-23-6,67,89,66
Elega Interior Emulsion,5-23-7,68,79,68
Elega Interior Emulsion,5-24-5,103,127,105
Elega Interior Emulsion,5-24-6,64,92,67
Elega Interior Emulsion,5-24-7,72,83,71
Elega Interior Emulsion,5-2-5,164,125,116
Elega Interior Emulsion,5-25-5,94,123,103
Elega Interior Emulsion,5-25-6,65,89,71
Elega Interior Emulsion,5-25-7,75,88,79
Elega Interior Emulsion,5-2-6,147,109,100
Elega Interior Emulsion,5-26-5,94,124,110
Elega Interior Emulsion,5-26-6,61,92,79
Elega Interior Emulsion,5-26-7,77,92,85
Elega Interior Emulsion,5-2-7,109,76,65
Elega Interior Emulsion,5-27-5,94,126,118
Elega Interior Emulsion,5-27-6,52,93,84
Elega Interior Emulsion,5-27-7,78,95,91
Elega Interior Emulsion,5-29-6,91,99,98
Elega Interior Emulsion,5-29-7,69,75,73
Elega Interior Emulsion,5-31-5,86,120,126
Elega Interior Emulsion,5-31-6,61,93,101
Elega Interior Emulsion,5-31-7,73,91,95
Elega Interior Emulsion,5-34-6,64,77,89
Elega Interior Emulsion,5-34-7,74,85,94
Elega Interior Emulsion,5-3-5,142,110,100
Elega Interior Emulsion,5-3-6,110,76,67
Elega Interior Emulsion,5-36-5,86,99,118
Elega Interior Emulsion,5-36-6,54,66,83
Elega Interior Emulsion,5-36-7,49,66,87
Elega Interior Emulsion,5-3-7,100,85,81
Elega Interior Emulsion,5-37-5,108,115,122
Elega Interior Emulsion,5-37-6,89,95,102
Elega Interior Emulsion,5-37-7,58,58,58
Elega Interior Emulsion,5-38-5,89,93,113
Elega Interior Emulsion,5-38-6,56,61,79
Elega Interior Emulsion,5-38-7,68,71,83
Elega Interior Emulsion,5-39-5,97,94,112
Elega Interior Emulsion,5-39-6,60,59,76
Elega Interior Emulsion,5-39-7,76,71,82
Elega Interior Emulsion,5-40-5,100,94,114
Elega Interior Emulsion,5-40-6,74,71,87
Elega Interior Emulsion,5-40-7,86,87,96
Elega Interior Emulsion,5-41-5,111,100,120
Elega Interior Emulsion,5-41-6,76,65,88
Elega Interior Emulsion,5-41-7,79,70,83
Elega Interior Emulsion,5-42-5,114,102,123
Elega Interior Emulsion,5-42-6,77,65,79
Elega Interior Emulsion,5-42-7,90,84,92
Elega Interior Emulsion,5-43-5,122,103,120
Elega Interior Emulsion,5-43-6,87,71,87
Elega Interior Emulsion,5-43-7,94,85,92
Elega Interior Emulsion,5-4-4,167,128,111
Elega Interior Emulsion,5-4-5,141,103,88
Elega Interior Emulsion,5-45-5,126,113,126
Elega Interior Emulsion,5-45-6,96,79,94
Elega Interior Emulsion,5-45-7,96,84,89
Elega Interior Emulsion,5-4-6,105,79,74
Elega Interior Emulsion,5-46-5,134,115,128
Elega Interior Emulsion,5-46-6,96,78,91
Elega Interior Emulsion,5-4-7,100,84,77
Elega Interior Emulsion,5-48-7,100,84,85
Elega Interior Emulsion,5-50-5,140,105,108
Elega Interior Emulsion,5-5-5,116,89,75
Elega Interior Emulsion,5-5-6,98,74,62
Elega Interior Emulsion,5-5-7,86,70,64
Elega Interior Emulsion,5-6-5,139,111,94
Elega Interior Emulsion,5-6-6,107,76,61
Elega Interior Emulsion,5-6-7,100,85,76
Elega Interior Emulsion,5-9-5,142,117,95
Elega Interior Emulsion,5-9-6,112,87,63
Elega Interior Emulsion,5-9-7,95,82,69
Elega Interior Emulsion,1-10-2,247,229,174
Elega Interior Emulsion,1-11-2,247,233,180
Elega Interior Emulsion,1-12-2,249,235,179
Elega Interior Emulsion,1-1-3,250,183,175
Elega Interior Emulsion,1-16-3,230,237,184
Elega Interior Emulsion,1-17-3,223,237,190
Elega Interior Emulsion,1-19-2,208,227,191
Elega Interior Emulsion,1-19-3,197,228,175
Elega Interior Emulsion,1-21-3,196,230,182
Elega Interior Emulsion,1-24-3,177,225,184
Elega Interior Emulsion,1-26-3,164,226,208
Elega Interior Emulsion,1-28-4,119,208,208
Elega Interior Emulsion,1-30-4,108,201,214
Elega Interior Emulsion,1-32-4,116,194,221
Elega Interior Emulsion,1-33-4,133,198,226
Elega Interior Emulsion,1-34-3,162,203,229
Elega Interior Emulsion,1-34-4,116,179,219
Elega Interior Emulsion,1-36-3,166,192,226
Elega Interior Emulsion,1-38-3,173,184,221
Elega Interior Emulsion,1-40-3,190,185,219
Elega Interior Emulsion,1-42-3,213,187,223
Elega Interior Emulsion,1-43-3,212,184,216
Elega Interior Emulsion,1-45-4,231,172,210
Elega Interior Emulsion,1-47-3,242,199,216
Elega Interior Emulsion,1-47-4,236,168,199
Elega Interior Emulsion,1-48-3,240,181,197
Elega Interior Emulsion,1-48-4,233,161,184
Elega Interior Emulsion,1-50-3,248,187,191
Elega Interior Emulsion,1-5-3,250,203,182
Elega Interior Emulsion,1-7-3,253,206,172
Elega Interior Emulsion,1-7-4,254,192,149
Elega Interior Emulsion,1-8-3,251,216,169
Elega Interior Emulsion,2-15-3,241,232,176
Elega Interior Emulsion,2-18-3,214,229,193
Elega Interior Emulsion,2-20-2,211,229,192
Elega Interior Emulsion,2-20-3,193,224,182
Elega Interior Emulsion,2-21-3,197,224,187
Elega Interior Emulsion,2-2-3,237,203,189
Elega Interior Emulsion,2-23-3,181,221,183
Elega Interior Emulsion,2-2-4,239,180,175
Elega Interior Emulsion,2-24-3,172,220,188
Elega Interior Emulsion,2-25-3,173,218,191
Elega Interior Emulsion,2-27-3,158,210,202
Elega Interior Emulsion,2-29-4,108,191,199
Elega Interior Emulsion,2-32-4,107,182,209
Elega Interior Emulsion,2-37-3,167,185,216
Elega Interior Emulsion,2-39-3,181,181,213
Elega Interior Emulsion,2-41-3,191,180,212
Elega Interior Emulsion,2-4-3,238,201,187
Elega Interior Emulsion,2-43-3,215,179,209
Elega Interior Emulsion,2-44-3,224,187,213
Elega Interior Emulsion,2-46-3,225,176,197
Elega Interior Emulsion,2-6-3,243,199,170
Elega Interior Emulsion,2-8-2,241,206,165
Elega Interior Emulsion,2-9-2,237,212,164
Elega Interior Emulsion,3-11-2,234,221,189
Elega Interior Emulsion,3-11-3,231,216,175
Elega Interior Emulsion,3-13-2,234,223,185
Elega Interior Emulsion,3-13-3,230,222,174
Elega Interior Emulsion,3-1-4,214,161,160
Elega Interior Emulsion,3-14-3,227,220,167
Elega Interior Emulsion,3-15-2,221,221,169
Elega Interior Emulsion,3-16-3,221,224,178
Elega Interior Emulsion,3-17-3,212,223,180
Elega Interior Emulsion,3-18-3,205,216,177
Elega Interior Emulsion,3-20-3,191,214,179
Elega Interior Emulsion,3-22-3,190,215,186
Elega Interior Emulsion,3-24-3,186,217,190
Elega Interior Emulsion,3-30-3,166,207,211
Elega Interior Emulsion,3-30-4,120,183,190
Elega Interior Emulsion,3-33-3,167,199,216
Elega Interior Emulsion,3-33-4,140,180,203
Elega Interior Emulsion,3-35-3,169,197,213
Elega Interior Emulsion,3-39-3,173,180,201
Elega Interior Emulsion,3-41-3,189,184,208
Elega Interior Emulsion,3-41-4,169,164,195
Elega Interior Emulsion,3-4-3,233,191,177
Elega Interior Emulsion,3-43-2,215,203,215
Elega Interior Emulsion,3-43-3,201,183,205
Elega Interior Emulsion,3-4-4,220,171,157
Elega Interior Emulsion,3-44-3,206,180,203
Elega Interior Emulsion,3-45-2,217,194,204
Elega Interior Emulsion,3-45-3,221,189,206
Elega Interior Emulsion,3-47-3,224,188,201
Elega Interior Emulsion,3-48-3,221,180,193
Elega Interior Emulsion,4-10-3,215,196,169
Elega Interior Emulsion,4-13-2,223,216,182
Elega Interior Emulsion,4-13-3,217,207,165
Elega Interior Emulsion,4-14-2,224,220,186
Elega Interior Emulsion,4-15-3,212,209,167
Elega Interior Emulsion,4-17-3,200,207,169
Elega Interior Emulsion,4-19-3,192,206,172
Elega Interior Emulsion,4-20-3,192,206,176
Elega Interior Emulsion,4-2-3,213,174,169
Elega Interior Emulsion,4-23-3,181,201,174
Elega Interior Emulsion,4-24-2,193,213,192
Elega Interior Emulsion,4-24-3,178,200,175
Elega Interior Emulsion,4-26-3,166,193,177
Elega Interior Emulsion,4-27-3,159,191,179
Elega Interior Emulsion,4-29-3,161,201,199
Elega Interior Emulsion,4-30-3,160,194,196
Elega Interior Emulsion,4-33-3,162,192,204
Elega Interior Emulsion,4-33-4,129,166,180
Elega Interior Emulsion,4-37-2,194,203,212
Elega Interior Emulsion,4-37-3,163,178,195
Elega Interior Emulsion,4-39-3,168,175,193
Elega Interior Emulsion,4-40-3,174,174,195
Elega Interior Emulsion,4-41-3,178,172,191
Elega Interior Emulsion,4-43-2,206,201,214
Elega Interior Emulsion,4-43-3,187,179,197
Elega Interior Emulsion,4-47-3,206,174,186
Elega Interior Emulsion,4-48-3,205,178,182
Elega Interior Emulsion,4-49-3,204,178,184
Elega Interior Emulsion,4-50-3,204,177,178
Elega Interior Emulsion,4-6-3,211,183,169
Elega Interior Emulsion,4-7-1,243,229,213
Elega Interior Emulsion,4-7-3,214,187,169
Elega Interior Emulsion,4-9-3,209,193,166
Elega Interior Emulsion,5-10-3,200,186,166
Elega Interior Emulsion,5-11-3,201,187,168
Elega Interior Emulsion,5-12-3,198,192,176
Elega Interior Emulsion,5-1-3,193,173,172
Elega Interior Emulsion,5-14-3,205,197,174
Elega Interior Emulsion,5-15-3,186,182,171
Elega Interior Emulsion,5-17-3,191,195,166
Elega Interior Emulsion,5-18-3,180,191,170
Elega Interior Emulsion,5-20-2,195,197,190
Elega Interior Emulsion,5-20-3,184,186,178
Elega Interior Emulsion,5-2-3,204,169,161
Elega Interior Emulsion,5-23-3,172,187,170
Elega Interior Emulsion,5-25-3,165,185,172
Elega Interior Emulsion,5-26-3,165,187,176
Elega Interior Emulsion,5-27-3,167,191,183
Elega Interior Emulsion,5-29-2,184,191,187
Elega Interior Emulsion,5-29-3,174,181,178
Elega Interior Emulsion,5-31-3,159,180,184
Elega Interior Emulsion,5-3-3,197,174,166
Elega Interior Emulsion,5-34-3,159,175,184
Elega Interior Emulsion,5-36-3,162,171,181
Elega Interior Emulsion,5-37-3,196,200,202
Elega Interior Emulsion,5-38-3,161,167,179
Elega Interior Emulsion,5-39-2,196,195,204
Elega Interior Emulsion,5-39-3,165,166,179
Elega Interior Emulsion,5-40-3,165,164,178
Elega Interior Emulsion,5-42-3,174,166,179
Elega Interior Emulsion,5-43-2,212,205,211
Elega Interior Emulsion,5-45-3,189,173,186
Elega Interior Emulsion,5-46-3,189,174,181
Elega Interior Emulsion,5-48-3,194,177,182
Elega Interior Emulsion,5-50-3,194,175,174
Elega Interior Emulsion,5-6-1,239,230,220
,,,,
,,,,
,,,,
,,,,
,,,,
,,,,
,,,,
,,,,
,,,,
,,,,
,,,,
,,,,
,,,,
,,,,
,,,,
,,,,
,,,,
,,,,
,,,,
,,,,
,,,,
,,,,
,,,,
,,,,
,,,,
,,,,
,,,,
,,,,
,,,,
,,,,
,,,,
,,,,
,,,,
,,,,
,,,,
,,,,
,,,,
,,,,
,,,,
,,,,
,,,,
,,,,
,,,,
,,,,
,,,,
,,,,
,,,,
,,,,
,,,,
,,,,
,,,,
,,,,
,,,,
,,,,
,,,,
,,,,
New Barpimo Interior Emulsion,1-1-1,248,226,222
New Barpimo Interior Emulsion,1-1-2,246,208,204
New Barpimo Interior Emulsion,1-1-3,250,183,175
New Barpimo Interior Emulsion,1-1-6,228,99,99
New Barpimo Interior Emulsion,3-1-1,241,228,225
New Barpimo Interior Emulsion,3-1-2,244,226,223
New Barpimo Interior Emulsion,3-1-3,234,205,203
New Barpimo Interior Emulsion,3-1-4,214,161,160
New Barpimo Interior Emulsion,3-1-5,196,125,124
New Barpimo Interior Emulsion,3-1-6,168,83,81
New Barpimo Interior Emulsion,5-1-1,233,213,209
New Barpimo Interior Emulsion,5-1-2,220,206,204
New Barpimo Interior Emulsion,5-1-3,193,173,172
New Barpimo Interior Emulsion,5-1-4,167,139,135
New Barpimo Interior Emulsion,5-1-5,136,106,104
New Barpimo Interior Emulsion,2-2-1,250,237,231
New Barpimo Interior Emulsion,2-2-2,234,207,198
New Barpimo Interior Emulsion,2-2-3,237,203,189
New Barpimo Interior Emulsion,2-2-4,239,180,175
New Barpimo Interior Emulsion,2-2-5,229,131,127
New Barpimo Interior Emulsion,2-2-6,223,109,108
New Barpimo Interior Emulsion,2-2-7,190,88,87
New Barpimo Interior Emulsion,4-2-1,239,222,214
New Barpimo Interior Emulsion,4-2-2,224,197,192
New Barpimo Interior Emulsion,4-2-3,213,174,169
New Barpimo Interior Emulsion,4-2-4,206,156,152
New Barpimo Interior Emulsion,4-2-5,190,124,117
New Barpimo Interior Emulsion,4-2-6,174,103,105
New Barpimo Interior Emulsion,5-2-1,232,218,211
New Barpimo Interior Emulsion,5-2-2,218,205,201
New Barpimo Interior Emulsion,5-2-3,204,169,161
New Barpimo Interior Emulsion,5-2-4,185,147,139
New Barpimo Interior Emulsion,5-2-5,164,125,116
New Barpimo Interior Emulsion,5-2-6,147,109,100
New Barpimo Interior Emulsion,1-3-1,244,231,224
New Barpimo Interior Emulsion,1-3-2,246,207,202
New Barpimo Interior Emulsion,1-3-3,252,183,166
New Barpimo Interior Emulsion,1-3-4,250,159,137
New Barpimo Interior Emulsion,1-3-5,244,142,114
New Barpimo Interior Emulsion,5-3-1,241,230,220
New Barpimo Interior Emulsion,5-3-2,221,206,201
New Barpimo Interior Emulsion,5-3-3,197,174,166
New Barpimo Interior Emulsion,5-3-4,173,143,135
New Barpimo Interior Emulsion,5-3-5,142,110,100
New Barpimo Interior Emulsion,2-4-1,247,234,221
New Barpimo Interior Emulsion,2-4-2,246,221,207
New Barpimo Interior Emulsion,2-4-3,238,201,187
New Barpimo Interior Emulsion,2-4-4,242,174,152
New Barpimo Interior Emulsion,2-4-5,225,139,114
New Barpimo Interior Emulsion,3-4-1,243,228,215
New Barpimo Interior Emulsion,3-4-2,235,209,197
New Barpimo Interior Emulsion,3-4-3,233,191,177
New Barpimo Interior Emulsion,3-4-4,220,171,157
New Barpimo Interior Emulsion,3-4-5,204,140,120
New Barpimo Interior Emulsion,3-4-6,172,98,81
New Barpimo Interior Emulsion,4-4-1,239,225,219
New Barpimo Interior Emulsion,4-4-2,229,206,198
New Barpimo Interior Emulsion,4-4-3,211,179,172
New Barpimo Interior Emulsion,4-4-4,191,151,141
New Barpimo Interior Emulsion,4-4-5,177,128,114
New Barpimo Interior Emulsion,4-4-6,155,102,88
New Barpimo Interior Emulsion,5-4-1,235,224,215
New Barpimo Interior Emulsion,5-4-2,229,213,204
New Barpimo Interior Emulsion,5-4-3,188,161,149
New Barpimo Interior Emulsion,5-4-4,167,128,111
New Barpimo Interior Emulsion,5-4-5,141,103,88
New Barpimo Interior Emulsion,1-5-1,241,233,225
New Barpimo Interior Emulsion,1-5-2,248,215,197
New Barpimo Interior Emulsion,1-5-4,251,186,160
New Barpimo Interior Emulsion,1-5-5,251,168,129
New Barpimo Interior Emulsion,1-5-7,236,120,79
New Barpimo Interior Emulsion,5-5-1,244,226,216
New Barpimo Interior Emulsion,5-5-2,216,201,194
New Barpimo Interior Emulsion,5-5-3,193,170,161
New Barpimo Interior Emulsion,5-5-4,149,128,116
New Barpimo Interior Emulsion,2-6-1,244,236,220
New Barpimo Interior Emulsion,2-6-2,243,224,206
New Barpimo Interior Emulsion,2-6-3,243,199,170
New Barpimo Interior Emulsion,2-6-4,240,177,145
New Barpimo Interior Emulsion,2-6-5,230,155,116
New Barpimo Interior Emulsion,2-6-6,227,136,95
New Barpimo Interior Emulsion,2-6-7,209,121,72
New Barpimo Interior Emulsion,3-6-1,247,229,213
New Barpimo Interior Emulsion,3-6-2,232,207,190
New Barpimo Interior Emulsion,3-6-3,225,178,156
New Barpimo Interior Emulsion,3-6-4,217,165,139
New Barpimo Interior Emulsion,3-6-5,207,144,118
New Barpimo Interior Emulsion,3-6-6,188,117,78
New Barpimo Interior Emulsion,4-6-1,242,226,212
New Barpimo Interior Emulsion,4-6-2,228,209,197
New Barpimo Interior Emulsion,4-6-3,211,183,169
New Barpimo Interior Emulsion,4-6-4,196,161,140
New Barpimo Interior Emulsion,4-6-5,176,132,113
New Barpimo Interior Emulsion,4-6-6,157,106,87
New Barpimo Interior Emulsion,5-6-1,239,230,220
New Barpimo Interior Emulsion,5-6-2,223,212,198
New Barpimo Interior Emulsion,5-6-3,193,174,161
New Barpimo Interior Emulsion,5-6-4,166,143,128
New Barpimo Interior Emulsion,5-6-5,139,111,94
New Barpimo Interior Emulsion,1-7-1,246,234,217
New Barpimo Interior Emulsion,1-7-2,243,219,195
New Barpimo Interior Emulsion,1-7-3,253,206,172
New Barpimo Interior Emulsion,1-7-4,254,192,149
New Barpimo Interior Emulsion,1-7-5,254,175,109
New Barpimo Interior Emulsion,1-7-6,249,146,58
New Barpimo Interior Emulsion,4-7-1,243,229,213
New Barpimo Interior Emulsion,4-7-2,226,206,192
New Barpimo Interior Emulsion,4-7-3,214,187,169
New Barpimo Interior Emulsion,4-7-4,196,165,140
New Barpimo Interior Emulsion,4-7-5,183,140,112
New Barpimo Interior Emulsion,4-7-6,159,109,86
New Barpimo Interior Emulsion,1-8-1,245,231,212
New Barpimo Interior Emulsion,1-8-2,247,228,198
New Barpimo Interior Emulsion,1-8-3,251,216,169
New Barpimo Interior Emulsion,1-8-4,252,201,145
New Barpimo Interior Emulsion,1-8-5,252,185,113
New Barpimo Interior Emulsion,1-8-6,252,166,67
New Barpimo Interior Emulsion,2-8-1,246,235,212
New Barpimo Interior Emulsion,2-8-2,241,206,165
New Barpimo Interior Emulsion,2-8-3,234,192,139
New Barpimo Interior Emulsion,2-8-4,233,175,113
New Barpimo Interior Emulsion,2-8-5,225,158,92
New Barpimo Interior Emulsion,2-8-6,218,140,75
New Barpimo Interior Emulsion,3-8-1,245,239,223
New Barpimo Interior Emulsion,3-8-2,232,216,194
New Barpimo Interior Emulsion,3-8-3,221,191,155
New Barpimo Interior Emulsion,3-8-4,200,161,115
New Barpimo Interior Emulsion,3-8-5,195,142,93
New Barpimo Interior Emulsion,3-8-6,184,129,75
New Barpimo Interior Emulsion,2-9-1,241,234,215
New Barpimo Interior Emulsion,2-9-2,237,212,164
New Barpimo Interior Emulsion,2-9-3,236,196,129
New Barpimo Interior Emulsion,2-9-4,228,183,115
New Barpimo Interior Emulsion,2-9-6,223,162,78
New Barpimo Interior Emulsion,3-9-1,239,233,220
New Barpimo Interior Emulsion,3-9-2,237,222,197
New Barpimo Interior Emulsion,3-9-3,217,193,153
New Barpimo Interior Emulsion,3-9-4,208,173,115
New Barpimo Interior Emulsion,3-9-5,200,157,96
New Barpimo Interior Emulsion,3-9-6,190,144,79
New Barpimo Interior Emulsion,3-9-7,191,138,80
New Barpimo Interior Emulsion,4-9-1,234,222,205
New Barpimo Interior Emulsion,4-9-2,225,215,197
New Barpimo Interior Emulsion,4-9-3,209,193,166
New Barpimo Interior Emulsion,4-9-4,198,173,141
New Barpimo Interior Emulsion,4-9-5,182,151,114
New Barpimo Interior Emulsion,4-9-6,160,121,81
New Barpimo Interior Emulsion,5-9-1,234,220,205
New Barpimo Interior Emulsion,5-9-2,217,208,199
New Barpimo Interior Emulsion,5-9-3,190,176,160
New Barpimo Interior Emulsion,5-9-4,169,150,129
New Barpimo Interior Emulsion,5-9-5,142,117,95
New Barpimo Interior Emulsion,1-10-1,240,233,207
New Barpimo Interior Emulsion,1-10-2,247,229,174
New Barpimo Interior Emulsion,1-10-3,252,221,149
New Barpimo Interior Emulsion,1-10-4,254,213,129
New Barpimo Interior Emulsion,1-10-5,254,206,105
New Barpimo Interior Emulsion,1-10-6,249,188,62
New Barpimo Interior Emulsion,4-10-1,240,234,216
New Barpimo Interior Emulsion,4-10-2,226,216,194
New Barpimo Interior Emulsion,4-10-3,215,196,169
New Barpimo Interior Emulsion,4-10-4,198,175,140
New Barpimo Interior Emulsion,4-10-5,177,153,115
New Barpimo Interior Emulsion,4-10-6,164,134,88
New Barpimo Interior Emulsion,5-10-1,237,229,216
New Barpimo Interior Emulsion,5-10-2,219,209,195
New Barpimo Interior Emulsion,5-10-3,200,186,166
New Barpimo Interior Emulsion,5-10-4,166,151,133
New Barpimo Interior Emulsion,5-10-5,151,126,99
New Barpimo Interior Emulsion,1-11-1,240,234,207
New Barpimo Interior Emulsion,1-11-2,247,233,180
New Barpimo Interior Emulsion,1-11-3,251,224,145
New Barpimo Interior Emulsion,1-11-4,252,214,104
New Barpimo Interior Emulsion,1-11-5,252,209,103
New Barpimo Interior Emulsion,1-11-6,253,192,64
New Barpimo Interior Emulsion,3-11-1,238,230,212
New Barpimo Interior Emulsion,3-11-2,234,221,189
New Barpimo Interior Emulsion,3-11-3,231,216,175
New Barpimo Interior Emulsion,3-11-4,223,203,151
New Barpimo Interior Emulsion,3-11-5,209,181,115
New Barpimo Interior Emulsion,3-11-6,187,152,71
New Barpimo Interior Emulsion,4-11-1,234,226,208
New Barpimo Interior Emulsion,4-11-2,222,212,188
New Barpimo Interior Emulsion,4-11-3,215,199,161
New Barpimo Interior Emulsion,4-11-4,201,182,141
New Barpimo Interior Emulsion,4-11-5,183,163,116
New Barpimo Interior Emulsion,4-11-6,171,145,89
New Barpimo Interior Emulsion,5-11-1,236,229,218
New Barpimo Interior Emulsion,5-11-2,224,216,202
New Barpimo Interior Emulsion,5-11-3,201,187,168
New Barpimo Interior Emulsion,5-11-4,174,158,134
New Barpimo Interior Emulsion,5-11-5,148,130,104
New Barpimo Interior Emulsion,1-12-1,240,237,208
New Barpimo Interior Emulsion,1-12-2,249,235,179
New Barpimo Interior Emulsion,1-12-3,253,231,151
New Barpimo Interior Emulsion,1-12-4,253,221,117
New Barpimo Interior Emulsion,1-12-5,245,215,109
New Barpimo Interior Emulsion,3-12-1,237,232,209
New Barpimo Interior Emulsion,3-12-2,231,222,189
New Barpimo Interior Emulsion,3-12-3,228,212,158
New Barpimo Interior Emulsion,3-12-4,222,201,132
New Barpimo Interior Emulsion,3-12-5,205,180,108
New Barpimo Interior Emulsion,3-12-6,198,163,82
New Barpimo Interior Emulsion,5-12-1,238,234,221
New Barpimo Interior Emulsion,5-12-2,209,204,191
New Barpimo Interior Emulsion,5-12-3,198,192,176
New Barpimo Interior Emulsion,5-12-4,176,170,157
New Barpimo Interior Emulsion,5-12-5,149,142,127
New Barpimo Interior Emulsion,5-12-6,115,107,91
New Barpimo Interior Emulsion,3-13-1,240,236,212
New Barpimo Interior Emulsion,3-13-2,234,223,185
New Barpimo Interior Emulsion,3-13-3,230,222,174
New Barpimo Interior Emulsion,3-13-4,229,213,152
New Barpimo Interior Emulsion,3-13-5,212,194,121
New Barpimo Interior Emulsion,3-13-6,199,172,83
New Barpimo Interior Emulsion,4-13-1,246,239,203
New Barpimo Interior Emulsion,4-13-2,223,216,182
New Barpimo Interior Emulsion,4-13-3,217,207,165
New Barpimo Interior Emulsion,4-13-4,203,190,141
New Barpimo Interior Emulsion,4-13-5,188,173,118
New Barpimo Interior Emulsion,4-13-6,172,152,93
New Barpimo Interior Emulsion,5-13-1,237,232,217
New Barpimo Interior Emulsion,5-13-2,216,212,197
New Barpimo Interior Emulsion,5-13-3,199,187,164
New Barpimo Interior Emulsion,5-13-4,176,163,137
New Barpimo Interior Emulsion,5-13-5,157,140,110
New Barpimo Interior Emulsion,3-14-1,238,237,211
New Barpimo Interior Emulsion,3-14-2,225,224,187
New Barpimo Interior Emulsion,3-14-3,227,220,167
New Barpimo Interior Emulsion,3-14-4,226,216,158
New Barpimo Interior Emulsion,3-14-5,213,198,125
New Barpimo Interior Emulsion,3-14-6,189,172,89
New Barpimo Interior Emulsion,4-14-1,241,236,215
New Barpimo Interior Emulsion,4-14-2,224,220,186
New Barpimo Interior Emulsion,4-14-3,216,209,163
New Barpimo Interior Emulsion,4-14-4,202,194,142
New Barpimo Interior Emulsion,4-14-5,188,178,121
New Barpimo Interior Emulsion,4-14-6,171,159,99
New Barpimo Interior Emulsion,5-14-1,237,230,214
New Barpimo Interior Emulsion,5-14-2,219,212,192
New Barpimo Interior Emulsion,5-14-3,205,197,174
New Barpimo Interior Emulsion,5-14-4,180,169,138
New Barpimo Interior Emulsion,5-14-5,157,142,109
New Barpimo Interior Emulsion,1-15-1,235,234,214
New Barpimo Interior Emulsion,1-15-2,236,238,190
New Barpimo Interior Emulsion,1-15-3,245,240,176
New Barpimo Interior Emulsion,1-15-4,240,233,157
New Barpimo Interior Emulsion,1-15-7,229,204,75
New Barpimo Interior Emulsion,2-15-1,245,241,216
New Barpimo Interior Emulsion,2-15-2,237,236,200
New Barpimo Interior Emulsion,2-15-3,241,232,176
New Barpimo Interior Emulsion,2-15-4,234,228,159
New Barpimo Interior Emulsion,2-15-5,221,209,120
New Barpimo Interior Emulsion,2-15-6,208,192,85
New Barpimo Interior Emulsion,3-15-1,234,234,212
New Barpimo Interior Emulsion,3-15-2,221,221,169
New Barpimo Interior Emulsion,3-15-3,217,210,143
New Barpimo Interior Emulsion,3-15-4,206,198,126
New Barpimo Interior Emulsion,3-15-5,204,189,106
New Barpimo Interior Emulsion,3-15-6,181,168,89
New Barpimo Interior Emulsion,4-15-1,238,235,216
New Barpimo Interior Emulsion,4-15-2,222,222,188
New Barpimo Interior Emulsion,4-15-3,212,209,167
New Barpimo Interior Emulsion,4-15-4,201,195,143
New Barpimo Interior Emulsion,4-15-5,179,175,119
New Barpimo Interior Emulsion,4-15-6,166,157,97
New Barpimo Interior Emulsion,5-15-1,230,227,218
New Barpimo Interior Emulsion,5-15-2,210,206,196
New Barpimo Interior Emulsion,5-15-3,186,182,171
New Barpimo Interior Emulsion,5-15-4,162,161,154
New Barpimo Interior Emulsion,5-15-5,139,137,128
New Barpimo Interior Emulsion,5-15-6,110,107,97
New Barpimo Interior Emulsion,1-16-1,237,240,213
New Barpimo Interior Emulsion,1-16-2,230,239,205
New Barpimo Interior Emulsion,1-16-3,230,237,184
New Barpimo Interior Emulsion,1-16-5,220,224,111
New Barpimo Interior Emulsion,3-16-1,240,240,220
New Barpimo Interior Emulsion,3-16-2,236,239,205
New Barpimo Interior Emulsion,3-16-3,221,224,178
New Barpimo Interior Emulsion,3-16-4,208,209,144
New Barpimo Interior Emulsion,3-16-5,199,196,125
New Barpimo Interior Emulsion,3-16-6,173,166,88
New Barpimo Interior Emulsion,5-16-1,239,234,215
New Barpimo Interior Emulsion,5-16-2,220,219,196
New Barpimo Interior Emulsion,5-16-3,196,194,164
New Barpimo Interior Emulsion,5-16-4,179,174,139
New Barpimo Interior Emulsion,5-16-5,156,148,113
New Barpimo Interior Emulsion,5-16-6,123,115,83
New Barpimo Interior Emulsion,1-17-1,238,240,226
New Barpimo Interior Emulsion,1-17-2,236,240,209
New Barpimo Interior Emulsion,1-17-3,223,237,190
New Barpimo Interior Emulsion,1-17-4,209,230,157
New Barpimo Interior Emulsion,1-17-5,192,217,116
New Barpimo Interior Emulsion,1-17-6,172,204,73
New Barpimo Interior Emulsion,3-17-1,231,236,194
New Barpimo Interior Emulsion,3-17-2,220,228,195
New Barpimo Interior Emulsion,3-17-3,212,223,180
New Barpimo Interior Emulsion,3-17-4,191,204,143
New Barpimo Interior Emulsion,3-17-5,186,194,124
New Barpimo Interior Emulsion,3-17-6,158,169,88
New Barpimo Interior Emulsion,4-17-1,230,235,210
New Barpimo Interior Emulsion,4-17-2,211,219,192
New Barpimo Interior Emulsion,4-17-3,200,207,169
New Barpimo Interior Emulsion,4-17-4,175,187,142
New Barpimo Interior Emulsion,4-17-5,166,175,122
New Barpimo Interior Emulsion,4-17-6,144,153,96
New Barpimo Interior Emulsion,5-17-1,227,228,208
New Barpimo Interior Emulsion,5-17-2,217,219,197
New Barpimo Interior Emulsion,5-17-3,191,195,166
New Barpimo Interior Emulsion,5-17-4,165,169,137
New Barpimo Interior Emulsion,5-17-5,142,144,112
New Barpimo Interior Emulsion,2-18-1,228,236,212
New Barpimo Interior Emulsion,2-18-2,223,237,203
New Barpimo Interior Emulsion,2-18-3,214,229,193
New Barpimo Interior Emulsion,2-18-4,189,220,164
New Barpimo Interior Emulsion,2-18-5,165,201,112
New Barpimo Interior Emulsion,3-18-1,231,235,218
New Barpimo Interior Emulsion,3-18-2,217,228,196
New Barpimo Interior Emulsion,3-18-3,205,216,177
New Barpimo Interior Emulsion,3-18-4,182,200,145
New Barpimo Interior Emulsion,3-18-5,156,175,108
New Barpimo Interior Emulsion,3-18-6,137,162,83
New Barpimo Interior Emulsion,5-18-1,230,236,221
New Barpimo Interior Emulsion,5-18-2,204,210,195
New Barpimo Interior Emulsion,5-18-3,180,191,170
New Barpimo Interior Emulsion,5-18-4,150,162,132
New Barpimo Interior Emulsion,5-18-5,124,136,106
New Barpimo Interior Emulsion,1-19-1,218,235,207
New Barpimo Interior Emulsion,1-19-2,208,227,191
New Barpimo Interior Emulsion,1-19-3,197,228,175
New Barpimo Interior Emulsion,1-19-4,188,223,151
New Barpimo Interior Emulsion,1-19-5,148,203,104
New Barpimo Interior Emulsion,4-19-1,229,237,215
New Barpimo Interior Emulsion,4-19-2,208,217,196
New Barpimo Interior Emulsion,4-19-3,192,206,172
New Barpimo Interior Emulsion,4-19-4,168,184,144
New Barpimo Interior Emulsion,4-19-5,138,163,120
New Barpimo Interior Emulsion,4-19-6,123,145,95
New Barpimo Interior Emulsion,5-19-1,230,236,221
New Barpimo Interior Emulsion,5-19-2,205,213,199
New Barpimo Interior Emulsion,5-19-3,174,186,163
New Barpimo Interior Emulsion,5-19-4,149,161,135
New Barpimo Interior Emulsion,5-19-5,120,134,103
New Barpimo Interior Emulsion,2-20-1,231,240,205
New Barpimo Interior Emulsion,2-20-2,211,229,192
New Barpimo Interior Emulsion,2-20-3,193,224,182
New Barpimo Interior Emulsion,2-20-4,149,198,120
New Barpimo Interior Emulsion,2-20-5,133,184,106
New Barpimo Interior Emulsion,2-20-6,117,171,83
New Barpimo Interior Emulsion,3-20-1,231,240,222
New Barpimo Interior Emulsion,3-20-2,224,234,217
New Barpimo Interior Emulsion,3-20-3,191,214,179
New Barpimo Interior Emulsion,3-20-4,181,210,168
New Barpimo Interior Emulsion,3-20-5,149,185,129
New Barpimo Interior Emulsion,3-20-6,115,152,82
New Barpimo Interior Emulsion,4-20-1,229,236,216
New Barpimo Interior Emulsion,4-20-2,207,219,198
New Barpimo Interior Emulsion,4-20-3,192,206,176
New Barpimo Interior Emulsion,4-20-4,162,183,146
New Barpimo Interior Emulsion,4-20-5,135,162,123
New Barpimo Interior Emulsion,4-20-6,113,141,93
New Barpimo Interior Emulsion,5-20-1,217,216,210
New Barpimo Interior Emulsion,5-20-2,195,197,190
New Barpimo Interior Emulsion,5-20-3,184,186,178
New Barpimo Interior Emulsion,5-20-4,155,158,154
New Barpimo Interior Emulsion,5-20-5,129,134,130
New Barpimo Interior Emulsion,5-20-6,99,103,97
New Barpimo Interior Emulsion,1-21-1,214,236,208
New Barpimo Interior Emulsion,1-21-2,205,228,195
New Barpimo Interior Emulsion,1-21-3,196,230,182
New Barpimo Interior Emulsion,1-21-4,177,220,154
New Barpimo Interior Emulsion,1-21-5,137,203,113
New Barpimo Interior Emulsion,2-21-1,225,236,209
New Barpimo Interior Emulsion,2-21-2,213,233,207
New Barpimo Interior Emulsion,2-21-3,197,224,187
New Barpimo Interior Emulsion,2-21-4,160,206,147
New Barpimo Interior Emulsion,2-21-5,123,182,107
New Barpimo Interior Emulsion,2-21-6,106,166,88
New Barpimo Interior Emulsion,5-21-1,220,229,214
New Barpimo Interior Emulsion,5-21-2,205,212,199
New Barpimo Interior Emulsion,5-21-3,174,187,168
New Barpimo Interior Emulsion,5-21-4,141,158,134
New Barpimo Interior Emulsion,5-21-5,108,128,101
New Barpimo Interior Emulsion,3-22-1,232,238,222
New Barpimo Interior Emulsion,3-22-2,219,231,216
New Barpimo Interior Emulsion,3-22-3,190,215,186
New Barpimo Interior Emulsion,3-22-4,176,206,169
New Barpimo Interior Emulsion,3-22-5,142,181,131
New Barpimo Interior Emulsion,3-22-6,100,144,81
New Barpimo Interior Emulsion,5-22-1,226,234,221
New Barpimo Interior Emulsion,5-22-2,202,211,199
New Barpimo Interior Emulsion,5-22-3,168,181,161
New Barpimo Interior Emulsion,5-22-4,139,157,135
New Barpimo Interior Emulsion,5-22-5,104,123,99
New Barpimo Interior Emulsion,2-23-1,226,237,222
New Barpimo Interior Emulsion,2-23-2,215,235,215
New Barpimo Interior Emulsion,2-23-3,181,221,183
New Barpimo Interior Emulsion,2-23-4,152,204,149
New Barpimo Interior Emulsion,2-23-5,105,177,112
New Barpimo Interior Emulsion,4-23-1,223,235,219
New Barpimo Interior Emulsion,4-23-2,203,219,200
New Barpimo Interior Emulsion,4-23-3,181,201,174
New Barpimo Interior Emulsion,4-23-4,151,179,147
New Barpimo Interior Emulsion,4-23-5,131,157,120
New Barpimo Interior Emulsion,4-23-6,100,136,93
New Barpimo Interior Emulsion,5-23-1,226,233,222
New Barpimo Interior Emulsion,5-23-2,198,209,198
New Barpimo Interior Emulsion,5-23-3,172,187,170
New Barpimo Interior Emulsion,5-23-4,136,157,136
New Barpimo Interior Emulsion,5-23-5,105,126,102
New Barpimo Interior Emulsion,1-24-1,223,232,220
New Barpimo Interior Emulsion,1-24-2,206,236,216
New Barpimo Interior Emulsion,1-24-3,177,225,184
New Barpimo Interior Emulsion,1-24-4,138,207,156
New Barpimo Interior Emulsion,1-24-5,93,190,130
New Barpimo Interior Emulsion,1-24-6,67,177,111
New Barpimo Interior Emulsion,2-24-1,221,234,215
New Barpimo Interior Emulsion,2-24-2,217,236,217
New Barpimo Interior Emulsion,2-24-3,172,220,188
New Barpimo Interior Emulsion,2-24-4,132,201,155
New Barpimo Interior Emulsion,2-24-5,91,169,120
New Barpimo Interior Emulsion,3-24-1,217,235,212
New Barpimo Interior Emulsion,3-24-2,212,230,209
New Barpimo Interior Emulsion,3-24-3,186,217,190
New Barpimo Interior Emulsion,3-24-4,163,203,169
New Barpimo Interior Emulsion,3-24-5,124,173,134
New Barpimo Interior Emulsion,4-24-1,218,231,216
New Barpimo Interior Emulsion,4-24-2,193,213,192
New Barpimo Interior Emulsion,4-24-3,178,200,175
New Barpimo Interior Emulsion,4-24-4,148,180,149
New Barpimo Interior Emulsion,4-24-5,123,158,124
New Barpimo Interior Emulsion,4-24-6,94,133,94
New Barpimo Interior Emulsion,5-24-1,228,235,223
New Barpimo Interior Emulsion,5-24-2,204,217,204
New Barpimo Interior Emulsion,5-24-3,171,187,171
New Barpimo Interior Emulsion,5-24-4,139,158,140
New Barpimo Interior Emulsion,5-24-5,103,127,105
New Barpimo Interior Emulsion,2-25-1,216,235,221
New Barpimo Interior Emulsion,2-25-2,209,235,221
New Barpimo Interior Emulsion,2-25-3,173,218,191
New Barpimo Interior Emulsion,2-25-4,127,195,162
New Barpimo Interior Emulsion,2-25-5,75,167,134
New Barpimo Interior Emulsion,2-25-6,30,145,107
New Barpimo Interior Emulsion,3-25-1,224,238,224
New Barpimo Interior Emulsion,3-25-2,217,231,218
New Barpimo Interior Emulsion,3-25-3,208,227,210
New Barpimo Interior Emulsion,3-25-4,164,205,174
New Barpimo Interior Emulsion,3-25-5,111,172,134
New Barpimo Interior Emulsion,5-25-1,225,232,222
New Barpimo Interior Emulsion,5-25-2,202,215,204
New Barpimo Interior Emulsion,5-25-3,165,185,172
New Barpimo Interior Emulsion,5-25-4,133,156,138
New Barpimo Interior Emulsion,5-25-5,94,123,103
New Barpimo Interior Emulsion,1-26-1,227,240,232
New Barpimo Interior Emulsion,1-26-2,198,233,221
New Barpimo Interior Emulsion,1-26-3,164,226,208
New Barpimo Interior Emulsion,1-26-4,114,205,185
New Barpimo Interior Emulsion,1-26-5,70,189,163
New Barpimo Interior Emulsion,1-26-6,0,172,147
New Barpimo Interior Emulsion,1-26-7,0,159,133
New Barpimo Interior Emulsion,3-26-1,225,236,226
New Barpimo Interior Emulsion,3-26-2,216,231,220
New Barpimo Interior Emulsion,3-26-3,192,219,206
New Barpimo Interior Emulsion,3-26-4,150,199,176
New Barpimo Interior Emulsion,3-26-5,101,170,141
New Barpimo Interior Emulsion,4-26-1,230,237,228
New Barpimo Interior Emulsion,4-26-2,214,229,216
New Barpimo Interior Emulsion,4-26-3,166,193,177
New Barpimo Interior Emulsion,4-26-4,135,176,157
New Barpimo Interior Emulsion,4-26-5,104,149,126
New Barpimo Interior Emulsion,5-26-1,228,236,228
New Barpimo Interior Emulsion,5-26-2,202,215,206
New Barpimo Interior Emulsion,5-26-3,165,187,176
New Barpimo Interior Emulsion,5-26-4,129,157,144
New Barpimo Interior Emulsion,5-26-5,94,124,110
New Barpimo Interior Emulsion,2-27-1,209,227,227
New Barpimo Interior Emulsion,2-27-2,199,231,227
New Barpimo Interior Emulsion,2-27-3,158,210,202
New Barpimo Interior Emulsion,2-27-4,106,194,185
New Barpimo Interior Emulsion,2-27-5,23,164,150
New Barpimo Interior Emulsion,2-27-6,0,144,134
New Barpimo Interior Emulsion,4-27-1,217,232,221
New Barpimo Interior Emulsion,4-27-2,195,216,207
New Barpimo Interior Emulsion,4-27-3,159,191,179
New Barpimo Interior Emulsion,4-27-4,125,169,157
New Barpimo Interior Emulsion,4-27-5,96,146,133
New Barpimo Interior Emulsion,4-27-6,64,121,106
New Barpimo Interior Emulsion,5-27-1,218,229,219
New Barpimo Interior Emulsion,5-27-2,197,212,204
New Barpimo Interior Emulsion,5-27-3,167,191,183
New Barpimo Interior Emulsion,5-27-4,127,155,146
New Barpimo Interior Emulsion,5-27-5,94,126,118
New Barpimo Interior Emulsion,1-28-1,226,232,230
New Barpimo Interior Emulsion,1-28-2,198,230,231
New Barpimo Interior Emulsion,1-28-3,156,223,220
New Barpimo Interior Emulsion,1-28-4,119,208,208
New Barpimo Interior Emulsion,1-28-5,39,183,186
New Barpimo Interior Emulsion,1-28-6,0,167,171
New Barpimo Interior Emulsion,1-28-7,0,148,151
New Barpimo Interior Emulsion,2-29-1,218,235,233
New Barpimo Interior Emulsion,2-29-2,210,231,230
New Barpimo Interior Emulsion,2-29-3,157,213,217
New Barpimo Interior Emulsion,2-29-4,108,191,199
New Barpimo Interior Emulsion,2-29-5,53,160,171
New Barpimo Interior Emulsion,2-29-6,0,143,157
New Barpimo Interior Emulsion,2-29-7,0,124,135
New Barpimo Interior Emulsion,4-29-1,222,234,230
New Barpimo Interior Emulsion,4-29-2,201,222,219
New Barpimo Interior Emulsion,4-29-3,161,201,199
New Barpimo Interior Emulsion,4-29-4,128,174,173
New Barpimo Interior Emulsion,4-29-5,92,148,147
New Barpimo Interior Emulsion,4-29-6,61,116,117
New Barpimo Interior Emulsion,5-29-1,215,217,212
New Barpimo Interior Emulsion,5-29-2,184,191,187
New Barpimo Interior Emulsion,5-29-3,174,181,178
New Barpimo Interior Emulsion,5-29-4,152,160,160
New Barpimo Interior Emulsion,5-29-5,125,133,134
New Barpimo Interior Emulsion,5-29-6,91,99,98
New Barpimo Interior Emulsion,1-30-1,224,238,234
New Barpimo Interior Emulsion,1-30-2,194,225,225
New Barpimo Interior Emulsion,1-30-3,158,219,228
New Barpimo Interior Emulsion,1-30-4,108,201,214
New Barpimo Interior Emulsion,1-30-5,80,189,208
New Barpimo Interior Emulsion,1-30-6,30,161,178
New Barpimo Interior Emulsion,1-30-7,0,146,171
New Barpimo Interior Emulsion,3-30-1,220,236,232
New Barpimo Interior Emulsion,3-30-2,191,222,224
New Barpimo Interior Emulsion,3-30-3,166,207,211
New Barpimo Interior Emulsion,3-30-4,120,183,190
New Barpimo Interior Emulsion,3-30-5,67,145,153
New Barpimo Interior Emulsion,3-30-6,29,126,137
New Barpimo Interior Emulsion,4-30-1,225,236,233
New Barpimo Interior Emulsion,4-30-2,197,219,219
New Barpimo Interior Emulsion,4-30-3,160,194,196
New Barpimo Interior Emulsion,4-30-4,122,169,173
New Barpimo Interior Emulsion,4-30-5,92,146,152
New Barpimo Interior Emulsion,4-30-6,58,116,122
New Barpimo Interior Emulsion,5-31-1,226,234,233
New Barpimo Interior Emulsion,5-31-2,200,212,214
New Barpimo Interior Emulsion,5-31-3,159,180,184
New Barpimo Interior Emulsion,5-31-4,131,156,162
New Barpimo Interior Emulsion,5-31-5,86,120,126
New Barpimo Interior Emulsion,1-32-1,218,235,234
New Barpimo Interior Emulsion,1-32-2,195,224,230
New Barpimo Interior Emulsion,1-32-3,156,211,229
New Barpimo Interior Emulsion,1-32-4,116,194,221
New Barpimo Interior Emulsion,1-32-5,51,165,203
New Barpimo Interior Emulsion,1-32-6,0,151,192
New Barpimo Interior Emulsion,1-32-7,0,133,169
New Barpimo Interior Emulsion,2-32-1,211,221,221
New Barpimo Interior Emulsion,2-32-2,184,215,225
New Barpimo Interior Emulsion,2-32-3,151,203,219
New Barpimo Interior Emulsion,2-32-4,107,182,209
New Barpimo Interior Emulsion,2-32-5,69,152,185
New Barpimo Interior Emulsion,2-32-6,0,124,159
New Barpimo Interior Emulsion,2-32-7,0,109,146
New Barpimo Interior Emulsion,1-33-1,217,233,234
New Barpimo Interior Emulsion,1-33-2,186,219,229
New Barpimo Interior Emulsion,1-33-3,158,210,234
New Barpimo Interior Emulsion,1-33-4,133,198,226
New Barpimo Interior Emulsion,1-33-5,72,174,213
New Barpimo Interior Emulsion,1-33-6,0,146,199
New Barpimo Interior Emulsion,1-33-7,0,126,177
New Barpimo Interior Emulsion,3-33-1,212,228,229
New Barpimo Interior Emulsion,3-33-2,189,213,223
New Barpimo Interior Emulsion,3-33-3,167,199,216
New Barpimo Interior Emulsion,3-33-4,140,180,203
New Barpimo Interior Emulsion,3-33-5,91,149,180
New Barpimo Interior Emulsion,3-33-6,41,110,151
New Barpimo Interior Emulsion,4-33-1,212,222,224
New Barpimo Interior Emulsion,4-33-2,188,205,210
New Barpimo Interior Emulsion,4-33-3,162,192,204
New Barpimo Interior Emulsion,4-33-4,129,166,180
New Barpimo Interior Emulsion,4-33-5,95,139,157
New Barpimo Interior Emulsion,4-33-6,64,110,131
New Barpimo Interior Emulsion,1-34-1,215,231,234
New Barpimo Interior Emulsion,1-34-2,191,216,229
New Barpimo Interior Emulsion,1-34-3,162,203,229
New Barpimo Interior Emulsion,1-34-4,116,179,219
New Barpimo Interior Emulsion,1-34-5,69,151,205
New Barpimo Interior Emulsion,1-34-6,40,138,198
New Barpimo Interior Emulsion,1-34-7,0,114,173
New Barpimo Interior Emulsion,5-34-1,227,230,229
New Barpimo Interior Emulsion,5-34-2,196,205,208
New Barpimo Interior Emulsion,5-34-3,159,175,184
New Barpimo Interior Emulsion,5-34-4,126,147,159
New Barpimo Interior Emulsion,5-34-5,90,113,128
New Barpimo Interior Emulsion,5-34-7,74,85,94
New Barpimo Interior Emulsion,3-35-1,225,232,232
New Barpimo Interior Emulsion,3-35-2,210,227,235
New Barpimo Interior Emulsion,3-35-3,169,197,213
New Barpimo Interior Emulsion,3-35-4,123,163,189
New Barpimo Interior Emulsion,3-35-5,75,127,161
New Barpimo Interior Emulsion,3-35-6,37,108,150
New Barpimo Interior Emulsion,4-35-1,217,225,227
New Barpimo Interior Emulsion,4-35-2,203,212,218
New Barpimo Interior Emulsion,4-35-3,163,184,200
New Barpimo Interior Emulsion,4-35-4,133,158,175
New Barpimo Interior Emulsion,4-35-5,100,132,157
New Barpimo Interior Emulsion,4-35-6,69,101,130
New Barpimo Interior Emulsion,1-36-1,224,231,233
New Barpimo Interior Emulsion,1-36-2,198,213,226
New Barpimo Interior Emulsion,1-36-3,166,192,226
New Barpimo Interior Emulsion,1-36-4,135,162,209
New Barpimo Interior Emulsion,1-36-5,97,136,194
New Barpimo Interior Emulsion,1-36-6,80,114,181
New Barpimo Interior Emulsion,3-36-1,210,217,220
New Barpimo Interior Emulsion,3-36-2,196,213,224
New Barpimo Interior Emulsion,3-36-3,170,190,208
New Barpimo Interior Emulsion,3-36-4,128,155,188
New Barpimo Interior Emulsion,3-36-5,85,114,150
New Barpimo Interior Emulsion,5-36-1,219,225,229
New Barpimo Interior Emulsion,5-36-2,194,201,205
New Barpimo Interior Emulsion,5-36-3,162,171,181
New Barpimo Interior Emulsion,5-36-4,119,133,148
New Barpimo Interior Emulsion,5-36-5,86,99,118
New Barpimo Interior Emulsion,2-37-1,216,222,232
New Barpimo Interior Emulsion,2-37-2,204,211,224
New Barpimo Interior Emulsion,2-37-3,167,185,216
New Barpimo Interior Emulsion,2-37-4,133,152,198
New Barpimo Interior Emulsion,2-37-5,97,113,169
New Barpimo Interior Emulsion,2-37-6,80,95,156
New Barpimo Interior Emulsion,4-37-1,220,228,233
New Barpimo Interior Emulsion,4-37-2,194,203,212
New Barpimo Interior Emulsion,4-37-3,163,178,195
New Barpimo Interior Emulsion,4-37-4,134,147,171
New Barpimo Interior Emulsion,4-37-5,105,120,150
New Barpimo Interior Emulsion,4-37-6,74,91,123
New Barpimo Interior Emulsion,5-37-1,235,234,229
New Barpimo Interior Emulsion,5-37-2,220,222,220
New Barpimo Interior Emulsion,5-37-3,196,200,202
New Barpimo Interior Emulsion,5-37-4,145,153,160
New Barpimo Interior Emulsion,5-37-5,108,115,122
New Barpimo Interior Emulsion,5-37-6,89,95,102
New Barpimo Interior Emulsion,1-38-1,210,216,229
New Barpimo Interior Emulsion,1-38-2,202,211,232
New Barpimo Interior Emulsion,1-38-3,173,184,221
New Barpimo Interior Emulsion,1-38-4,147,156,209
New Barpimo Interior Emulsion,1-38-5,122,126,192
New Barpimo Interior Emulsion,1-38-6,110,111,177
New Barpimo Interior Emulsion,5-38-1,220,226,230
New Barpimo Interior Emulsion,5-38-2,198,203,211
New Barpimo Interior Emulsion,5-38-3,161,167,179
New Barpimo Interior Emulsion,5-38-4,125,129,147
New Barpimo Interior Emulsion,5-38-5,89,93,113
New Barpimo Interior Emulsion,2-39-1,232,231,232
New Barpimo Interior Emulsion,2-39-2,213,215,228
New Barpimo Interior Emulsion,2-39-3,181,181,213
New Barpimo Interior Emulsion,2-39-4,151,148,190
New Barpimo Interior Emulsion,2-39-5,118,111,168
New Barpimo Interior Emulsion,3-39-1,212,219,227
New Barpimo Interior Emulsion,3-39-2,197,202,220
New Barpimo Interior Emulsion,3-39-3,173,180,201
New Barpimo Interior Emulsion,3-39-4,144,147,182
New Barpimo Interior Emulsion,4-39-1,219,219,226
New Barpimo Interior Emulsion,4-39-2,196,199,209
New Barpimo Interior Emulsion,4-39-3,168,175,193
New Barpimo Interior Emulsion,4-39-4,140,145,170
New Barpimo Interior Emulsion,4-39-5,109,116,145
New Barpimo Interior Emulsion,4-39-6,88,89,123
New Barpimo Interior Emulsion,5-39-1,219,220,227
New Barpimo Interior Emulsion,5-39-2,196,195,204
New Barpimo Interior Emulsion,5-39-3,165,166,179
New Barpimo Interior Emulsion,5-39-4,129,130,148
New Barpimo Interior Emulsion,5-39-5,97,94,112
New Barpimo Interior Emulsion,1-40-1,224,223,234
New Barpimo Interior Emulsion,1-40-2,204,201,228
New Barpimo Interior Emulsion,1-40-3,190,185,219
New Barpimo Interior Emulsion,1-40-4,170,158,209
New Barpimo Interior Emulsion,1-40-5,142,125,190
New Barpimo Interior Emulsion,4-40-1,226,228,232
New Barpimo Interior Emulsion,4-40-2,196,200,211
New Barpimo Interior Emulsion,4-40-3,174,174,195
New Barpimo Interior Emulsion,4-40-4,146,148,172
New Barpimo Interior Emulsion,4-40-5,126,122,148
New Barpimo Interior Emulsion,4-40-6,94,88,121
New Barpimo Interior Emulsion,5-40-1,230,227,223
New Barpimo Interior Emulsion,5-40-2,200,203,209
New Barpimo Interior Emulsion,5-40-3,165,164,178
New Barpimo Interior Emulsion,5-40-4,130,128,144
New Barpimo Interior Emulsion,5-40-5,100,94,114
New Barpimo Interior Emulsion,5-40-7,86,87,96
New Barpimo Interior Emulsion,2-41-1,227,220,228
New Barpimo Interior Emulsion,2-41-2,216,209,222
New Barpimo Interior Emulsion,2-41-3,191,180,212
New Barpimo Interior Emulsion,2-41-4,173,148,196
New Barpimo Interior Emulsion,2-41-5,139,113,166
New Barpimo Interior Emulsion,3-41-1,218,219,228
New Barpimo Interior Emulsion,3-41-2,204,200,215
New Barpimo Interior Emulsion,3-41-3,189,184,208
New Barpimo Interior Emulsion,3-41-4,169,164,195
New Barpimo Interior Emulsion,3-41-5,137,126,167
New Barpimo Interior Emulsion,4-41-1,228,226,229
New Barpimo Interior Emulsion,4-41-2,205,201,211
New Barpimo Interior Emulsion,4-41-3,178,172,191
New Barpimo Interior Emulsion,4-41-4,149,146,170
New Barpimo Interior Emulsion,4-41-5,119,117,147
New Barpimo Interior Emulsion,4-41-6,99,88,119
New Barpimo Interior Emulsion,5-41-1,218,217,216
New Barpimo Interior Emulsion,5-41-2,204,203,209
New Barpimo Interior Emulsion,5-41-3,165,161,175
New Barpimo Interior Emulsion,5-41-4,139,134,151
New Barpimo Interior Emulsion,1-42-1,229,220,227
New Barpimo Interior Emulsion,1-42-2,220,210,227
New Barpimo Interior Emulsion,1-42-3,213,187,223
New Barpimo Interior Emulsion,1-42-4,188,157,206
New Barpimo Interior Emulsion,1-42-5,165,128,186
New Barpimo Interior Emulsion,1-42-6,154,111,170
New Barpimo Interior Emulsion,5-42-1,216,214,217
New Barpimo Interior Emulsion,5-42-2,204,198,205
New Barpimo Interior Emulsion,5-42-3,174,166,179
New Barpimo Interior Emulsion,5-42-4,145,133,145
New Barpimo Interior Emulsion,1-43-1,234,227,230
New Barpimo Interior Emulsion,1-43-2,223,212,229
New Barpimo Interior Emulsion,1-43-3,212,184,216
New Barpimo Interior Emulsion,1-43-4,198,159,206
New Barpimo Interior Emulsion,1-43-5,180,129,186
New Barpimo Interior Emulsion,1-43-6,172,112,174
New Barpimo Interior Emulsion,2-43-1,235,217,228
New Barpimo Interior Emulsion,2-43-2,224,200,218
New Barpimo Interior Emulsion,2-43-3,215,179,209
New Barpimo Interior Emulsion,2-43-4,197,156,194
New Barpimo Interior Emulsion,2-43-5,191,132,177
New Barpimo Interior Emulsion,3-43-1,234,230,233
New Barpimo Interior Emulsion,3-43-2,215,203,215
New Barpimo Interior Emulsion,3-43-3,201,183,205
New Barpimo Interior Emulsion,3-43-4,176,147,179
New Barpimo Interior Emulsion,3-43-5,144,109,149
New Barpimo Interior Emulsion,4-43-1,219,214,221
New Barpimo Interior Emulsion,4-43-2,206,201,214
New Barpimo Interior Emulsion,4-43-3,187,179,197
New Barpimo Interior Emulsion,4-43-4,158,146,170
New Barpimo Interior Emulsion,4-43-5,135,120,148
New Barpimo Interior Emulsion,5-43-1,223,213,215
New Barpimo Interior Emulsion,5-43-2,212,205,211
New Barpimo Interior Emulsion,5-43-3,181,172,184
New Barpimo Interior Emulsion,5-43-4,148,134,148
New Barpimo Interior Emulsion,5-43-5,122,103,120
New Barpimo Interior Emulsion,2-44-1,241,223,232
New Barpimo Interior Emulsion,2-44-2,231,211,222
New Barpimo Interior Emulsion,2-44-3,224,187,213
New Barpimo Interior Emulsion,2-44-4,203,154,189
New Barpimo Interior Emulsion,3-44-1,233,225,227
New Barpimo Interior Emulsion,3-44-2,226,214,222
New Barpimo Interior Emulsion,3-44-3,206,180,203
New Barpimo Interior Emulsion,3-44-4,182,148,178
New Barpimo Interior Emulsion,1-45-1,245,239,237
New Barpimo Interior Emulsion,1-45-2,238,221,230
New Barpimo Interior Emulsion,1-45-3,231,197,221
New Barpimo Interior Emulsion,1-45-4,231,172,210
New Barpimo Interior Emulsion,1-45-5,223,141,190
New Barpimo Interior Emulsion,1-45-6,203,106,165
New Barpimo Interior Emulsion,3-45-1,238,228,229
New Barpimo Interior Emulsion,3-45-2,217,194,204
New Barpimo Interior Emulsion,3-45-4,184,146,172
New Barpimo Interior Emulsion,3-45-5,161,108,141
New Barpimo Interior Emulsion,5-45-1,230,224,226
New Barpimo Interior Emulsion,5-45-2,214,206,208
New Barpimo Interior Emulsion,5-45-3,189,173,186
New Barpimo Interior Emulsion,5-45-4,160,141,153
New Barpimo Interior Emulsion,5-45-5,126,113,126
New Barpimo Interior Emulsion,2-46-1,242,225,228
New Barpimo Interior Emulsion,2-46-2,235,212,220
New Barpimo Interior Emulsion,2-46-3,225,176,197
New Barpimo Interior Emulsion,2-46-4,210,151,176
New Barpimo Interior Emulsion,2-46-5,185,111,146
New Barpimo Interior Emulsion,5-46-1,229,225,228
New Barpimo Interior Emulsion,5-46-2,216,204,208
New Barpimo Interior Emulsion,5-46-3,189,174,181
New Barpimo Interior Emulsion,5-46-4,161,141,152
New Barpimo Interior Emulsion,5-46-5,134,115,128
New Barpimo Interior Emulsion,1-47-1,236,226,227
New Barpimo Interior Emulsion,1-47-2,245,230,231
New Barpimo Interior Emulsion,1-47-3,242,199,216
New Barpimo Interior Emulsion,1-47-4,236,168,199
New Barpimo Interior Emulsion,1-47-5,217,122,163
New Barpimo Interior Emulsion,1-47-6,201,101,146
New Barpimo Interior Emulsion,3-47-1,232,220,224
New Barpimo Interior Emulsion,3-47-2,233,209,216
New Barpimo Interior Emulsion,3-47-3,224,188,201
New Barpimo Interior Emulsion,3-47-4,196,154,172
New Barpimo Interior Emulsion,3-47-5,169,102,128
New Barpimo Interior Emulsion,4-47-1,236,226,229
New Barpimo Interior Emulsion,4-47-2,219,205,209
New Barpimo Interior Emulsion,4-47-3,206,174,186
New Barpimo Interior Emulsion,4-47-4,184,145,158
New Barpimo Interior Emulsion,4-47-5,162,121,137
New Barpimo Interior Emulsion,1-48-1,242,233,232
New Barpimo Interior Emulsion,1-48-2,238,225,225
New Barpimo Interior Emulsion,1-48-3,240,181,197
New Barpimo Interior Emulsion,1-48-4,233,161,184
New Barpimo Interior Emulsion,1-48-6,212,102,138
New Barpimo Interior Emulsion,3-48-1,242,224,227
New Barpimo Interior Emulsion,3-48-2,232,207,214
New Barpimo Interior Emulsion,3-48-3,221,180,193
New Barpimo Interior Emulsion,3-48-5,172,101,121
New Barpimo Interior Emulsion,4-48-1,235,218,221
New Barpimo Interior Emulsion,4-48-2,218,197,200
New Barpimo Interior Emulsion,4-48-3,205,178,182
New Barpimo Interior Emulsion,4-48-4,188,152,157
New Barpimo Interior Emulsion,4-48-5,165,123,131
New Barpimo Interior Emulsion,4-48-6,139,90,98
New Barpimo Interior Emulsion,5-48-1,230,223,226
New Barpimo Interior Emulsion,5-48-2,217,207,209
New Barpimo Interior Emulsion,5-48-3,194,177,182
New Barpimo Interior Emulsion,5-48-4,167,143,149
New Barpimo Interior Emulsion,5-48-5,138,113,120
New Barpimo Interior Emulsion,4-49-1,233,226,225
New Barpimo Interior Emulsion,4-49-2,223,205,210
New Barpimo Interior Emulsion,4-49-3,204,178,184
New Barpimo Interior Emulsion,4-49-4,188,149,162
New Barpimo Interior Emulsion,4-49-5,162,124,136
New Barpimo Interior Emulsion,4-49-6,129,89,102
New Barpimo Interior Emulsion,1-50-1,242,231,233
New Barpimo Interior Emulsion,1-50-2,247,213,216
New Barpimo Interior Emulsion,1-50-3,248,187,191
New Barpimo Interior Emulsion,1-50-4,238,155,161
New Barpimo Interior Emulsion,1-50-5,237,128,143
New Barpimo Interior Emulsion,1-50-6,229,108,127
New Barpimo Interior Emulsion,3-50-1,240,228,228
New Barpimo Interior Emulsion,3-50-2,230,204,205
New Barpimo Interior Emulsion,3-50-3,226,188,191
New Barpimo Interior Emulsion,3-50-4,203,152,155
New Barpimo Interior Emulsion,3-50-5,176,107,114
New Barpimo Interior Emulsion,4-50-1,233,220,224
New Barpimo Interior Emulsion,4-50-2,220,201,202
New Barpimo Interior Emulsion,4-50-3,204,177,178
New Barpimo Interior Emulsion,4-50-4,187,151,154
New Barpimo Interior Emulsion,4-50-5,165,122,125
New Barpimo Interior Emulsion,4-50-6,143,92,95
New Barpimo Interior Emulsion,5-50-1,240,230,228
New Barpimo Interior Emulsion,5-50-2,222,208,207
New Barpimo Interior Emulsion,5-50-3,194,175,174
New Barpimo Interior Emulsion,5-50-4,167,143,146
New Barpimo Interior Emulsion,5-50-5,140,105,108
New Barpimo Interior Emulsion,3-36-6,61,95,139
New Barpimo Interior Emulsion,2-4-6,195,92,80
New Barpimo Interior Emulsion,5-41-5,111,100,120
New Barpimo Interior Emulsion,5-13-6,132,113,80
New Barpimo Interior Emulsion,3-39-5,104,106,148
New Barpimo Interior Emulsion,5-14-6,134,117,83
New Barpimo Interior Emulsion,5-42-5,114,102,123
New Barpimo Interior Emulsion,1-48-5,221,124,157
New Barpimo Interior Emulsion,3-48-4,201,143,160
New Barpimo Interior Emulsion,5-50-7,100,83,85
New Barpimo Interior Emulsion,5-5-5,116,89,75
New Barpimo Interior Emulsion,2-9-5,222,171,98
New Barpimo Interior Emulsion,5-11-6,123,102,76
New Barpimo Interior Emulsion,5-12-7,103,93,77
New Barpimo Interior Emulsion,1-15-6,242,218,81
New Barpimo Interior Emulsion,5-31-6,61,93,101
New Barpimo Interior Emulsion,1-5-3,250,203,182
,,,,
,,,,
,,,,
,,,,
,,,,
,,,,
,,,,
,,,,
,,,,
,,,,
,,,,
,,,,
,,,,
,,,,
,,,,
,,,,
,,,,
,,,,
,,,,
,,,,
,,,,
,,,,
,,,,
,,,,
,,,,
,,,,
,,,,
,,,,
,,,,
,,,,
,,,,
,,,,
,,,,
,,,,
,,,,
,,,,
,,,,
,,,,
,,,,
,,,,
,,,,
,,,,
,,,,
,,,,
,,,,
,,,,
,,,,
,,,,
,,,,
,,,,
,,,,
,,,,
,,,,
,,,,
,,,,
New Shangrila Exterior Emulsion,1-1-1,248,226,222
New Shangrila Exterior Emulsion,1-1-2,246,208,204
New Shangrila Exterior Emulsion,1-1-3,250,183,175
New Shangrila Exterior Emulsion,1-1-4,249,153,148
New Shangrila Exterior Emulsion,3-1-1,241,228,225
New Shangrila Exterior Emulsion,3-1-2,244,226,223
New Shangrila Exterior Emulsion,3-1-3,234,205,203
New Shangrila Exterior Emulsion,3-1-4,214,161,160
New Shangrila Exterior Emulsion,3-1-5,196,125,124
New Shangrila Exterior Emulsion,3-1-6,168,83,81
New Shangrila Exterior Emulsion,5-1-1,233,213,209
New Shangrila Exterior Emulsion,5-1-2,220,206,204
New Shangrila Exterior Emulsion,5-1-3,193,173,172
New Shangrila Exterior Emulsion,5-1-4,167,139,135
New Shangrila Exterior Emulsion,5-1-5,136,106,104
New Shangrila Exterior Emulsion,2-2-1,250,237,231
New Shangrila Exterior Emulsion,2-2-2,234,207,198
New Shangrila Exterior Emulsion,2-2-3,237,203,189
New Shangrila Exterior Emulsion,2-2-4,239,180,175
New Shangrila Exterior Emulsion,2-2-5,229,131,127
New Shangrila Exterior Emulsion,4-2-1,239,222,214
New Shangrila Exterior Emulsion,4-2-2,224,197,192
New Shangrila Exterior Emulsion,4-2-3,213,174,169
New Shangrila Exterior Emulsion,4-2-4,206,156,152
New Shangrila Exterior Emulsion,4-2-5,190,124,117
New Shangrila Exterior Emulsion,4-2-6,174,103,105
New Shangrila Exterior Emulsion,5-2-1,232,218,211
New Shangrila Exterior Emulsion,5-2-2,218,205,201
New Shangrila Exterior Emulsion,5-2-3,204,169,161
New Shangrila Exterior Emulsion,5-2-4,185,147,139
New Shangrila Exterior Emulsion,5-2-6,147,109,100
New Shangrila Exterior Emulsion,1-3-1,244,231,224
New Shangrila Exterior Emulsion,1-3-2,246,207,202
New Shangrila Exterior Emulsion,1-3-3,252,183,166
New Shangrila Exterior Emulsion,1-3-4,250,159,137
New Shangrila Exterior Emulsion,5-3-1,241,230,220
New Shangrila Exterior Emulsion,5-3-2,221,206,201
New Shangrila Exterior Emulsion,5-3-3,197,174,166
New Shangrila Exterior Emulsion,5-3-4,173,143,135
New Shangrila Exterior Emulsion,5-3-5,142,110,100
New Shangrila Exterior Emulsion,2-4-1,247,234,221
New Shangrila Exterior Emulsion,2-4-2,246,221,207
New Shangrila Exterior Emulsion,2-4-3,238,201,187
New Shangrila Exterior Emulsion,2-4-4,242,174,152
New Shangrila Exterior Emulsion,2-4-5,225,139,114
New Shangrila Exterior Emulsion,3-4-1,243,228,215
New Shangrila Exterior Emulsion,3-4-2,235,209,197
New Shangrila Exterior Emulsion,3-4-3,233,191,177
New Shangrila Exterior Emulsion,3-4-4,220,171,157
New Shangrila Exterior Emulsion,3-4-5,204,140,120
New Shangrila Exterior Emulsion,3-4-6,172,98,81
New Shangrila Exterior Emulsion,4-4-1,239,225,219
New Shangrila Exterior Emulsion,4-4-2,229,206,198
New Shangrila Exterior Emulsion,4-4-3,211,179,172
New Shangrila Exterior Emulsion,4-4-4,191,151,141
New Shangrila Exterior Emulsion,4-4-5,177,128,114
New Shangrila Exterior Emulsion,4-4-6,155,102,88
New Shangrila Exterior Emulsion,5-4-1,235,224,215
New Shangrila Exterior Emulsion,5-4-2,229,213,204
New Shangrila Exterior Emulsion,5-4-3,188,161,149
New Shangrila Exterior Emulsion,5-4-4,167,128,111
New Shangrila Exterior Emulsion,5-4-5,141,103,88
New Shangrila Exterior Emulsion,5-4-7,100,84,77
New Shangrila Exterior Emulsion,1-5-1,241,233,225
New Shangrila Exterior Emulsion,1-5-2,248,215,197
New Shangrila Exterior Emulsion,1-5-3,250,203,182
New Shangrila Exterior Emulsion,1-5-4,251,186,160
New Shangrila Exterior Emulsion,5-5-1,244,226,216
New Shangrila Exterior Emulsion,5-5-2,216,201,194
New Shangrila Exterior Emulsion,5-5-3,193,170,161
New Shangrila Exterior Emulsion,5-5-4,149,128,116
New Shangrila Exterior Emulsion,2-6-1,244,236,220
New Shangrila Exterior Emulsion,2-6-2,243,224,206
New Shangrila Exterior Emulsion,2-6-3,243,199,170
New Shangrila Exterior Emulsion,2-6-4,240,177,145
New Shangrila Exterior Emulsion,2-6-5,230,155,116
New Shangrila Exterior Emulsion,3-6-1,247,229,213
New Shangrila Exterior Emulsion,3-6-2,232,207,190
New Shangrila Exterior Emulsion,3-6-3,225,178,156
New Shangrila Exterior Emulsion,3-6-4,217,165,139
New Shangrila Exterior Emulsion,3-6-5,207,144,118
New Shangrila Exterior Emulsion,3-6-6,188,117,78
New Shangrila Exterior Emulsion,4-6-1,242,226,212
New Shangrila Exterior Emulsion,4-6-2,228,209,197
New Shangrila Exterior Emulsion,4-6-3,211,183,169
New Shangrila Exterior Emulsion,4-6-4,196,161,140
New Shangrila Exterior Emulsion,4-6-5,176,132,113
New Shangrila Exterior Emulsion,4-6-6,157,106,87
New Shangrila Exterior Emulsion,5-6-1,239,230,220
New Shangrila Exterior Emulsion,5-6-2,223,212,198
New Shangrila Exterior Emulsion,5-6-3,193,174,161
New Shangrila Exterior Emulsion,5-6-4,166,143,128
New Shangrila Exterior Emulsion,5-6-5,139,111,94
New Shangrila Exterior Emulsion,5-6-7,100,85,76
New Shangrila Exterior Emulsion,1-7-1,246,234,217
New Shangrila Exterior Emulsion,1-7-2,243,219,195
New Shangrila Exterior Emulsion,1-7-3,253,206,172
New Shangrila Exterior Emulsion,1-7-4,254,192,149
New Shangrila Exterior Emulsion,4-7-1,243,229,213
New Shangrila Exterior Emulsion,4-7-2,226,206,192
New Shangrila Exterior Emulsion,4-7-3,214,187,169
New Shangrila Exterior Emulsion,4-7-4,196,165,140
New Shangrila Exterior Emulsion,4-7-5,183,140,112
New Shangrila Exterior Emulsion,4-7-6,159,109,86
New Shangrila Exterior Emulsion,1-8-1,245,231,212
New Shangrila Exterior Emulsion,1-8-2,247,228,198
New Shangrila Exterior Emulsion,2-8-1,246,235,212
New Shangrila Exterior Emulsion,2-8-2,241,206,165
New Shangrila Exterior Emulsion,2-8-3,234,192,139
New Shangrila Exterior Emulsion,2-8-4,233,175,113
New Shangrila Exterior Emulsion,2-8-5,225,158,92
New Shangrila Exterior Emulsion,3-8-1,245,239,223
New Shangrila Exterior Emulsion,3-8-2,232,216,194
New Shangrila Exterior Emulsion,3-8-3,221,191,155
New Shangrila Exterior Emulsion,3-8-4,200,161,115
New Shangrila Exterior Emulsion,3-8-5,195,142,93
New Shangrila Exterior Emulsion,3-8-6,184,129,75
New Shangrila Exterior Emulsion,2-9-1,241,234,215
New Shangrila Exterior Emulsion,2-9-2,237,212,164
New Shangrila Exterior Emulsion,2-9-3,236,196,129
New Shangrila Exterior Emulsion,2-9-4,228,183,115
New Shangrila Exterior Emulsion,2-9-5,222,171,98
New Shangrila Exterior Emulsion,2-9-6,223,162,78
New Shangrila Exterior Emulsion,3-9-1,239,233,220
New Shangrila Exterior Emulsion,3-9-2,237,222,197
New Shangrila Exterior Emulsion,3-9-3,217,193,153
New Shangrila Exterior Emulsion,3-9-4,208,173,115
New Shangrila Exterior Emulsion,3-9-5,200,157,96
New Shangrila Exterior Emulsion,3-9-6,190,144,79
New Shangrila Exterior Emulsion,3-9-7,191,138,80
New Shangrila Exterior Emulsion,4-9-1,234,222,205
New Shangrila Exterior Emulsion,4-9-2,225,215,197
New Shangrila Exterior Emulsion,4-9-3,209,193,166
New Shangrila Exterior Emulsion,4-9-4,198,173,141
New Shangrila Exterior Emulsion,4-9-5,182,151,114
New Shangrila Exterior Emulsion,4-9-6,160,121,81
New Shangrila Exterior Emulsion,5-9-1,234,220,205
New Shangrila Exterior Emulsion,5-9-2,217,208,199
New Shangrila Exterior Emulsion,5-9-3,190,176,160
New Shangrila Exterior Emulsion,5-9-5,142,117,95
New Shangrila Exterior Emulsion,1-10-1,240,233,207
New Shangrila Exterior Emulsion,1-10-2,247,229,174
New Shangrila Exterior Emulsion,4-10-1,240,234,216
New Shangrila Exterior Emulsion,4-10-2,226,216,194
New Shangrila Exterior Emulsion,4-10-3,215,196,169
New Shangrila Exterior Emulsion,4-10-4,198,175,140
New Shangrila Exterior Emulsion,4-10-5,177,153,115
New Shangrila Exterior Emulsion,4-10-6,164,134,88
New Shangrila Exterior Emulsion,5-10-1,237,229,216
New Shangrila Exterior Emulsion,5-10-2,219,209,195
New Shangrila Exterior Emulsion,5-10-3,200,186,166
New Shangrila Exterior Emulsion,5-10-4,166,151,133
New Shangrila Exterior Emulsion,5-10-5,151,126,99
New Shangrila Exterior Emulsion,5-10-6,121,100,73
New Shangrila Exterior Emulsion,5-10-7,101,88,74
New Shangrila Exterior Emulsion,1-11-1,240,234,207
New Shangrila Exterior Emulsion,3-11-1,238,230,212
New Shangrila Exterior Emulsion,3-11-2,234,221,189
New Shangrila Exterior Emulsion,3-11-3,231,216,175
New Shangrila Exterior Emulsion,3-11-4,223,203,151
New Shangrila Exterior Emulsion,3-11-5,209,181,115
New Shangrila Exterior Emulsion,3-11-6,187,152,71
New Shangrila Exterior Emulsion,4-11-1,234,226,208
New Shangrila Exterior Emulsion,4-11-2,222,212,188
New Shangrila Exterior Emulsion,4-11-3,215,199,161
New Shangrila Exterior Emulsion,4-11-4,201,182,141
New Shangrila Exterior Emulsion,4-11-5,183,163,116
New Shangrila Exterior Emulsion,4-11-6,171,145,89
New Shangrila Exterior Emulsion,5-11-1,236,229,218
New Shangrila Exterior Emulsion,5-11-2,224,216,202
New Shangrila Exterior Emulsion,5-11-3,201,187,168
New Shangrila Exterior Emulsion,5-11-4,174,158,134
New Shangrila Exterior Emulsion,5-11-5,148,130,104
New Shangrila Exterior Emulsion,5-11-6,123,102,76
New Shangrila Exterior Emulsion,5-11-7,102,89,76
New Shangrila Exterior Emulsion,1-12-1,240,237,208
New Shangrila Exterior Emulsion,3-12-1,237,232,209
New Shangrila Exterior Emulsion,3-12-2,231,222,189
New Shangrila Exterior Emulsion,3-12-3,228,212,158
New Shangrila Exterior Emulsion,3-12-4,222,201,132
New Shangrila Exterior Emulsion,3-12-5,205,180,108
New Shangrila Exterior Emulsion,3-12-6,198,163,82
New Shangrila Exterior Emulsion,5-12-1,238,234,221
New Shangrila Exterior Emulsion,5-12-2,209,204,191
New Shangrila Exterior Emulsion,5-12-3,198,192,176
New Shangrila Exterior Emulsion,5-12-4,176,170,157
New Shangrila Exterior Emulsion,5-12-5,149,142,127
New Shangrila Exterior Emulsion,5-12-6,115,107,91
New Shangrila Exterior Emulsion,5-12-7,103,93,77
New Shangrila Exterior Emulsion,3-13-1,240,236,212
New Shangrila Exterior Emulsion,3-13-2,234,223,185
New Shangrila Exterior Emulsion,3-13-4,229,213,152
New Shangrila Exterior Emulsion,3-13-5,212,194,121
New Shangrila Exterior Emulsion,3-13-6,199,172,83
New Shangrila Exterior Emulsion,4-13-1,246,239,203
New Shangrila Exterior Emulsion,4-13-2,223,216,182
New Shangrila Exterior Emulsion,4-13-3,217,207,165
New Shangrila Exterior Emulsion,4-13-4,203,190,141
New Shangrila Exterior Emulsion,4-13-5,188,173,118
New Shangrila Exterior Emulsion,4-13-6,172,152,93
New Shangrila Exterior Emulsion,5-13-1,237,232,217
New Shangrila Exterior Emulsion,5-13-2,216,212,197
New Shangrila Exterior Emulsion,5-13-3,199,187,164
New Shangrila Exterior Emulsion,5-13-4,176,163,137
New Shangrila Exterior Emulsion,5-13-5,157,140,110
New Shangrila Exterior Emulsion,5-13-6,132,113,80
New Shangrila Exterior Emulsion,5-13-7,103,90,72
New Shangrila Exterior Emulsion,3-14-1,238,237,211
New Shangrila Exterior Emulsion,3-14-2,225,224,187
New Shangrila Exterior Emulsion,3-14-3,227,220,167
New Shangrila Exterior Emulsion,3-14-4,226,216,158
New Shangrila Exterior Emulsion,3-14-5,213,198,125
New Shangrila Exterior Emulsion,3-14-6,189,172,89
New Shangrila Exterior Emulsion,4-14-1,241,236,215
New Shangrila Exterior Emulsion,4-14-2,224,220,186
New Shangrila Exterior Emulsion,4-14-3,216,209,163
New Shangrila Exterior Emulsion,4-14-4,202,194,142
New Shangrila Exterior Emulsion,4-14-5,188,178,121
New Shangrila Exterior Emulsion,4-14-6,171,159,99
New Shangrila Exterior Emulsion,5-14-1,237,230,214
New Shangrila Exterior Emulsion,5-14-2,219,212,192
New Shangrila Exterior Emulsion,5-14-3,205,197,174
New Shangrila Exterior Emulsion,5-14-4,180,169,138
New Shangrila Exterior Emulsion,5-14-5,157,142,109
New Shangrila Exterior Emulsion,5-14-6,134,117,83
New Shangrila Exterior Emulsion,5-14-7,103,92,74
New Shangrila Exterior Emulsion,1-15-1,235,234,214
New Shangrila Exterior Emulsion,1-15-2,236,238,190
New Shangrila Exterior Emulsion,1-15-3,245,240,176
New Shangrila Exterior Emulsion,1-15-4,240,233,157
New Shangrila Exterior Emulsion,2-15-1,245,241,216
New Shangrila Exterior Emulsion,2-15-2,237,236,200
New Shangrila Exterior Emulsion,2-15-3,241,232,176
New Shangrila Exterior Emulsion,2-15-4,234,228,159
New Shangrila Exterior Emulsion,2-15-5,221,209,120
New Shangrila Exterior Emulsion,3-15-1,234,234,212
New Shangrila Exterior Emulsion,3-15-2,221,221,169
New Shangrila Exterior Emulsion,3-15-3,217,210,143
New Shangrila Exterior Emulsion,3-15-4,206,198,126
New Shangrila Exterior Emulsion,3-15-5,204,189,106
New Shangrila Exterior Emulsion,4-15-1,238,235,216
New Shangrila Exterior Emulsion,4-15-2,222,222,188
New Shangrila Exterior Emulsion,4-15-3,212,209,167
New Shangrila Exterior Emulsion,4-15-4,201,195,143
New Shangrila Exterior Emulsion,4-15-5,179,175,119
New Shangrila Exterior Emulsion,4-15-6,166,157,97
New Shangrila Exterior Emulsion,5-15-1,230,227,218
New Shangrila Exterior Emulsion,5-15-2,210,206,196
New Shangrila Exterior Emulsion,5-15-3,186,182,171
New Shangrila Exterior Emulsion,5-15-4,162,161,154
New Shangrila Exterior Emulsion,5-15-5,139,137,128
New Shangrila Exterior Emulsion,5-15-6,110,107,97
New Shangrila Exterior Emulsion,1-16-1,237,240,213
New Shangrila Exterior Emulsion,1-16-2,230,239,205
New Shangrila Exterior Emulsion,1-16-3,230,237,184
New Shangrila Exterior Emulsion,1-16-4,231,235,155
New Shangrila Exterior Emulsion,1-16-5,220,224,111
New Shangrila Exterior Emulsion,3-16-1,240,240,220
New Shangrila Exterior Emulsion,3-16-2,236,239,205
New Shangrila Exterior Emulsion,3-16-3,221,224,178
New Shangrila Exterior Emulsion,3-16-4,208,209,144
New Shangrila Exterior Emulsion,3-16-5,199,196,125
New Shangrila Exterior Emulsion,5-16-1,239,234,215
New Shangrila Exterior Emulsion,5-16-2,220,219,196
New Shangrila Exterior Emulsion,5-16-3,196,194,164
New Shangrila Exterior Emulsion,5-16-4,179,174,139
New Shangrila Exterior Emulsion,5-16-5,156,148,113
New Shangrila Exterior Emulsion,5-16-6,123,115,83
New Shangrila Exterior Emulsion,5-16-7,93,89,71
New Shangrila Exterior Emulsion,1-17-1,238,240,226
New Shangrila Exterior Emulsion,1-17-2,236,240,209
New Shangrila Exterior Emulsion,1-17-3,223,237,190
New Shangrila Exterior Emulsion,1-17-4,209,230,157
New Shangrila Exterior Emulsion,1-17-5,192,217,116
New Shangrila Exterior Emulsion,3-17-1,231,236,194
New Shangrila Exterior Emulsion,3-17-2,220,228,195
New Shangrila Exterior Emulsion,3-17-3,212,223,180
New Shangrila Exterior Emulsion,3-17-4,191,204,143
New Shangrila Exterior Emulsion,3-17-5,186,194,124
New Shangrila Exterior Emulsion,3-17-6,158,169,88
New Shangrila Exterior Emulsion,4-17-1,230,235,210
New Shangrila Exterior Emulsion,4-17-2,211,219,192
New Shangrila Exterior Emulsion,4-17-3,200,207,169
New Shangrila Exterior Emulsion,4-17-4,175,187,142
New Shangrila Exterior Emulsion,4-17-5,166,175,122
New Shangrila Exterior Emulsion,4-17-6,144,153,96
New Shangrila Exterior Emulsion,5-17-1,227,228,208
New Shangrila Exterior Emulsion,5-17-2,217,219,197
New Shangrila Exterior Emulsion,5-17-3,191,195,166
New Shangrila Exterior Emulsion,5-17-4,165,169,137
New Shangrila Exterior Emulsion,5-17-5,142,144,112
New Shangrila Exterior Emulsion,5-17-6,108,109,77
New Shangrila Exterior Emulsion,5-17-7,92,96,81
New Shangrila Exterior Emulsion,2-18-1,228,236,212
New Shangrila Exterior Emulsion,2-18-2,223,237,203
New Shangrila Exterior Emulsion,2-18-3,214,229,193
New Shangrila Exterior Emulsion,2-18-4,189,220,164
New Shangrila Exterior Emulsion,2-18-5,165,201,112
New Shangrila Exterior Emulsion,3-18-1,231,235,218
New Shangrila Exterior Emulsion,3-18-2,217,228,196
New Shangrila Exterior Emulsion,3-18-3,205,216,177
New Shangrila Exterior Emulsion,3-18-4,182,200,145
New Shangrila Exterior Emulsion,3-18-5,156,175,108
New Shangrila Exterior Emulsion,5-18-1,230,236,221
New Shangrila Exterior Emulsion,5-18-2,204,210,195
New Shangrila Exterior Emulsion,5-18-3,180,191,170
New Shangrila Exterior Emulsion,5-18-4,150,162,132
New Shangrila Exterior Emulsion,5-18-5,124,136,106
New Shangrila Exterior Emulsion,5-18-7,94,100,77
New Shangrila Exterior Emulsion,1-19-1,218,235,207
New Shangrila Exterior Emulsion,1-19-2,208,227,191
New Shangrila Exterior Emulsion,1-19-3,197,228,175
New Shangrila Exterior Emulsion,1-19-4,188,223,151
New Shangrila Exterior Emulsion,1-19-5,148,203,104
New Shangrila Exterior Emulsion,4-19-1,229,237,215
New Shangrila Exterior Emulsion,4-19-2,208,217,196
New Shangrila Exterior Emulsion,4-19-3,192,206,172
New Shangrila Exterior Emulsion,4-19-4,168,184,144
New Shangrila Exterior Emulsion,4-19-5,138,163,120
New Shangrila Exterior Emulsion,4-19-6,123,145,95
New Shangrila Exterior Emulsion,5-19-1,230,236,221
New Shangrila Exterior Emulsion,5-19-2,205,213,199
New Shangrila Exterior Emulsion,5-19-3,174,186,163
New Shangrila Exterior Emulsion,5-19-4,149,161,135
New Shangrila Exterior Emulsion,5-19-5,120,134,103
New Shangrila Exterior Emulsion,5-19-7,90,95,79
New Shangrila Exterior Emulsion,2-20-1,231,240,205
New Shangrila Exterior Emulsion,2-20-2,211,229,192
New Shangrila Exterior Emulsion,2-20-3,193,224,182
New Shangrila Exterior Emulsion,2-20-4,149,198,120
New Shangrila Exterior Emulsion,2-20-5,133,184,106
New Shangrila Exterior Emulsion,3-20-1,231,240,222
New Shangrila Exterior Emulsion,3-20-2,224,234,217
New Shangrila Exterior Emulsion,3-20-3,191,214,179
New Shangrila Exterior Emulsion,3-20-4,181,210,168
New Shangrila Exterior Emulsion,3-20-5,149,185,129
New Shangrila Exterior Emulsion,3-20-6,115,152,82
New Shangrila Exterior Emulsion,4-20-1,229,236,216
New Shangrila Exterior Emulsion,4-20-2,207,219,198
New Shangrila Exterior Emulsion,4-20-3,192,206,176
New Shangrila Exterior Emulsion,4-20-4,162,183,146
New Shangrila Exterior Emulsion,4-20-5,135,162,123
New Shangrila Exterior Emulsion,4-20-6,113,141,93
New Shangrila Exterior Emulsion,5-20-1,217,216,210
New Shangrila Exterior Emulsion,5-20-2,195,197,190
New Shangrila Exterior Emulsion,5-20-3,184,186,178
New Shangrila Exterior Emulsion,5-20-4,155,158,154
New Shangrila Exterior Emulsion,5-20-5,129,134,130
New Shangrila Exterior Emulsion,5-20-6,99,103,97
New Shangrila Exterior Emulsion,5-20-7,82,83,77
New Shangrila Exterior Emulsion,1-21-1,214,236,208
New Shangrila Exterior Emulsion,1-21-2,205,228,195
New Shangrila Exterior Emulsion,1-21-3,196,230,182
New Shangrila Exterior Emulsion,1-21-4,177,220,154
New Shangrila Exterior Emulsion,1-21-5,137,203,113
New Shangrila Exterior Emulsion,2-21-1,225,236,209
New Shangrila Exterior Emulsion,2-21-2,213,233,207
New Shangrila Exterior Emulsion,2-21-3,197,224,187
New Shangrila Exterior Emulsion,2-21-4,160,206,147
New Shangrila Exterior Emulsion,2-21-5,123,182,107
New Shangrila Exterior Emulsion,5-21-1,220,229,214
New Shangrila Exterior Emulsion,5-21-2,205,212,199
New Shangrila Exterior Emulsion,5-21-3,174,187,168
New Shangrila Exterior Emulsion,5-21-4,141,158,134
New Shangrila Exterior Emulsion,5-21-5,108,128,101
New Shangrila Exterior Emulsion,5-21-7,88,94,79
New Shangrila Exterior Emulsion,3-22-1,232,238,222
New Shangrila Exterior Emulsion,3-22-2,219,231,216
New Shangrila Exterior Emulsion,3-22-3,190,215,186
New Shangrila Exterior Emulsion,3-22-5,142,181,131
New Shangrila Exterior Emulsion,3-22-6,100,144,81
New Shangrila Exterior Emulsion,5-22-1,226,234,221
New Shangrila Exterior Emulsion,5-22-2,202,211,199
New Shangrila Exterior Emulsion,5-22-3,168,181,161
New Shangrila Exterior Emulsion,5-22-4,139,157,135
New Shangrila Exterior Emulsion,5-22-5,104,123,99
New Shangrila Exterior Emulsion,2-23-1,226,237,222
New Shangrila Exterior Emulsion,2-23-2,215,235,215
New Shangrila Exterior Emulsion,2-23-3,181,221,183
New Shangrila Exterior Emulsion,2-23-4,152,204,149
New Shangrila Exterior Emulsion,2-23-5,105,177,112
New Shangrila Exterior Emulsion,4-23-1,223,235,219
New Shangrila Exterior Emulsion,4-23-2,203,219,200
New Shangrila Exterior Emulsion,4-23-3,181,201,174
New Shangrila Exterior Emulsion,4-23-4,151,179,147
New Shangrila Exterior Emulsion,4-23-5,131,157,120
New Shangrila Exterior Emulsion,4-23-6,100,136,93
New Shangrila Exterior Emulsion,5-23-1,226,233,222
New Shangrila Exterior Emulsion,5-23-2,198,209,198
New Shangrila Exterior Emulsion,5-23-3,172,187,170
New Shangrila Exterior Emulsion,5-23-4,136,157,136
New Shangrila Exterior Emulsion,5-23-5,105,126,102
New Shangrila Exterior Emulsion,5-23-7,68,79,68
New Shangrila Exterior Emulsion,1-24-1,223,232,220
New Shangrila Exterior Emulsion,1-24-2,206,236,216
New Shangrila Exterior Emulsion,1-24-3,177,225,184
New Shangrila Exterior Emulsion,1-24-4,138,207,156
New Shangrila Exterior Emulsion,1-24-5,93,190,130
New Shangrila Exterior Emulsion,1-24-6,67,177,111
New Shangrila Exterior Emulsion,2-24-1,221,234,215
New Shangrila Exterior Emulsion,2-24-2,217,236,217
New Shangrila Exterior Emulsion,2-24-3,172,220,188
New Shangrila Exterior Emulsion,2-24-4,132,201,155
New Shangrila Exterior Emulsion,3-24-1,217,235,212
New Shangrila Exterior Emulsion,3-24-2,212,230,209
New Shangrila Exterior Emulsion,3-24-3,186,217,190
New Shangrila Exterior Emulsion,3-24-4,163,203,169
New Shangrila Exterior Emulsion,3-24-5,124,173,134
New Shangrila Exterior Emulsion,3-24-6,74,139,90
New Shangrila Exterior Emulsion,4-24-1,218,231,216
New Shangrila Exterior Emulsion,4-24-2,193,213,192
New Shangrila Exterior Emulsion,4-24-3,178,200,175
New Shangrila Exterior Emulsion,4-24-4,148,180,149
New Shangrila Exterior Emulsion,4-24-5,123,158,124
New Shangrila Exterior Emulsion,4-24-6,94,133,94
New Shangrila Exterior Emulsion,5-24-1,228,235,223
New Shangrila Exterior Emulsion,5-24-2,204,217,204
New Shangrila Exterior Emulsion,5-24-3,171,187,171
New Shangrila Exterior Emulsion,5-24-4,139,158,140
New Shangrila Exterior Emulsion,5-24-5,103,127,105
New Shangrila Exterior Emulsion,5-24-7,72,83,71
New Shangrila Exterior Emulsion,2-25-1,216,235,221
New Shangrila Exterior Emulsion,2-25-2,209,235,221
New Shangrila Exterior Emulsion,2-25-4,127,195,162
New Shangrila Exterior Emulsion,2-25-5,75,167,134
New Shangrila Exterior Emulsion,3-25-1,224,238,224
New Shangrila Exterior Emulsion,3-25-2,217,231,218
New Shangrila Exterior Emulsion,3-25-3,208,227,210
New Shangrila Exterior Emulsion,3-25-4,164,205,174
New Shangrila Exterior Emulsion,3-25-5,111,172,134
New Shangrila Exterior Emulsion,3-25-6,61,136,89
New Shangrila Exterior Emulsion,5-25-1,225,232,222
New Shangrila Exterior Emulsion,5-25-2,202,215,204
New Shangrila Exterior Emulsion,5-25-3,165,185,172
New Shangrila Exterior Emulsion,5-25-4,133,156,138
New Shangrila Exterior Emulsion,5-25-5,94,123,103
New Shangrila Exterior Emulsion,5-25-7,75,88,79
New Shangrila Exterior Emulsion,1-26-1,227,240,232
New Shangrila Exterior Emulsion,1-26-2,198,233,221
New Shangrila Exterior Emulsion,1-26-3,164,226,208
New Shangrila Exterior Emulsion,1-26-4,114,205,185
New Shangrila Exterior Emulsion,1-26-5,70,189,163
New Shangrila Exterior Emulsion,1-26-6,0,172,147
New Shangrila Exterior Emulsion,1-26-7,0,159,133
New Shangrila Exterior Emulsion,3-26-1,225,236,226
New Shangrila Exterior Emulsion,3-26-2,216,231,220
New Shangrila Exterior Emulsion,3-26-4,150,199,176
New Shangrila Exterior Emulsion,3-26-5,101,170,141
New Shangrila Exterior Emulsion,3-26-6,49,131,99
New Shangrila Exterior Emulsion,4-26-1,230,237,228
New Shangrila Exterior Emulsion,4-26-2,214,229,216
New Shangrila Exterior Emulsion,4-26-3,166,193,177
New Shangrila Exterior Emulsion,4-26-4,135,176,157
New Shangrila Exterior Emulsion,4-26-5,104,149,126
New Shangrila Exterior Emulsion,4-26-6,65,121,99
New Shangrila Exterior Emulsion,2-27-1,209,227,227
New Shangrila Exterior Emulsion,2-27-2,199,231,227
New Shangrila Exterior Emulsion,2-27-3,158,210,202
New Shangrila Exterior Emulsion,2-27-4,106,194,185
New Shangrila Exterior Emulsion,2-27-5,23,164,150
New Shangrila Exterior Emulsion,2-27-6,0,144,134
New Shangrila Exterior Emulsion,4-27-1,217,232,221
New Shangrila Exterior Emulsion,4-27-2,195,216,207
New Shangrila Exterior Emulsion,4-27-3,159,191,179
New Shangrila Exterior Emulsion,4-27-4,125,169,157
New Shangrila Exterior Emulsion,4-27-5,96,146,133
New Shangrila Exterior Emulsion,4-27-6,64,121,106
New Shangrila Exterior Emulsion,5-27-1,218,229,219
New Shangrila Exterior Emulsion,5-27-2,197,212,204
New Shangrila Exterior Emulsion,5-27-3,167,191,183
New Shangrila Exterior Emulsion,5-27-4,127,155,146
New Shangrila Exterior Emulsion,5-27-5,94,126,118
New Shangrila Exterior Emulsion,5-27-6,52,93,84
New Shangrila Exterior Emulsion,5-27-7,78,95,91
New Shangrila Exterior Emulsion,1-28-1,226,232,230
New Shangrila Exterior Emulsion,1-28-2,198,230,231
New Shangrila Exterior Emulsion,1-28-3,156,223,220
New Shangrila Exterior Emulsion,1-28-4,119,208,208
New Shangrila Exterior Emulsion,1-28-5,39,183,186
New Shangrila Exterior Emulsion,1-28-6,0,167,171
New Shangrila Exterior Emulsion,1-28-7,0,148,151
New Shangrila Exterior Emulsion,2-29-1,218,235,233
New Shangrila Exterior Emulsion,2-29-2,210,231,230
New Shangrila Exterior Emulsion,2-29-3,157,213,217
New Shangrila Exterior Emulsion,2-29-4,108,191,199
New Shangrila Exterior Emulsion,2-29-5,53,160,171
New Shangrila Exterior Emulsion,2-29-6,0,143,157
New Shangrila Exterior Emulsion,2-29-7,0,124,135
New Shangrila Exterior Emulsion,4-29-1,222,234,230
New Shangrila Exterior Emulsion,4-29-2,201,222,219
New Shangrila Exterior Emulsion,4-29-3,161,201,199
New Shangrila Exterior Emulsion,4-29-4,128,174,173
New Shangrila Exterior Emulsion,4-29-5,92,148,147
New Shangrila Exterior Emulsion,4-29-6,61,116,117
New Shangrila Exterior Emulsion,5-29-1,215,217,212
New Shangrila Exterior Emulsion,5-29-2,184,191,187
New Shangrila Exterior Emulsion,5-29-3,174,181,178
New Shangrila Exterior Emulsion,5-29-4,152,160,160
New Shangrila Exterior Emulsion,5-29-5,125,133,134
New Shangrila Exterior Emulsion,5-29-6,91,99,98
New Shangrila Exterior Emulsion,5-29-7,69,75,73
New Shangrila Exterior Emulsion,1-30-1,224,238,234
New Shangrila Exterior Emulsion,1-30-2,194,225,225
New Shangrila Exterior Emulsion,1-30-3,158,219,228
New Shangrila Exterior Emulsion,1-30-4,108,201,214
New Shangrila Exterior Emulsion,1-30-5,80,189,208
New Shangrila Exterior Emulsion,1-30-6,30,161,178
New Shangrila Exterior Emulsion,1-30-7,0,146,171
New Shangrila Exterior Emulsion,3-30-1,220,236,232
New Shangrila Exterior Emulsion,3-30-2,191,222,224
New Shangrila Exterior Emulsion,3-30-3,166,207,211
New Shangrila Exterior Emulsion,3-30-4,120,183,190
New Shangrila Exterior Emulsion,3-30-5,67,145,153
New Shangrila Exterior Emulsion,3-30-6,29,126,137
New Shangrila Exterior Emulsion,4-30-1,225,236,233
New Shangrila Exterior Emulsion,4-30-2,197,219,219
New Shangrila Exterior Emulsion,4-30-3,160,194,196
New Shangrila Exterior Emulsion,4-30-4,122,169,173
New Shangrila Exterior Emulsion,4-30-5,92,146,152
New Shangrila Exterior Emulsion,4-30-6,58,116,122
New Shangrila Exterior Emulsion,5-31-1,226,234,233
New Shangrila Exterior Emulsion,5-31-2,200,212,214
New Shangrila Exterior Emulsion,5-31-3,159,180,184
New Shangrila Exterior Emulsion,5-31-4,131,156,162
New Shangrila Exterior Emulsion,5-31-5,86,120,126
New Shangrila Exterior Emulsion,5-31-6,61,93,101
New Shangrila Exterior Emulsion,5-31-7,73,91,95
New Shangrila Exterior Emulsion,1-32-1,218,235,234
New Shangrila Exterior Emulsion,1-32-2,195,224,230
New Shangrila Exterior Emulsion,1-32-3,156,211,229
New Shangrila Exterior Emulsion,1-32-4,116,194,221
New Shangrila Exterior Emulsion,1-32-5,51,165,203
New Shangrila Exterior Emulsion,1-32-6,0,151,192
New Shangrila Exterior Emulsion,1-32-7,0,133,169
New Shangrila Exterior Emulsion,2-32-1,211,221,221
New Shangrila Exterior Emulsion,2-32-2,184,215,225
New Shangrila Exterior Emulsion,2-32-3,151,203,219
New Shangrila Exterior Emulsion,2-32-4,107,182,209
New Shangrila Exterior Emulsion,2-32-5,69,152,185
New Shangrila Exterior Emulsion,2-32-6,0,124,159
New Shangrila Exterior Emulsion,1-33-1,217,233,234
New Shangrila Exterior Emulsion,1-33-2,186,219,229
New Shangrila Exterior Emulsion,1-33-3,158,210,234
New Shangrila Exterior Emulsion,1-33-4,133,198,226
New Shangrila Exterior Emulsion,1-33-5,72,174,213
New Shangrila Exterior Emulsion,1-33-6,0,146,199
New Shangrila Exterior Emulsion,1-33-7,0,126,177
New Shangrila Exterior Emulsion,3-33-1,212,228,229
New Shangrila Exterior Emulsion,3-33-2,189,213,223
New Shangrila Exterior Emulsion,3-33-3,167,199,216
New Shangrila Exterior Emulsion,3-33-4,140,180,203
New Shangrila Exterior Emulsion,3-33-5,91,149,180
New Shangrila Exterior Emulsion,3-33-6,41,110,151
New Shangrila Exterior Emulsion,4-33-1,212,222,224
New Shangrila Exterior Emulsion,4-33-2,188,205,210
New Shangrila Exterior Emulsion,4-33-3,162,192,204
New Shangrila Exterior Emulsion,4-33-4,129,166,180
New Shangrila Exterior Emulsion,4-33-5,95,139,157
New Shangrila Exterior Emulsion,4-33-6,64,110,131
New Shangrila Exterior Emulsion,1-34-1,215,231,234
New Shangrila Exterior Emulsion,1-34-2,191,216,229
New Shangrila Exterior Emulsion,1-34-3,162,203,229
New Shangrila Exterior Emulsion,1-34-4,116,179,219
New Shangrila Exterior Emulsion,1-34-5,69,151,205
New Shangrila Exterior Emulsion,1-34-6,40,138,198
New Shangrila Exterior Emulsion,1-34-7,0,114,173
New Shangrila Exterior Emulsion,5-34-1,227,230,229
New Shangrila Exterior Emulsion,5-34-2,196,205,208
New Shangrila Exterior Emulsion,5-34-3,159,175,184
New Shangrila Exterior Emulsion,5-34-4,126,147,159
New Shangrila Exterior Emulsion,5-34-5,90,113,128
New Shangrila Exterior Emulsion,5-34-6,64,77,89
New Shangrila Exterior Emulsion,5-34-7,74,85,94
New Shangrila Exterior Emulsion,3-35-1,225,232,232
New Shangrila Exterior Emulsion,3-35-2,210,227,235
New Shangrila Exterior Emulsion,3-35-3,169,197,213
New Shangrila Exterior Emulsion,3-35-4,123,163,189
New Shangrila Exterior Emulsion,3-35-5,75,127,161
New Shangrila Exterior Emulsion,3-35-6,37,108,150
New Shangrila Exterior Emulsion,4-35-1,217,225,227
New Shangrila Exterior Emulsion,4-35-2,203,212,218
New Shangrila Exterior Emulsion,4-35-3,163,184,200
New Shangrila Exterior Emulsion,4-35-4,133,158,175
New Shangrila Exterior Emulsion,4-35-5,100,132,157
New Shangrila Exterior Emulsion,4-35-6,69,101,130
New Shangrila Exterior Emulsion,1-36-1,224,231,233
New Shangrila Exterior Emulsion,1-36-2,198,213,226
New Shangrila Exterior Emulsion,1-36-3,166,192,226
New Shangrila Exterior Emulsion,1-36-4,135,162,209
New Shangrila Exterior Emulsion,1-36-5,97,136,194
New Shangrila Exterior Emulsion,1-36-6,80,114,181
New Shangrila Exterior Emulsion,1-36-7,57,94,160
New Shangrila Exterior Emulsion,3-36-1,210,217,220
New Shangrila Exterior Emulsion,3-36-2,196,213,224
New Shangrila Exterior Emulsion,3-36-3,170,190,208
New Shangrila Exterior Emulsion,3-36-4,128,155,188
New Shangrila Exterior Emulsion,3-36-5,85,114,150
New Shangrila Exterior Emulsion,3-36-6,61,95,139
New Shangrila Exterior Emulsion,5-36-1,219,225,229
New Shangrila Exterior Emulsion,5-36-2,194,201,205
New Shangrila Exterior Emulsion,5-36-3,162,171,181
New Shangrila Exterior Emulsion,5-36-4,119,133,148
New Shangrila Exterior Emulsion,5-36-5,86,99,118
New Shangrila Exterior Emulsion,2-37-1,216,222,232
New Shangrila Exterior Emulsion,2-37-2,204,211,224
New Shangrila Exterior Emulsion,2-37-3,167,185,216
New Shangrila Exterior Emulsion,2-37-4,133,152,198
New Shangrila Exterior Emulsion,2-37-5,97,113,169
New Shangrila Exterior Emulsion,2-37-6,80,95,156
New Shangrila Exterior Emulsion,4-37-1,220,228,233
New Shangrila Exterior Emulsion,4-37-2,194,203,212
New Shangrila Exterior Emulsion,4-37-3,163,178,195
New Shangrila Exterior Emulsion,4-37-4,134,147,171
New Shangrila Exterior Emulsion,4-37-5,105,120,150
New Shangrila Exterior Emulsion,4-37-6,74,91,123
New Shangrila Exterior Emulsion,5-37-1,235,234,229
New Shangrila Exterior Emulsion,5-37-2,220,222,220
New Shangrila Exterior Emulsion,5-37-3,196,200,202
New Shangrila Exterior Emulsion,5-37-4,145,153,160
New Shangrila Exterior Emulsion,5-37-5,108,115,122
New Shangrila Exterior Emulsion,5-37-6,89,95,102
New Shangrila Exterior Emulsion,1-38-1,210,216,229
New Shangrila Exterior Emulsion,1-38-2,202,211,232
New Shangrila Exterior Emulsion,1-38-3,173,184,221
New Shangrila Exterior Emulsion,1-38-4,147,156,209
New Shangrila Exterior Emulsion,1-38-5,122,126,192
New Shangrila Exterior Emulsion,1-38-6,110,111,177
New Shangrila Exterior Emulsion,5-38-1,220,226,230
New Shangrila Exterior Emulsion,5-38-2,198,203,211
New Shangrila Exterior Emulsion,5-38-3,161,167,179
New Shangrila Exterior Emulsion,5-38-4,125,129,147
New Shangrila Exterior Emulsion,5-38-5,89,93,113
New Shangrila Exterior Emulsion,5-38-7,68,71,83
New Shangrila Exterior Emulsion,2-39-1,232,231,232
New Shangrila Exterior Emulsion,2-39-2,213,215,228
New Shangrila Exterior Emulsion,2-39-3,181,181,213
New Shangrila Exterior Emulsion,2-39-4,151,148,190
New Shangrila Exterior Emulsion,2-39-5,118,111,168
New Shangrila Exterior Emulsion,2-39-6,104,93,152
New Shangrila Exterior Emulsion,3-39-1,212,219,227
New Shangrila Exterior Emulsion,3-39-2,197,202,220
New Shangrila Exterior Emulsion,3-39-3,173,180,201
New Shangrila Exterior Emulsion,3-39-4,144,147,182
New Shangrila Exterior Emulsion,3-39-5,104,106,148
New Shangrila Exterior Emulsion,4-39-1,219,219,226
New Shangrila Exterior Emulsion,4-39-2,196,199,209
New Shangrila Exterior Emulsion,4-39-3,168,175,193
New Shangrila Exterior Emulsion,4-39-4,140,145,170
New Shangrila Exterior Emulsion,4-39-5,109,116,145
New Shangrila Exterior Emulsion,4-39-6,88,89,123
New Shangrila Exterior Emulsion,5-39-1,219,220,227
New Shangrila Exterior Emulsion,5-39-2,196,195,204
New Shangrila Exterior Emulsion,5-39-4,129,130,148
New Shangrila Exterior Emulsion,5-39-5,97,94,112
New Shangrila Exterior Emulsion,5-39-7,76,71,82
New Shangrila Exterior Emulsion,1-40-1,224,223,234
New Shangrila Exterior Emulsion,1-40-2,204,201,228
New Shangrila Exterior Emulsion,1-40-3,190,185,219
New Shangrila Exterior Emulsion,1-40-4,170,158,209
New Shangrila Exterior Emulsion,1-40-5,142,125,190
New Shangrila Exterior Emulsion,1-40-6,127,102,171
New Shangrila Exterior Emulsion,4-40-1,226,228,232
New Shangrila Exterior Emulsion,4-40-2,196,200,211
New Shangrila Exterior Emulsion,4-40-3,174,174,195
New Shangrila Exterior Emulsion,4-40-4,146,148,172
New Shangrila Exterior Emulsion,4-40-5,126,122,148
New Shangrila Exterior Emulsion,4-40-6,94,88,121
New Shangrila Exterior Emulsion,5-40-1,230,227,223
New Shangrila Exterior Emulsion,5-40-2,200,203,209
New Shangrila Exterior Emulsion,5-40-3,165,164,178
New Shangrila Exterior Emulsion,5-40-4,130,128,144
New Shangrila Exterior Emulsion,5-40-5,100,94,114
New Shangrila Exterior Emulsion,5-40-7,86,87,96
New Shangrila Exterior Emulsion,2-41-1,227,220,228
New Shangrila Exterior Emulsion,2-41-2,216,209,222
New Shangrila Exterior Emulsion,2-41-3,191,180,212
New Shangrila Exterior Emulsion,2-41-4,173,148,196
New Shangrila Exterior Emulsion,2-41-5,139,113,166
New Shangrila Exterior Emulsion,3-41-1,218,219,228
New Shangrila Exterior Emulsion,3-41-2,204,200,215
New Shangrila Exterior Emulsion,3-41-3,189,184,208
New Shangrila Exterior Emulsion,3-41-4,169,164,195
New Shangrila Exterior Emulsion,3-41-5,137,126,167
New Shangrila Exterior Emulsion,4-41-1,228,226,229
New Shangrila Exterior Emulsion,4-41-2,205,201,211
New Shangrila Exterior Emulsion,4-41-3,178,172,191
New Shangrila Exterior Emulsion,4-41-4,149,146,170
New Shangrila Exterior Emulsion,4-41-5,119,117,147
New Shangrila Exterior Emulsion,5-41-5,111,100,120
New Shangrila Exterior Emulsion,5-41-4,139,134,151
New Shangrila Exterior Emulsion,5-41-3,165,161,175
New Shangrila Exterior Emulsion,5-41-2,204,203,209
New Shangrila Exterior Emulsion,5-41-1,218,217,216
New Shangrila Exterior Emulsion,1-42-1,229,220,227
New Shangrila Exterior Emulsion,1-42-2,220,210,227
New Shangrila Exterior Emulsion,1-42-3,213,187,223
New Shangrila Exterior Emulsion,1-42-4,188,157,206
New Shangrila Exterior Emulsion,1-42-5,165,128,186
New Shangrila Exterior Emulsion,1-42-6,154,111,170
New Shangrila Exterior Emulsion,1-42-7,136,91,149
New Shangrila Exterior Emulsion,5-42-1,216,214,217
New Shangrila Exterior Emulsion,5-42-2,204,198,205
New Shangrila Exterior Emulsion,5-42-3,174,166,179
New Shangrila Exterior Emulsion,5-42-4,145,133,145
New Shangrila Exterior Emulsion,5-42-5,114,102,123
New Shangrila Exterior Emulsion,5-42-7,90,84,92
New Shangrila Exterior Emulsion,1-43-1,234,227,230
New Shangrila Exterior Emulsion,1-43-2,223,212,229
New Shangrila Exterior Emulsion,1-43-3,212,184,216
New Shangrila Exterior Emulsion,1-43-4,198,159,206
New Shangrila Exterior Emulsion,1-43-5,180,129,186
New Shangrila Exterior Emulsion,1-43-6,172,112,174
New Shangrila Exterior Emulsion,2-43-1,235,217,228
New Shangrila Exterior Emulsion,2-43-2,224,200,218
New Shangrila Exterior Emulsion,2-43-3,215,179,209
New Shangrila Exterior Emulsion,2-43-4,197,156,194
New Shangrila Exterior Emulsion,2-43-5,191,132,177
New Shangrila Exterior Emulsion,3-43-1,234,230,233
New Shangrila Exterior Emulsion,3-43-2,215,203,215
New Shangrila Exterior Emulsion,3-43-3,201,183,205
New Shangrila Exterior Emulsion,3-43-4,176,147,179
New Shangrila Exterior Emulsion,3-43-5,144,109,149
New Shangrila Exterior Emulsion,4-43-1,219,214,221
New Shangrila Exterior Emulsion,4-43-2,206,201,214
New Shangrila Exterior Emulsion,4-43-3,187,179,197
New Shangrila Exterior Emulsion,4-43-4,158,146,170
New Shangrila Exterior Emulsion,4-43-5,135,120,148
New Shangrila Exterior Emulsion,4-43-6,110,91,122
New Shangrila Exterior Emulsion,5-43-1,223,213,215
New Shangrila Exterior Emulsion,5-43-2,212,205,211
New Shangrila Exterior Emulsion,5-43-3,181,172,184
New Shangrila Exterior Emulsion,5-43-4,148,134,148
New Shangrila Exterior Emulsion,5-43-5,122,103,120
New Shangrila Exterior Emulsion,5-43-7,94,85,92
New Shangrila Exterior Emulsion,2-44-1,241,223,232
New Shangrila Exterior Emulsion,2-44-2,231,211,222
New Shangrila Exterior Emulsion,2-44-3,224,187,213
New Shangrila Exterior Emulsion,2-44-4,203,154,189
New Shangrila Exterior Emulsion,2-44-5,180,116,162
New Shangrila Exterior Emulsion,2-44-6,162,88,135
New Shangrila Exterior Emulsion,3-44-1,233,225,227
New Shangrila Exterior Emulsion,3-44-2,226,214,222
New Shangrila Exterior Emulsion,3-44-3,206,180,203
New Shangrila Exterior Emulsion,3-44-4,182,148,178
New Shangrila Exterior Emulsion,1-45-1,245,239,237
New Shangrila Exterior Emulsion,1-45-2,238,221,230
New Shangrila Exterior Emulsion,1-45-3,231,197,221
New Shangrila Exterior Emulsion,1-45-4,231,172,210
New Shangrila Exterior Emulsion,1-45-5,223,141,190
New Shangrila Exterior Emulsion,1-45-6,203,106,165
New Shangrila Exterior Emulsion,3-45-1,238,228,229
New Shangrila Exterior Emulsion,3-45-2,217,194,204
New Shangrila Exterior Emulsion,3-45-4,184,146,172
New Shangrila Exterior Emulsion,3-45-5,161,108,141
New Shangrila Exterior Emulsion,5-45-1,230,224,226
New Shangrila Exterior Emulsion,5-45-2,214,206,208
New Shangrila Exterior Emulsion,5-45-4,160,141,153
New Shangrila Exterior Emulsion,5-45-6,96,79,94
New Shangrila Exterior Emulsion,5-45-7,96,84,89
New Shangrila Exterior Emulsion,2-46-1,242,225,228
New Shangrila Exterior Emulsion,2-46-2,235,212,220
New Shangrila Exterior Emulsion,2-46-3,225,176,197
New Shangrila Exterior Emulsion,2-46-4,210,151,176
New Shangrila Exterior Emulsion,2-46-5,185,111,146
New Shangrila Exterior Emulsion,5-46-1,229,225,228
New Shangrila Exterior Emulsion,5-46-2,216,204,208
New Shangrila Exterior Emulsion,5-46-3,189,174,181
New Shangrila Exterior Emulsion,5-46-4,161,141,152
New Shangrila Exterior Emulsion,5-46-5,134,115,128
New Shangrila Exterior Emulsion,5-46-7,97,83,88
New Shangrila Exterior Emulsion,1-47-2,245,230,231
New Shangrila Exterior Emulsion,1-47-3,242,199,216
New Shangrila Exterior Emulsion,1-47-4,236,168,199
New Shangrila Exterior Emulsion,1-47-5,217,122,163
New Shangrila Exterior Emulsion,1-47-6,201,101,146
New Shangrila Exterior Emulsion,3-47-1,232,220,224
New Shangrila Exterior Emulsion,3-47-2,233,209,216
New Shangrila Exterior Emulsion,3-47-3,224,188,201
New Shangrila Exterior Emulsion,3-47-4,196,154,172
New Shangrila Exterior Emulsion,3-47-5,169,102,128
New Shangrila Exterior Emulsion,3-47-6,151,82,112
New Shangrila Exterior Emulsion,4-47-1,236,226,229
New Shangrila Exterior Emulsion,4-47-2,219,205,209
New Shangrila Exterior Emulsion,4-47-3,206,174,186
New Shangrila Exterior Emulsion,4-47-4,184,145,158
New Shangrila Exterior Emulsion,4-47-5,162,121,137
New Shangrila Exterior Emulsion,1-48-1,242,233,232
New Shangrila Exterior Emulsion,1-48-2,238,225,225
New Shangrila Exterior Emulsion,1-48-3,240,181,197
New Shangrila Exterior Emulsion,1-48-4,233,161,184
New Shangrila Exterior Emulsion,1-48-5,221,124,157
New Shangrila Exterior Emulsion,3-48-1,242,224,227
New Shangrila Exterior Emulsion,3-48-2,232,207,214
New Shangrila Exterior Emulsion,3-48-4,201,143,160
New Shangrila Exterior Emulsion,3-48-5,172,101,121
New Shangrila Exterior Emulsion,4-48-1,235,218,221
New Shangrila Exterior Emulsion,4-48-2,218,197,200
New Shangrila Exterior Emulsion,4-48-3,205,178,182
New Shangrila Exterior Emulsion,4-48-5,165,123,131
New Shangrila Exterior Emulsion,4-48-6,139,90,98
New Shangrila Exterior Emulsion,5-48-1,230,223,226
New Shangrila Exterior Emulsion,5-48-2,217,207,209
New Shangrila Exterior Emulsion,5-48-3,194,177,182
New Shangrila Exterior Emulsion,5-48-4,167,143,149
New Shangrila Exterior Emulsion,5-48-5,138,113,120
New Shangrila Exterior Emulsion,5-48-6,107,79,86
New Shangrila Exterior Emulsion,5-48-7,100,84,85
New Shangrila Exterior Emulsion,4-49-1,233,226,225
New Shangrila Exterior Emulsion,4-49-2,223,205,210
New Shangrila Exterior Emulsion,4-49-3,204,178,184
New Shangrila Exterior Emulsion,4-49-4,188,149,162
New Shangrila Exterior Emulsion,4-49-5,162,124,136
New Shangrila Exterior Emulsion,4-49-6,129,89,102
New Shangrila Exterior Emulsion,1-50-1,242,231,233
New Shangrila Exterior Emulsion,1-50-2,247,213,216
New Shangrila Exterior Emulsion,1-50-3,248,187,191
New Shangrila Exterior Emulsion,1-50-4,238,155,161
New Shangrila Exterior Emulsion,1-50-6,229,108,127
New Shangrila Exterior Emulsion,3-50-1,240,228,228
New Shangrila Exterior Emulsion,3-50-2,230,204,205
New Shangrila Exterior Emulsion,3-50-3,226,188,191
New Shangrila Exterior Emulsion,3-50-4,203,152,155
New Shangrila Exterior Emulsion,3-50-5,176,107,114
New Shangrila Exterior Emulsion,3-50-6,161,79,89
New Shangrila Exterior Emulsion,4-50-1,233,220,224
New Shangrila Exterior Emulsion,4-50-2,220,201,202
New Shangrila Exterior Emulsion,4-50-3,204,177,178
New Shangrila Exterior Emulsion,4-50-4,187,151,154
New Shangrila Exterior Emulsion,4-50-5,165,122,125
New Shangrila Exterior Emulsion,4-50-6,143,92,95
New Shangrila Exterior Emulsion,4-50-7,112,60,64
New Shangrila Exterior Emulsion,5-50-1,240,230,228
New Shangrila Exterior Emulsion,5-50-2,222,208,207
New Shangrila Exterior Emulsion,5-50-3,194,175,174
New Shangrila Exterior Emulsion,5-50-4,167,143,146
New Shangrila Exterior Emulsion,5-50-5,140,105,108
New Shangrila Exterior Emulsion,5-50-6,110,76,78
New Shangrila Exterior Emulsion,5-50-7,100,83,85
New Shangrila Exterior Emulsion,5-1-6,110,76,73
New Shangrila Exterior Emulsion,4-2-7,127,71,73
New Shangrila Exterior Emulsion,5-9-7,95,82,69
New Shangrila Exterior Emulsion,5-9-6,112,87,63
New Shangrila Exterior Emulsion,4-7-7,138,87,61
New Shangrila Exterior Emulsion,5-6-6,107,76,61
New Shangrila Exterior Emulsion,4-6-7,133,79,58
New Shangrila Exterior Emulsion,5-5-7,86,70,64
New Shangrila Exterior Emulsion,5-5-6,98,74,62
New Shangrila Exterior Emulsion,5-5-5,116,89,75
New Shangrila Exterior Emulsion,4-4-7,124,72,60
New Shangrila Exterior Emulsion,3-4-7,154,80,58
New Shangrila Exterior Emulsion,5-3-6,110,76,67
New Shangrila Exterior Emulsion,5-4-6,105,79,74
New Shangrila Exterior Emulsion,5-2-7,109,76,65
New Shangrila Exterior Emulsion,5-15-7,83,79,68
New Shangrila Exterior Emulsion,1-1-5,247,131,123
New Shangrila Exterior Emulsion,5-1-7,103,63,64
New Shangrila Exterior Emulsion,5-2-5,164,125,116
New Shangrila Exterior Emulsion,1-3-5,244,142,114
New Shangrila Exterior Emulsion,1-5-5,251,168,129
New Shangrila Exterior Emulsion,2-6-6,227,136,95
New Shangrila Exterior Emulsion,2-6-7,209,121,72
New Shangrila Exterior Emulsion,1-8-4,252,201,145
New Shangrila Exterior Emulsion,2-15-1,245,241,216
New Shangrila Exterior Emulsion,5-9-4,169,150,129
New Shangrila Exterior Emulsion,1-11-2,247,233,180
New Shangrila Exterior Emulsion,1-11-3,251,224,145
New Shangrila Exterior Emulsion,3-13-3,230,222,174
New Shangrila Exterior Emulsion,1-15-5,234,229,115
New Shangrila Exterior Emulsion,3-15-6,181,168,89
New Shangrila Exterior Emulsion,3-22-4,176,206,169
New Shangrila Exterior Emulsion,2-24-5,91,169,120
New Shangrila Exterior Emulsion,2-25-3,173,218,191
New Shangrila Exterior Emulsion,3-26-3,192,219,206
New Shangrila Exterior Emulsion,5-26-1,228,236,228
New Shangrila Exterior Emulsion,5-26-2,202,215,206
New Shangrila Exterior Emulsion,5-26-3,165,187,176
New Shangrila Exterior Emulsion,5-26-4,129,157,144
New Shangrila Exterior Emulsion,5-26-5,94,124,110
New Shangrila Exterior Emulsion,5-39-3,165,166,179
New Shangrila Exterior Emulsion,3-44-5,157,104,142
New Shangrila Exterior Emulsion,3-45-3,221,189,206
New Shangrila Exterior Emulsion,5-45-3,189,173,186
New Shangrila Exterior Emulsion,5-45-5,126,113,126
New Shangrila Exterior Emulsion,1-47-1,236,226,227
New Shangrila Exterior Emulsion,4-47-6,130,84,103
New Shangrila Exterior Emulsion,1-48-6,212,102,138
New Shangrila Exterior Emulsion,3-48-3,221,180,193
New Shangrila Exterior Emulsion,4-48-4,188,152,157
New Shangrila Exterior Emulsion,1-50-5,237,128,143
,,,,
,,,,
,,,,
,,,,
,,,,
,,,,
,,,,
,,,,
,,,,
,,,,
,,,,
,,,,
,,,,
,,,,
,,,,
,,,,
,,,,
,,,,
,,,,
,,,,
,,,,
,,,,
,,,,
,,,,
,,,,
,,,,
,,,,
,,,,
,,,,
,,,,
,,,,
,,,,
,,,,
,,,,
,,,,
,,,,
,,,,
,,,,
,,,,
,,,,
,,,,
,,,,
,,,,
,,,,
,,,,
,,,,
,,,,
,,,,
,,,,
,,,,
,,,,
,,,,
,,,,
,,,,
,,,,
,,,,
,,,,
,,,,
New Shangrila Interior Emulsion,1-1-1,248,226,222
New Shangrila Interior Emulsion,1-1-3,250,183,175
New Shangrila Interior Emulsion,1-1-7,208,75,78
New Shangrila Interior Emulsion,3-1-1,241,228,225
New Shangrila Interior Emulsion,3-1-2,244,226,223
New Shangrila Interior Emulsion,3-1-3,234,205,203
New Shangrila Interior Emulsion,3-1-4,214,161,160
New Shangrila Interior Emulsion,3-1-5,196,125,124
New Shangrila Interior Emulsion,3-1-6,168,83,81
New Shangrila Interior Emulsion,5-1-1,233,213,209
New Shangrila Interior Emulsion,5-1-2,220,206,204
New Shangrila Interior Emulsion,5-1-3,193,173,172
New Shangrila Interior Emulsion,5-1-4,167,139,135
New Shangrila Interior Emulsion,5-1-5,136,106,104
New Shangrila Interior Emulsion,5-1-6,110,76,73
New Shangrila Interior Emulsion,2-2-1,250,237,231
New Shangrila Interior Emulsion,2-2-2,234,207,198
New Shangrila Interior Emulsion,2-2-3,237,203,189
New Shangrila Interior Emulsion,2-2-4,239,180,175
New Shangrila Interior Emulsion,2-2-6,223,109,108
New Shangrila Interior Emulsion,2-2-7,190,88,87
New Shangrila Interior Emulsion,4-2-1,239,222,214
New Shangrila Interior Emulsion,4-2-2,224,197,192
New Shangrila Interior Emulsion,4-2-3,213,174,169
New Shangrila Interior Emulsion,4-2-4,206,156,152
New Shangrila Interior Emulsion,5-2-1,232,218,211
New Shangrila Interior Emulsion,5-2-2,218,205,201
New Shangrila Interior Emulsion,5-2-3,204,169,161
New Shangrila Interior Emulsion,5-2-4,185,147,139
New Shangrila Interior Emulsion,5-2-5,164,125,116
New Shangrila Interior Emulsion,5-2-6,147,109,100
New Shangrila Interior Emulsion,5-2-7,109,76,65
New Shangrila Interior Emulsion,1-3-1,244,231,224
New Shangrila Interior Emulsion,1-3-2,246,207,202
New Shangrila Interior Emulsion,5-3-1,241,230,220
New Shangrila Interior Emulsion,5-3-2,221,206,201
New Shangrila Interior Emulsion,5-3-3,197,174,166
New Shangrila Interior Emulsion,5-3-4,173,143,135
New Shangrila Interior Emulsion,5-3-5,142,110,100
New Shangrila Interior Emulsion,5-3-6,110,76,67
New Shangrila Interior Emulsion,5-3-7,100,85,81
New Shangrila Interior Emulsion,2-4-1,247,234,221
New Shangrila Interior Emulsion,2-4-2,246,221,207
New Shangrila Interior Emulsion,2-4-3,238,201,187
New Shangrila Interior Emulsion,2-4-6,195,92,80
New Shangrila Interior Emulsion,3-4-1,243,228,215
New Shangrila Interior Emulsion,3-4-2,235,209,197
New Shangrila Interior Emulsion,3-4-3,233,191,177
New Shangrila Interior Emulsion,3-4-4,220,171,157
New Shangrila Interior Emulsion,3-4-5,204,140,120
New Shangrila Interior Emulsion,3-4-6,172,98,81
New Shangrila Interior Emulsion,4-4-1,239,225,219
New Shangrila Interior Emulsion,4-4-2,229,206,198
New Shangrila Interior Emulsion,4-4-3,211,179,172
New Shangrila Interior Emulsion,4-4-4,191,151,141
New Shangrila Interior Emulsion,5-4-1,235,224,215
New Shangrila Interior Emulsion,5-4-2,229,213,204
New Shangrila Interior Emulsion,5-4-3,188,161,149
New Shangrila Interior Emulsion,5-4-4,167,128,111
New Shangrila Interior Emulsion,5-4-5,141,103,88
New Shangrila Interior Emulsion,5-4-6,105,79,74
New Shangrila Interior Emulsion,5-4-7,100,84,77
New Shangrila Interior Emulsion,1-5-1,241,233,225
New Shangrila Interior Emulsion,1-5-2,248,215,197
New Shangrila Interior Emulsion,1-5-4,251,186,160
New Shangrila Interior Emulsion,1-5-5,251,168,129
New Shangrila Interior Emulsion,5-5-1,244,226,216
New Shangrila Interior Emulsion,5-5-2,216,201,194
New Shangrila Interior Emulsion,5-5-3,193,170,161
New Shangrila Interior Emulsion,5-5-5,116,89,75
New Shangrila Interior Emulsion,2-6-1,244,236,220
New Shangrila Interior Emulsion,2-6-2,243,224,206
New Shangrila Interior Emulsion,2-6-3,243,199,170
New Shangrila Interior Emulsion,2-6-4,240,177,145
New Shangrila Interior Emulsion,2-6-7,209,121,72
New Shangrila Interior Emulsion,3-6-1,247,229,213
New Shangrila Interior Emulsion,3-6-2,232,207,190
New Shangrila Interior Emulsion,3-6-3,225,178,156
New Shangrila Interior Emulsion,3-6-4,217,165,139
New Shangrila Interior Emulsion,3-6-6,188,117,78
New Shangrila Interior Emulsion,3-6-7,171,103,57
New Shangrila Interior Emulsion,4-6-1,242,226,212
New Shangrila Interior Emulsion,4-6-2,228,209,197
New Shangrila Interior Emulsion,4-6-3,211,183,169
New Shangrila Interior Emulsion,4-6-4,196,161,140
New Shangrila Interior Emulsion,4-6-5,176,132,113
New Shangrila Interior Emulsion,4-6-6,157,106,87
New Shangrila Interior Emulsion,5-6-1,239,230,220
New Shangrila Interior Emulsion,5-6-2,223,212,198
New Shangrila Interior Emulsion,5-6-3,193,174,161
New Shangrila Interior Emulsion,5-6-4,166,143,128
New Shangrila Interior Emulsion,5-6-5,139,111,94
New Shangrila Interior Emulsion,5-6-7,100,85,76
New Shangrila Interior Emulsion,1-7-1,246,234,217
New Shangrila Interior Emulsion,1-7-2,243,219,195
New Shangrila Interior Emulsion,1-7-3,253,206,172
New Shangrila Interior Emulsion,1-7-4,254,192,149
New Shangrila Interior Emulsion,1-7-6,249,146,58
New Shangrila Interior Emulsion,4-7-1,243,229,213
New Shangrila Interior Emulsion,4-7-2,226,206,192
New Shangrila Interior Emulsion,4-7-3,214,187,169
New Shangrila Interior Emulsion,4-7-4,196,165,140
New Shangrila Interior Emulsion,4-7-6,159,109,86
New Shangrila Interior Emulsion,1-8-1,245,231,212
New Shangrila Interior Emulsion,1-8-2,247,228,198
New Shangrila Interior Emulsion,1-8-3,251,216,169
New Shangrila Interior Emulsion,1-8-4,252,201,145
New Shangrila Interior Emulsion,2-8-1,246,235,212
New Shangrila Interior Emulsion,2-8-2,241,206,165
New Shangrila Interior Emulsion,2-8-3,234,192,139
New Shangrila Interior Emulsion,2-8-6,218,140,75
New Shangrila Interior Emulsion,2-8-7,205,124,55
New Shangrila Interior Emulsion,3-8-1,245,239,223
New Shangrila Interior Emulsion,3-8-2,232,216,194
New Shangrila Interior Emulsion,3-8-3,221,191,155
New Shangrila Interior Emulsion,3-8-6,184,129,75
New Shangrila Interior Emulsion,2-9-1,241,234,215
New Shangrila Interior Emulsion,2-9-2,237,212,164
New Shangrila Interior Emulsion,2-9-6,223,162,78
New Shangrila Interior Emulsion,2-9-7,205,136,53
New Shangrila Interior Emulsion,3-9-1,239,233,220
New Shangrila Interior Emulsion,3-9-2,237,222,197
New Shangrila Interior Emulsion,3-9-3,217,193,153
New Shangrila Interior Emulsion,3-9-6,190,144,79
New Shangrila Interior Emulsion,3-9-7,191,138,80
New Shangrila Interior Emulsion,4-9-1,234,222,205
New Shangrila Interior Emulsion,4-9-2,225,215,197
New Shangrila Interior Emulsion,4-9-3,209,193,166
New Shangrila Interior Emulsion,4-9-4,198,173,141
New Shangrila Interior Emulsion,4-9-6,160,121,81
New Shangrila Interior Emulsion,5-9-1,234,220,205
New Shangrila Interior Emulsion,5-9-2,217,208,199
New Shangrila Interior Emulsion,5-9-3,190,176,160
New Shangrila Interior Emulsion,5-9-4,169,150,129
New Shangrila Interior Emulsion,5-9-5,142,117,95
New Shangrila Interior Emulsion,5-9-6,112,87,63
New Shangrila Interior Emulsion,5-9-7,95,82,69
New Shangrila Interior Emulsion,1-10-1,240,233,207
New Shangrila Interior Emulsion,1-10-2,247,229,174
New Shangrila Interior Emulsion,1-10-3,252,221,149
New Shangrila Interior Emulsion,1-10-4,254,213,129
New Shangrila Interior Emulsion,1-10-6,249,188,62
New Shangrila Interior Emulsion,1-10-7,244,172,41
New Shangrila Interior Emulsion,4-10-1,240,234,216
New Shangrila Interior Emulsion,4-10-2,226,216,194
New Shangrila Interior Emulsion,4-10-3,215,196,169
New Shangrila Interior Emulsion,4-10-4,198,175,140
New Shangrila Interior Emulsion,4-10-6,164,134,88
New Shangrila Interior Emulsion,4-10-7,145,105,57
New Shangrila Interior Emulsion,5-10-1,237,229,216
New Shangrila Interior Emulsion,5-10-2,219,209,195
New Shangrila Interior Emulsion,5-10-3,200,186,166
New Shangrila Interior Emulsion,5-10-4,166,151,133
New Shangrila Interior Emulsion,5-10-5,151,126,99
New Shangrila Interior Emulsion,5-10-6,121,100,73
New Shangrila Interior Emulsion,5-10-7,101,88,74
New Shangrila Interior Emulsion,1-11-1,240,234,207
New Shangrila Interior Emulsion,1-11-2,247,233,180
New Shangrila Interior Emulsion,1-11-3,251,224,145
New Shangrila Interior Emulsion,1-11-6,253,192,64
New Shangrila Interior Emulsion,3-11-1,238,230,212
New Shangrila Interior Emulsion,3-11-2,234,221,189
New Shangrila Interior Emulsion,3-11-3,231,216,175
New Shangrila Interior Emulsion,3-11-4,223,203,151
New Shangrila Interior Emulsion,3-11-6,187,152,71
New Shangrila Interior Emulsion,4-11-1,234,226,208
New Shangrila Interior Emulsion,4-11-2,222,212,188
New Shangrila Interior Emulsion,4-11-3,215,199,161
New Shangrila Interior Emulsion,4-11-4,201,182,141
New Shangrila Interior Emulsion,5-11-1,236,229,218
New Shangrila Interior Emulsion,5-11-2,224,216,202
New Shangrila Interior Emulsion,5-11-3,201,187,168
New Shangrila Interior Emulsion,5-11-4,174,158,134
New Shangrila Interior Emulsion,5-11-5,148,130,104
New Shangrila Interior Emulsion,5-11-6,123,102,76
New Shangrila Interior Emulsion,5-11-7,102,89,76
New Shangrila Interior Emulsion,1-12-1,240,237,208
New Shangrila Interior Emulsion,1-12-2,249,235,179
New Shangrila Interior Emulsion,1-12-3,253,231,151
New Shangrila Interior Emulsion,1-12-6,252,209,33
New Shangrila Interior Emulsion,3-12-1,237,232,209
New Shangrila Interior Emulsion,3-12-2,231,222,189
New Shangrila Interior Emulsion,3-12-3,228,212,158
New Shangrila Interior Emulsion,3-12-6,198,163,82
New Shangrila Interior Emulsion,3-12-7,169,132,60
New Shangrila Interior Emulsion,5-12-1,238,234,221
New Shangrila Interior Emulsion,5-12-2,209,204,191
New Shangrila Interior Emulsion,5-12-3,198,192,176
New Shangrila Interior Emulsion,5-12-4,176,170,157
New Shangrila Interior Emulsion,5-12-5,149,142,127
New Shangrila Interior Emulsion,5-12-6,115,107,91
New Shangrila Interior Emulsion,5-12-7,103,93,77
New Shangrila Interior Emulsion,3-13-1,240,236,212
New Shangrila Interior Emulsion,3-13-2,234,223,185
New Shangrila Interior Emulsion,3-13-3,230,222,174
New Shangrila Interior Emulsion,3-13-4,229,213,152
New Shangrila Interior Emulsion,4-13-1,246,239,203
New Shangrila Interior Emulsion,4-13-2,223,216,182
New Shangrila Interior Emulsion,4-13-3,217,207,165
New Shangrila Interior Emulsion,4-13-4,203,190,141
New Shangrila Interior Emulsion,5-13-1,237,232,217
New Shangrila Interior Emulsion,5-13-3,199,187,164
New Shangrila Interior Emulsion,5-13-4,176,163,137
New Shangrila Interior Emulsion,5-13-5,157,140,110
New Shangrila Interior Emulsion,5-13-6,132,113,80
New Shangrila Interior Emulsion,5-13-7,103,90,72
New Shangrila Interior Emulsion,3-14-1,238,237,211
New Shangrila Interior Emulsion,3-14-2,225,224,187
New Shangrila Interior Emulsion,3-14-3,227,220,167
New Shangrila Interior Emulsion,3-14-4,226,216,158
New Shangrila Interior Emulsion,4-14-1,241,236,215
New Shangrila Interior Emulsion,4-14-2,224,220,186
New Shangrila Interior Emulsion,4-14-3,216,209,163
New Shangrila Interior Emulsion,4-14-4,202,194,142
New Shangrila Interior Emulsion,5-14-1,237,230,214
New Shangrila Interior Emulsion,5-14-2,219,212,192
New Shangrila Interior Emulsion,5-14-3,205,197,174
New Shangrila Interior Emulsion,5-14-4,180,169,138
New Shangrila Interior Emulsion,5-14-6,134,117,83
New Shangrila Interior Emulsion,5-14-7,103,92,74
New Shangrila Interior Emulsion,1-15-1,235,234,214
New Shangrila Interior Emulsion,1-15-6,242,218,81
New Shangrila Interior Emulsion,1-15-7,229,204,75
New Shangrila Interior Emulsion,2-15-1,245,241,216
New Shangrila Interior Emulsion,2-15-2,237,236,200
New Shangrila Interior Emulsion,2-15-3,241,232,176
New Shangrila Interior Emulsion,2-15-4,234,228,159
New Shangrila Interior Emulsion,2-15-7,201,169,40
New Shangrila Interior Emulsion,3-15-1,234,234,212
New Shangrila Interior Emulsion,3-15-2,221,221,169
New Shangrila Interior Emulsion,3-15-3,217,210,143
New Shangrila Interior Emulsion,4-15-1,238,235,216
New Shangrila Interior Emulsion,4-15-2,222,222,188
New Shangrila Interior Emulsion,4-15-3,212,209,167
New Shangrila Interior Emulsion,4-15-4,201,195,143
New Shangrila Interior Emulsion,5-15-1,230,227,218
New Shangrila Interior Emulsion,5-15-2,210,206,196
New Shangrila Interior Emulsion,5-15-3,186,182,171
New Shangrila Interior Emulsion,5-15-4,162,161,154
New Shangrila Interior Emulsion,5-15-5,139,137,128
New Shangrila Interior Emulsion,5-15-6,110,107,97
New Shangrila Interior Emulsion,1-16-1,237,240,213
New Shangrila Interior Emulsion,1-16-6,204,207,56
New Shangrila Interior Emulsion,3-16-1,240,240,220
New Shangrila Interior Emulsion,3-16-2,236,239,205
New Shangrila Interior Emulsion,3-16-3,221,224,178
New Shangrila Interior Emulsion,3-16-4,208,209,144
New Shangrila Interior Emulsion,3-16-5,199,196,125
New Shangrila Interior Emulsion,3-16-6,173,166,88
New Shangrila Interior Emulsion,5-16-1,239,234,215
New Shangrila Interior Emulsion,5-16-2,220,219,196
New Shangrila Interior Emulsion,5-16-3,196,194,164
New Shangrila Interior Emulsion,5-16-4,179,174,139
New Shangrila Interior Emulsion,5-16-6,123,115,83
New Shangrila Interior Emulsion,5-16-7,93,89,71
New Shangrila Interior Emulsion,1-17-1,238,240,226
New Shangrila Interior Emulsion,1-17-2,236,240,209
New Shangrila Interior Emulsion,1-17-6,172,204,73
New Shangrila Interior Emulsion,3-17-1,231,236,194
New Shangrila Interior Emulsion,3-17-2,220,228,195
New Shangrila Interior Emulsion,3-17-3,212,223,180
New Shangrila Interior Emulsion,3-17-4,191,204,143
New Shangrila Interior Emulsion,3-17-6,158,169,88
New Shangrila Interior Emulsion,4-17-1,230,235,210
New Shangrila Interior Emulsion,4-17-2,211,219,192
New Shangrila Interior Emulsion,4-17-3,200,207,169
New Shangrila Interior Emulsion,4-17-4,175,187,142
New Shangrila Interior Emulsion,5-17-1,227,228,208
New Shangrila Interior Emulsion,5-17-2,217,219,197
New Shangrila Interior Emulsion,5-17-3,191,195,166
New Shangrila Interior Emulsion,5-17-4,165,169,137
New Shangrila Interior Emulsion,5-17-5,142,144,112
New Shangrila Interior Emulsion,5-17-6,108,109,77
New Shangrila Interior Emulsion,5-17-7,92,96,81
New Shangrila Interior Emulsion,2-18-1,228,236,212
New Shangrila Interior Emulsion,2-18-2,223,237,203
New Shangrila Interior Emulsion,2-18-3,214,229,193
New Shangrila Interior Emulsion,2-18-4,189,220,164
New Shangrila Interior Emulsion,2-18-6,138,174,74
New Shangrila Interior Emulsion,3-18-1,231,235,218
New Shangrila Interior Emulsion,3-18-2,217,228,196
New Shangrila Interior Emulsion,3-18-3,205,216,177
New Shangrila Interior Emulsion,3-18-4,182,200,145
New Shangrila Interior Emulsion,3-18-6,137,162,83
New Shangrila Interior Emulsion,5-18-1,230,236,221
New Shangrila Interior Emulsion,5-18-2,204,210,195
New Shangrila Interior Emulsion,5-18-3,180,191,170
New Shangrila Interior Emulsion,5-18-5,124,136,106
New Shangrila Interior Emulsion,5-18-6,94,102,70
New Shangrila Interior Emulsion,1-19-1,218,235,207
New Shangrila Interior Emulsion,1-19-2,208,227,191
New Shangrila Interior Emulsion,1-19-3,197,228,175
New Shangrila Interior Emulsion,1-19-6,135,193,75
New Shangrila Interior Emulsion,4-19-1,229,237,215
New Shangrila Interior Emulsion,4-19-2,208,217,196
New Shangrila Interior Emulsion,4-19-3,192,206,172
New Shangrila Interior Emulsion,4-19-4,168,184,144
New Shangrila Interior Emulsion,4-19-6,123,145,95
New Shangrila Interior Emulsion,5-19-1,230,236,221
New Shangrila Interior Emulsion,5-19-2,205,213,199
New Shangrila Interior Emulsion,5-19-3,174,186,163
New Shangrila Interior Emulsion,5-19-5,120,134,103
New Shangrila Interior Emulsion,5-19-7,90,95,79
New Shangrila Interior Emulsion,2-20-2,211,229,192
New Shangrila Interior Emulsion,2-20-3,193,224,182
New Shangrila Interior Emulsion,2-20-6,117,171,83
New Shangrila Interior Emulsion,3-20-1,231,240,222
New Shangrila Interior Emulsion,3-20-2,224,234,217
New Shangrila Interior Emulsion,3-20-3,191,214,179
New Shangrila Interior Emulsion,3-20-4,181,210,168
New Shangrila Interior Emulsion,4-20-1,229,236,216
New Shangrila Interior Emulsion,4-20-2,207,219,198
New Shangrila Interior Emulsion,4-20-3,192,206,176
New Shangrila Interior Emulsion,4-20-4,162,183,146
New Shangrila Interior Emulsion,4-20-6,113,141,93
New Shangrila Interior Emulsion,5-20-1,217,216,210
New Shangrila Interior Emulsion,5-20-2,195,197,190
New Shangrila Interior Emulsion,5-20-3,184,186,178
New Shangrila Interior Emulsion,5-20-4,155,158,154
New Shangrila Interior Emulsion,5-20-5,129,134,130
New Shangrila Interior Emulsion,5-20-6,99,103,97
New Shangrila Interior Emulsion,5-20-7,82,83,77
New Shangrila Interior Emulsion,1-21-1,214,236,208
New Shangrila Interior Emulsion,1-21-2,205,228,195
New Shangrila Interior Emulsion,1-21-6,112,186,79
New Shangrila Interior Emulsion,1-21-7,100,169,64
New Shangrila Interior Emulsion,2-21-1,225,236,209
New Shangrila Interior Emulsion,2-21-2,213,233,207
New Shangrila Interior Emulsion,2-21-4,160,206,147
New Shangrila Interior Emulsion,2-21-6,106,166,88
New Shangrila Interior Emulsion,5-21-1,220,229,214
New Shangrila Interior Emulsion,5-21-2,205,212,199
New Shangrila Interior Emulsion,5-21-3,174,187,168
New Shangrila Interior Emulsion,5-21-7,88,94,79
New Shangrila Interior Emulsion,3-22-1,232,238,222
New Shangrila Interior Emulsion,3-22-2,219,231,216
New Shangrila Interior Emulsion,3-22-3,190,215,186
New Shangrila Interior Emulsion,3-22-4,176,206,169
New Shangrila Interior Emulsion,5-22-1,226,234,221
New Shangrila Interior Emulsion,5-22-2,202,211,199
New Shangrila Interior Emulsion,5-22-3,168,181,161
New Shangrila Interior Emulsion,5-22-5,104,123,99
New Shangrila Interior Emulsion,2-23-1,226,237,222
New Shangrila Interior Emulsion,2-23-2,215,235,215
New Shangrila Interior Emulsion,2-23-3,181,221,183
New Shangrila Interior Emulsion,2-23-4,152,204,149
New Shangrila Interior Emulsion,2-23-6,79,155,86
New Shangrila Interior Emulsion,4-23-1,223,235,219
New Shangrila Interior Emulsion,4-23-2,203,219,200
New Shangrila Interior Emulsion,4-23-3,181,201,174
New Shangrila Interior Emulsion,4-23-4,151,179,147
New Shangrila Interior Emulsion,4-23-6,100,136,93
New Shangrila Interior Emulsion,5-23-1,226,233,222
New Shangrila Interior Emulsion,5-23-2,198,209,198
New Shangrila Interior Emulsion,5-23-3,172,187,170
New Shangrila Interior Emulsion,5-23-5,105,126,102
New Shangrila Interior Emulsion,1-24-1,223,232,220
New Shangrila Interior Emulsion,1-24-2,206,236,216
New Shangrila Interior Emulsion,1-24-3,177,225,184
New Shangrila Interior Emulsion,1-24-7,37,159,94
New Shangrila Interior Emulsion,2-24-1,221,234,215
New Shangrila Interior Emulsion,2-24-2,217,236,217
New Shangrila Interior Emulsion,2-24-3,172,220,188
New Shangrila Interior Emulsion,2-24-4,132,201,155
New Shangrila Interior Emulsion,2-24-6,51,151,92
New Shangrila Interior Emulsion,3-24-1,217,235,212
New Shangrila Interior Emulsion,3-24-2,212,230,209
New Shangrila Interior Emulsion,3-24-3,186,217,190
New Shangrila Interior Emulsion,3-24-4,163,203,169
New Shangrila Interior Emulsion,3-24-6,74,139,90
New Shangrila Interior Emulsion,4-24-1,218,231,216
New Shangrila Interior Emulsion,4-24-2,193,213,192
New Shangrila Interior Emulsion,4-24-3,178,200,175
New Shangrila Interior Emulsion,4-24-4,148,180,149
New Shangrila Interior Emulsion,4-24-6,94,133,94
New Shangrila Interior Emulsion,5-24-1,228,235,223
New Shangrila Interior Emulsion,5-24-2,204,217,204
New Shangrila Interior Emulsion,5-24-3,171,187,171
New Shangrila Interior Emulsion,5-24-5,103,127,105
New Shangrila Interior Emulsion,2-25-1,216,235,221
New Shangrila Interior Emulsion,2-25-2,209,235,221
New Shangrila Interior Emulsion,2-25-3,173,218,191
New Shangrila Interior Emulsion,2-25-4,127,195,162
New Shangrila Interior Emulsion,2-25-6,30,145,107
New Shangrila Interior Emulsion,3-25-1,224,238,224
New Shangrila Interior Emulsion,3-25-2,217,231,218
New Shangrila Interior Emulsion,3-25-3,208,227,210
New Shangrila Interior Emulsion,3-25-4,164,205,174
New Shangrila Interior Emulsion,3-25-6,61,136,89
New Shangrila Interior Emulsion,5-25-1,225,232,222
New Shangrila Interior Emulsion,5-25-2,202,215,204
New Shangrila Interior Emulsion,5-25-3,165,185,172
New Shangrila Interior Emulsion,5-25-5,94,123,103
New Shangrila Interior Emulsion,5-25-7,75,88,79
New Shangrila Interior Emulsion,1-26-1,227,240,232
New Shangrila Interior Emulsion,1-26-2,198,233,221
New Shangrila Interior Emulsion,1-26-3,164,226,208
New Shangrila Interior Emulsion,1-26-4,114,205,185
New Shangrila Interior Emulsion,3-26-1,225,236,226
New Shangrila Interior Emulsion,3-26-2,216,231,220
New Shangrila Interior Emulsion,3-26-3,192,219,206
New Shangrila Interior Emulsion,3-26-4,150,199,176
New Shangrila Interior Emulsion,3-26-6,49,131,99
New Shangrila Interior Emulsion,4-26-1,230,237,228
New Shangrila Interior Emulsion,4-26-2,214,229,216
New Shangrila Interior Emulsion,4-26-3,166,193,177
New Shangrila Interior Emulsion,4-26-4,135,176,157
New Shangrila Interior Emulsion,4-26-5,104,149,126
New Shangrila Interior Emulsion,4-26-6,65,121,99
New Shangrila Interior Emulsion,5-26-1,228,236,228
New Shangrila Interior Emulsion,5-26-2,202,215,206
New Shangrila Interior Emulsion,5-26-3,165,187,176
New Shangrila Interior Emulsion,5-26-5,94,124,110
New Shangrila Interior Emulsion,5-26-6,61,92,79
New Shangrila Interior Emulsion,5-26-7,77,92,85
New Shangrila Interior Emulsion,2-27-1,209,227,227
New Shangrila Interior Emulsion,2-27-2,199,231,227
New Shangrila Interior Emulsion,2-27-3,158,210,202
New Shangrila Interior Emulsion,2-27-4,106,194,185
New Shangrila Interior Emulsion,2-27-7,0,121,116
New Shangrila Interior Emulsion,4-27-1,217,232,221
New Shangrila Interior Emulsion,4-27-2,195,216,207
New Shangrila Interior Emulsion,4-27-3,159,191,179
New Shangrila Interior Emulsion,4-27-4,125,169,157
New Shangrila Interior Emulsion,4-27-5,96,146,133
New Shangrila Interior Emulsion,4-27-6,64,121,106
New Shangrila Interior Emulsion,5-27-1,218,229,219
New Shangrila Interior Emulsion,5-27-2,197,212,204
New Shangrila Interior Emulsion,5-27-3,167,191,183
New Shangrila Interior Emulsion,5-27-4,127,155,146
New Shangrila Interior Emulsion,5-27-7,78,95,91
New Shangrila Interior Emulsion,1-28-1,226,232,230
New Shangrila Interior Emulsion,1-28-2,198,230,231
New Shangrila Interior Emulsion,1-28-3,156,223,220
New Shangrila Interior Emulsion,1-28-4,119,208,208
New Shangrila Interior Emulsion,1-28-5,39,183,186
New Shangrila Interior Emulsion,2-29-1,218,235,233
New Shangrila Interior Emulsion,2-29-2,210,231,230
New Shangrila Interior Emulsion,2-29-3,157,213,217
New Shangrila Interior Emulsion,2-29-4,108,191,199
New Shangrila Interior Emulsion,2-29-6,0,143,157
New Shangrila Interior Emulsion,4-29-1,222,234,230
New Shangrila Interior Emulsion,4-29-2,201,222,219
New Shangrila Interior Emulsion,4-29-3,161,201,199
New Shangrila Interior Emulsion,4-29-4,128,174,173
New Shangrila Interior Emulsion,4-29-5,92,148,147
New Shangrila Interior Emulsion,4-29-7,23,90,93
New Shangrila Interior Emulsion,5-29-1,215,217,212
New Shangrila Interior Emulsion,5-29-2,184,191,187
New Shangrila Interior Emulsion,5-29-3,174,181,178
New Shangrila Interior Emulsion,5-29-4,152,160,160
New Shangrila Interior Emulsion,5-29-6,91,99,98
New Shangrila Interior Emulsion,1-30-1,224,238,234
New Shangrila Interior Emulsion,1-30-2,194,225,225
New Shangrila Interior Emulsion,1-30-3,158,219,228
New Shangrila Interior Emulsion,1-30-4,108,201,214
New Shangrila Interior Emulsion,1-30-5,80,189,208
New Shangrila Interior Emulsion,3-30-1,220,236,232
New Shangrila Interior Emulsion,3-30-2,191,222,224
New Shangrila Interior Emulsion,3-30-3,166,207,211
New Shangrila Interior Emulsion,3-30-4,120,183,190
New Shangrila Interior Emulsion,4-30-1,225,236,233
New Shangrila Interior Emulsion,4-30-2,197,219,219
New Shangrila Interior Emulsion,4-30-3,160,194,196
New Shangrila Interior Emulsion,4-30-4,122,169,173
New Shangrila Interior Emulsion,4-30-5,92,146,152
New Shangrila Interior Emulsion,5-31-1,226,234,233
New Shangrila Interior Emulsion,5-31-2,200,212,214
New Shangrila Interior Emulsion,5-31-3,159,180,184
New Shangrila Interior Emulsion,5-31-4,131,156,162
New Shangrila Interior Emulsion,5-31-5,86,120,126
New Shangrila Interior Emulsion,5-31-6,61,93,101
New Shangrila Interior Emulsion,1-32-1,218,235,234
New Shangrila Interior Emulsion,1-32-2,195,224,230
New Shangrila Interior Emulsion,1-32-3,156,211,229
New Shangrila Interior Emulsion,1-32-4,116,194,221
New Shangrila Interior Emulsion,1-32-5,51,165,203
New Shangrila Interior Emulsion,1-32-7,0,133,169
New Shangrila Interior Emulsion,2-32-1,211,221,221
New Shangrila Interior Emulsion,2-32-2,184,215,225
New Shangrila Interior Emulsion,2-32-3,151,203,219
New Shangrila Interior Emulsion,2-32-4,107,182,209
New Shangrila Interior Emulsion,2-32-5,69,152,185
New Shangrila Interior Emulsion,2-32-6,0,124,159
New Shangrila Interior Emulsion,1-33-1,217,233,234
New Shangrila Interior Emulsion,1-33-2,186,219,229
New Shangrila Interior Emulsion,1-33-3,158,210,234
New Shangrila Interior Emulsion,1-33-4,133,198,226
New Shangrila Interior Emulsion,1-33-5,72,174,213
New Shangrila Interior Emulsion,1-33-7,0,126,177
New Shangrila Interior Emulsion,3-33-1,212,228,229
New Shangrila Interior Emulsion,3-33-2,189,213,223
New Shangrila Interior Emulsion,3-33-3,167,199,216
New Shangrila Interior Emulsion,3-33-4,140,180,203
New Shangrila Interior Emulsion,3-33-5,91,149,180
New Shangrila Interior Emulsion,3-33-7,25,86,121
New Shangrila Interior Emulsion,4-33-1,212,222,224
New Shangrila Interior Emulsion,4-33-2,188,205,210
New Shangrila Interior Emulsion,4-33-3,162,192,204
New Shangrila Interior Emulsion,4-33-4,129,166,180
New Shangrila Interior Emulsion,4-33-5,95,139,157
New Shangrila Interior Emulsion,1-34-1,215,231,234
New Shangrila Interior Emulsion,1-34-2,191,216,229
New Shangrila Interior Emulsion,1-34-3,162,203,229
New Shangrila Interior Emulsion,1-34-4,116,179,219
New Shangrila Interior Emulsion,1-34-5,69,151,205
New Shangrila Interior Emulsion,5-34-1,227,230,229
New Shangrila Interior Emulsion,5-34-2,196,205,208
New Shangrila Interior Emulsion,5-34-3,159,175,184
New Shangrila Interior Emulsion,5-34-4,126,147,159
New Shangrila Interior Emulsion,5-34-5,90,113,128
New Shangrila Interior Emulsion,5-34-6,64,77,89
New Shangrila Interior Emulsion,5-34-7,74,85,94
New Shangrila Interior Emulsion,3-35-1,225,232,232
New Shangrila Interior Emulsion,3-35-2,210,227,235
New Shangrila Interior Emulsion,3-35-3,169,197,213
New Shangrila Interior Emulsion,3-35-4,123,163,189
New Shangrila Interior Emulsion,3-35-7,26,84,123
New Shangrila Interior Emulsion,4-35-1,217,225,227
New Shangrila Interior Emulsion,4-35-2,203,212,218
New Shangrila Interior Emulsion,4-35-3,163,184,200
New Shangrila Interior Emulsion,4-35-4,133,158,175
New Shangrila Interior Emulsion,4-35-5,100,132,157
New Shangrila Interior Emulsion,1-36-1,224,231,233
New Shangrila Interior Emulsion,1-36-2,198,213,226
New Shangrila Interior Emulsion,1-36-4,135,162,209
New Shangrila Interior Emulsion,1-36-5,97,136,194
New Shangrila Interior Emulsion,1-36-6,80,114,181
New Shangrila Interior Emulsion,1-36-7,57,94,160
New Shangrila Interior Emulsion,3-36-1,210,217,220
New Shangrila Interior Emulsion,3-36-2,196,213,224
New Shangrila Interior Emulsion,3-36-3,170,190,208
New Shangrila Interior Emulsion,3-36-4,128,155,188
New Shangrila Interior Emulsion,3-36-6,61,95,139
New Shangrila Interior Emulsion,5-36-1,219,225,229
New Shangrila Interior Emulsion,5-36-2,194,201,205
New Shangrila Interior Emulsion,5-36-3,162,171,181
New Shangrila Interior Emulsion,5-36-4,119,133,148
New Shangrila Interior Emulsion,5-36-5,86,99,118
New Shangrila Interior Emulsion,2-37-1,216,222,232
New Shangrila Interior Emulsion,2-37-2,204,211,224
New Shangrila Interior Emulsion,2-37-3,167,185,216
New Shangrila Interior Emulsion,2-37-4,133,152,198
New Shangrila Interior Emulsion,2-37-5,97,113,169
New Shangrila Interior Emulsion,4-37-1,220,228,233
New Shangrila Interior Emulsion,4-37-2,194,203,212
New Shangrila Interior Emulsion,4-37-3,163,178,195
New Shangrila Interior Emulsion,4-37-4,134,147,171
New Shangrila Interior Emulsion,4-37-5,105,120,150
New Shangrila Interior Emulsion,5-37-1,235,234,229
New Shangrila Interior Emulsion,5-37-2,220,222,220
New Shangrila Interior Emulsion,5-37-3,196,200,202
New Shangrila Interior Emulsion,5-37-4,145,153,160
New Shangrila Interior Emulsion,5-37-5,108,115,122
New Shangrila Interior Emulsion,5-37-6,89,95,102
New Shangrila Interior Emulsion,1-38-1,210,216,229
New Shangrila Interior Emulsion,1-38-2,202,211,232
New Shangrila Interior Emulsion,1-38-3,173,184,221
New Shangrila Interior Emulsion,1-38-5,122,126,192
New Shangrila Interior Emulsion,1-38-6,110,111,177
New Shangrila Interior Emulsion,5-38-1,220,226,230
New Shangrila Interior Emulsion,5-38-2,198,203,211
New Shangrila Interior Emulsion,5-38-3,161,167,179
New Shangrila Interior Emulsion,5-38-4,125,129,147
New Shangrila Interior Emulsion,5-38-5,89,93,113
New Shangrila Interior Emulsion,5-38-7,68,71,83
New Shangrila Interior Emulsion,2-39-1,232,231,232
New Shangrila Interior Emulsion,2-39-2,213,215,228
New Shangrila Interior Emulsion,2-39-3,181,181,213
New Shangrila Interior Emulsion,2-39-4,151,148,190
New Shangrila Interior Emulsion,2-39-5,118,111,168
New Shangrila Interior Emulsion,2-39-6,104,93,152
New Shangrila Interior Emulsion,3-39-1,212,219,227
New Shangrila Interior Emulsion,3-39-2,197,202,220
New Shangrila Interior Emulsion,3-39-3,173,180,201
New Shangrila Interior Emulsion,3-39-4,144,147,182
New Shangrila Interior Emulsion,3-39-5,104,106,148
New Shangrila Interior Emulsion,3-39-6,84,85,131
New Shangrila Interior Emulsion,4-39-1,219,219,226
New Shangrila Interior Emulsion,4-39-2,196,199,209
New Shangrila Interior Emulsion,4-39-3,168,175,193
New Shangrila Interior Emulsion,4-39-4,140,145,170
New Shangrila Interior Emulsion,4-39-5,109,116,145
New Shangrila Interior Emulsion,4-39-6,88,89,123
New Shangrila Interior Emulsion,5-39-1,219,220,227
New Shangrila Interior Emulsion,5-39-2,196,195,204
New Shangrila Interior Emulsion,5-39-3,165,166,179
New Shangrila Interior Emulsion,5-39-4,129,130,148
New Shangrila Interior Emulsion,5-39-5,97,94,112
New Shangrila Interior Emulsion,5-39-7,76,71,82
New Shangrila Interior Emulsion,1-40-1,224,223,234
New Shangrila Interior Emulsion,1-40-2,204,201,228
New Shangrila Interior Emulsion,1-40-3,190,185,219
New Shangrila Interior Emulsion,1-40-4,170,158,209
New Shangrila Interior Emulsion,1-40-5,142,125,190
New Shangrila Interior Emulsion,1-40-6,127,102,171
New Shangrila Interior Emulsion,1-40-7,118,95,162
New Shangrila Interior Emulsion,4-40-1,226,228,232
New Shangrila Interior Emulsion,4-40-2,196,200,211
New Shangrila Interior Emulsion,4-40-3,174,174,195
New Shangrila Interior Emulsion,4-40-4,146,148,172
New Shangrila Interior Emulsion,4-40-5,126,122,148
New Shangrila Interior Emulsion,4-40-6,94,88,121
New Shangrila Interior Emulsion,5-40-1,230,227,223
New Shangrila Interior Emulsion,5-40-2,200,203,209
New Shangrila Interior Emulsion,5-40-3,165,164,178
New Shangrila Interior Emulsion,5-40-4,130,128,144
New Shangrila Interior Emulsion,5-40-5,100,94,114
New Shangrila Interior Emulsion,5-40-6,74,71,87
New Shangrila Interior Emulsion,5-40-7,86,87,96
New Shangrila Interior Emulsion,2-41-1,227,220,228
New Shangrila Interior Emulsion,2-41-2,216,209,222
New Shangrila Interior Emulsion,2-41-3,191,180,212
New Shangrila Interior Emulsion,2-41-4,173,148,196
New Shangrila Interior Emulsion,2-41-5,139,113,166
New Shangrila Interior Emulsion,2-41-7,109,77,131
New Shangrila Interior Emulsion,3-41-1,218,219,228
New Shangrila Interior Emulsion,3-41-2,204,200,215
New Shangrila Interior Emulsion,3-41-3,189,184,208
New Shangrila Interior Emulsion,3-41-4,169,164,195
New Shangrila Interior Emulsion,3-41-5,137,126,167
New Shangrila Interior Emulsion,3-41-6,99,83,127
New Shangrila Interior Emulsion,4-41-1,228,226,229
New Shangrila Interior Emulsion,4-41-2,205,201,211
New Shangrila Interior Emulsion,4-41-3,178,172,191
New Shangrila Interior Emulsion,4-41-4,149,146,170
New Shangrila Interior Emulsion,4-41-5,119,117,147
New Shangrila Interior Emulsion,4-41-6,99,88,119
New Shangrila Interior Emulsion,5-41-1,218,217,216
New Shangrila Interior Emulsion,5-41-2,204,203,209
New Shangrila Interior Emulsion,5-41-3,165,161,175
New Shangrila Interior Emulsion,5-41-4,139,134,151
New Shangrila Interior Emulsion,5-41-5,111,100,120
New Shangrila Interior Emulsion,5-41-7,79,70,83
New Shangrila Interior Emulsion,1-42-1,229,220,227
New Shangrila Interior Emulsion,1-42-2,220,210,227
New Shangrila Interior Emulsion,1-42-3,213,187,223
New Shangrila Interior Emulsion,1-42-4,188,157,206
New Shangrila Interior Emulsion,1-42-6,154,111,170
New Shangrila Interior Emulsion,1-42-7,136,91,149
New Shangrila Interior Emulsion,5-42-1,216,214,217
New Shangrila Interior Emulsion,5-42-2,204,198,205
New Shangrila Interior Emulsion,5-42-3,174,166,179
New Shangrila Interior Emulsion,5-42-5,114,102,123
New Shangrila Interior Emulsion,5-42-7,90,84,92
New Shangrila Interior Emulsion,1-43-1,234,227,230
New Shangrila Interior Emulsion,1-43-2,223,212,229
New Shangrila Interior Emulsion,1-43-3,212,184,216
New Shangrila Interior Emulsion,1-43-4,198,159,206
New Shangrila Interior Emulsion,2-43-1,235,217,228
New Shangrila Interior Emulsion,2-43-2,224,200,218
New Shangrila Interior Emulsion,2-43-3,215,179,209
New Shangrila Interior Emulsion,2-43-4,197,156,194
New Shangrila Interior Emulsion,2-43-6,159,90,142
New Shangrila Interior Emulsion,3-43-1,234,230,233
New Shangrila Interior Emulsion,3-43-2,215,203,215
New Shangrila Interior Emulsion,3-43-3,201,183,205
New Shangrila Interior Emulsion,3-43-4,176,147,179
New Shangrila Interior Emulsion,3-43-5,144,109,149
New Shangrila Interior Emulsion,3-43-6,130,84,126
New Shangrila Interior Emulsion,4-43-1,219,214,221
New Shangrila Interior Emulsion,4-43-2,206,201,214
New Shangrila Interior Emulsion,4-43-3,187,179,197
New Shangrila Interior Emulsion,4-43-4,158,146,170
New Shangrila Interior Emulsion,4-43-5,135,120,148
New Shangrila Interior Emulsion,4-43-6,110,91,122
New Shangrila Interior Emulsion,5-43-1,223,213,215
New Shangrila Interior Emulsion,5-43-2,212,205,211
New Shangrila Interior Emulsion,5-43-3,181,172,184
New Shangrila Interior Emulsion,5-43-4,148,134,148
New Shangrila Interior Emulsion,5-43-6,87,71,87
New Shangrila Interior Emulsion,5-43-7,94,85,92
New Shangrila Interior Emulsion,2-44-1,241,223,232
New Shangrila Interior Emulsion,2-44-2,231,211,222
New Shangrila Interior Emulsion,2-44-3,224,187,213
New Shangrila Interior Emulsion,2-44-4,203,154,189
New Shangrila Interior Emulsion,2-44-5,180,116,162
New Shangrila Interior Emulsion,2-44-6,162,88,135
New Shangrila Interior Emulsion,3-44-1,233,225,227
New Shangrila Interior Emulsion,3-44-2,226,214,222
New Shangrila Interior Emulsion,3-44-3,206,180,203
New Shangrila Interior Emulsion,3-44-4,182,148,178
New Shangrila Interior Emulsion,3-44-5,157,104,142
New Shangrila Interior Emulsion,3-44-6,131,85,123
New Shangrila Interior Emulsion,1-45-1,245,239,237
New Shangrila Interior Emulsion,1-45-2,238,221,230
New Shangrila Interior Emulsion,1-45-3,231,197,221
New Shangrila Interior Emulsion,1-45-4,231,172,210
New Shangrila Interior Emulsion,1-45-5,223,141,190
New Shangrila Interior Emulsion,3-45-1,238,228,229
New Shangrila Interior Emulsion,3-45-2,217,194,204
New Shangrila Interior Emulsion,3-45-3,221,189,206
New Shangrila Interior Emulsion,3-45-4,184,146,172
New Shangrila Interior Emulsion,3-45-5,161,108,141
New Shangrila Interior Emulsion,3-45-6,135,82,118
New Shangrila Interior Emulsion,5-45-1,230,224,226
New Shangrila Interior Emulsion,5-45-2,214,206,208
New Shangrila Interior Emulsion,5-45-3,189,173,186
New Shangrila Interior Emulsion,5-45-4,160,141,153
New Shangrila Interior Emulsion,5-45-5,126,113,126
New Shangrila Interior Emulsion,5-45-6,96,79,94
New Shangrila Interior Emulsion,5-45-7,96,84,89
New Shangrila Interior Emulsion,2-46-1,242,225,228
New Shangrila Interior Emulsion,2-46-2,235,212,220
New Shangrila Interior Emulsion,2-46-3,225,176,197
New Shangrila Interior Emulsion,2-46-4,210,151,176
New Shangrila Interior Emulsion,2-46-5,185,111,146
New Shangrila Interior Emulsion,5-46-1,229,225,228
New Shangrila Interior Emulsion,5-46-2,216,204,208
New Shangrila Interior Emulsion,5-46-3,189,174,181
New Shangrila Interior Emulsion,5-46-4,161,141,152
New Shangrila Interior Emulsion,5-46-5,134,115,128
New Shangrila Interior Emulsion,5-46-6,96,78,91
New Shangrila Interior Emulsion,5-46-7,97,83,88
New Shangrila Interior Emulsion,1-47-1,236,226,227
New Shangrila Interior Emulsion,1-47-2,245,230,231
New Shangrila Interior Emulsion,1-47-3,242,199,216
New Shangrila Interior Emulsion,1-47-4,236,168,199
New Shangrila Interior Emulsion,1-47-6,201,101,146
New Shangrila Interior Emulsion,1-47-7,180,73,119
New Shangrila Interior Emulsion,3-47-1,232,220,224
New Shangrila Interior Emulsion,3-47-2,233,209,216
New Shangrila Interior Emulsion,3-47-3,224,188,201
New Shangrila Interior Emulsion,3-47-4,196,154,172
New Shangrila Interior Emulsion,3-47-6,151,82,112
New Shangrila Interior Emulsion,4-47-1,236,226,229
New Shangrila Interior Emulsion,4-47-2,219,205,209
New Shangrila Interior Emulsion,4-47-3,206,174,186
New Shangrila Interior Emulsion,4-47-4,184,145,158
New Shangrila Interior Emulsion,4-47-5,162,121,137
New Shangrila Interior Emulsion,1-48-1,242,233,232
New Shangrila Interior Emulsion,1-48-2,238,225,225
New Shangrila Interior Emulsion,1-48-3,240,181,197
New Shangrila Interior Emulsion,1-48-7,194,77,113
New Shangrila Interior Emulsion,3-48-1,242,224,227
New Shangrila Interior Emulsion,3-48-2,232,207,214
New Shangrila Interior Emulsion,3-48-5,172,101,121
New Shangrila Interior Emulsion,3-48-6,145,77,101
New Shangrila Interior Emulsion,4-48-1,235,218,221
New Shangrila Interior Emulsion,4-48-2,218,197,200
New Shangrila Interior Emulsion,4-48-3,205,178,182
New Shangrila Interior Emulsion,4-48-4,188,152,157
New Shangrila Interior Emulsion,4-48-5,165,123,131
New Shangrila Interior Emulsion,4-48-6,139,90,98
New Shangrila Interior Emulsion,5-48-1,230,223,226
New Shangrila Interior Emulsion,5-48-2,217,207,209
New Shangrila Interior Emulsion,5-48-3,194,177,182
New Shangrila Interior Emulsion,5-48-4,167,143,149
New Shangrila Interior Emulsion,5-48-5,138,113,120
New Shangrila Interior Emulsion,5-48-6,107,79,86
New Shangrila Interior Emulsion,5-48-7,100,84,85
New Shangrila Interior Emulsion,4-49-1,233,226,225
New Shangrila Interior Emulsion,4-49-2,223,205,210
New Shangrila Interior Emulsion,4-49-3,204,178,184
New Shangrila Interior Emulsion,4-49-5,162,124,136
New Shangrila Interior Emulsion,4-49-6,129,89,102
New Shangrila Interior Emulsion,1-50-1,242,231,233
New Shangrila Interior Emulsion,1-50-2,247,213,216
New Shangrila Interior Emulsion,1-50-3,248,187,191
New Shangrila Interior Emulsion,1-50-4,238,155,161
New Shangrila Interior Emulsion,1-50-5,237,128,143
New Shangrila Interior Emulsion,3-50-1,240,228,228
New Shangrila Interior Emulsion,3-50-2,230,204,205
New Shangrila Interior Emulsion,3-50-3,226,188,191
New Shangrila Interior Emulsion,3-50-4,203,152,155
New Shangrila Interior Emulsion,3-50-5,176,107,114
New Shangrila Interior Emulsion,3-50-6,161,79,89
New Shangrila Interior Emulsion,4-50-1,233,220,224
New Shangrila Interior Emulsion,4-50-2,220,201,202
New Shangrila Interior Emulsion,4-50-3,204,177,178
New Shangrila Interior Emulsion,4-50-4,187,151,154
New Shangrila Interior Emulsion,4-50-6,143,92,95
New Shangrila Interior Emulsion,5-50-1,240,230,228
New Shangrila Interior Emulsion,5-50-2,222,208,207
New Shangrila Interior Emulsion,5-50-3,194,175,174
New Shangrila Interior Emulsion,5-50-4,167,143,146
New Shangrila Interior Emulsion,5-50-5,140,105,108
New Shangrila Interior Emulsion,5-50-6,110,76,78
New Shangrila Interior Emulsion,5-50-7,100,83,85
New Shangrila Interior Emulsion,2-24-5,91,169,120
New Shangrila Interior Emulsion,2-25-5,75,167,134
New Shangrila Interior Emulsion,2-29-5,53,160,171
New Shangrila Interior Emulsion,2-4-4,242,174,152
New Shangrila Interior Emulsion,2-4-5,225,139,114
New Shangrila Interior Emulsion,2-41-6,122,93,148
New Shangrila Interior Emulsion,2-43-5,191,132,177
New Shangrila Interior Emulsion,2-6-5,230,155,116
New Shangrila Interior Emulsion,2-8-4,233,175,113
New Shangrila Interior Emulsion,2-8-5,225,158,92
New Shangrila Interior Emulsion,2-9-4,228,183,115
New Shangrila Interior Emulsion,3-11-5,209,181,115
New Shangrila Interior Emulsion,3-12-4,222,201,132
New Shangrila Interior Emulsion,3-13-5,212,194,121
New Shangrila Interior Emulsion,3-14-5,213,198,125
New Shangrila Interior Emulsion,3-20-5,149,185,129
New Shangrila Interior Emulsion,3-22-5,142,181,131
New Shangrila Interior Emulsion,3-24-5,124,173,134
New Shangrila Interior Emulsion,3-25-5,111,172,134
New Shangrila Interior Emulsion,3-26-5,101,170,141
New Shangrila Interior Emulsion,3-30-7,0,98,110
New Shangrila Interior Emulsion,3-48-3,221,180,193
New Shangrila Interior Emulsion,3-48-4,201,143,160
New Shangrila Interior Emulsion,3-6-5,207,144,118
New Shangrila Interior Emulsion,3-8-4,200,161,115
New Shangrila Interior Emulsion,3-8-7,174,120,57
New Shangrila Interior Emulsion,3-9-4,208,173,115
New Shangrila Interior Emulsion,4-10-5,177,153,115
New Shangrila Interior Emulsion,4-11-5,183,163,116
New Shangrila Interior Emulsion,4-13-5,188,173,118
New Shangrila Interior Emulsion,4-14-5,188,178,121
New Shangrila Interior Emulsion,4-15-5,179,175,119
New Shangrila Interior Emulsion,4-17-5,166,175,122
New Shangrila Interior Emulsion,4-19-5,138,163,120
New Shangrila Interior Emulsion,4-2-5,190,124,117
New Shangrila Interior Emulsion,4-2-7,127,71,73
New Shangrila Interior Emulsion,4-20-5,135,162,123
New Shangrila Interior Emulsion,4-23-5,131,157,120
New Shangrila Interior Emulsion,4-24-5,123,158,124
New Shangrila Interior Emulsion,4-4-5,177,128,114
New Shangrila Interior Emulsion,4-4-6,155,102,88
New Shangrila Interior Emulsion,4-47-6,130,84,103
New Shangrila Interior Emulsion,4-49-4,188,149,162
New Shangrila Interior Emulsion,4-50-5,165,122,125
New Shangrila Interior Emulsion,4-7-5,183,140,112
New Shangrila Interior Emulsion,4-9-5,182,151,114
New Shangrila Interior Emulsion,5-13-2,216,212,197
New Shangrila Interior Emulsion,5-14-5,157,142,109
New Shangrila Interior Emulsion,5-16-5,156,148,113
New Shangrila Interior Emulsion,5-19-4,149,161,135
New Shangrila Interior Emulsion,5-18-4,150,162,132
New Shangrila Interior Emulsion,5-21-4,141,158,134
New Shangrila Interior Emulsion,5-22-4,139,157,135
New Shangrila Interior Emulsion,5-23-4,136,157,136
New Shangrila Interior Emulsion,5-24-4,139,158,140
New Shangrila Interior Emulsion,5-25-4,133,156,138
New Shangrila Interior Emulsion,5-26-4,129,157,144
New Shangrila Interior Emulsion,5-27-5,94,126,118
New Shangrila Interior Emulsion,5-27-6,52,93,84
New Shangrila Interior Emulsion,5-29-5,125,133,134
New Shangrila Interior Emulsion,5-31-7,73,91,95
New Shangrila Interior Emulsion,5-42-4,145,133,145
New Shangrila Interior Emulsion,5-43-5,122,103,120
New Shangrila Interior Emulsion,5-5-4,149,128,116
New Shangrila Interior Emulsion,1-11-4,252,214,104
New Shangrila Interior Emulsion,1-11-5,252,209,103
New Shangrila Interior Emulsion,1-12-4,253,221,117
New Shangrila Interior Emulsion,1-12-5,245,215,109
New Shangrila Interior Emulsion,1-15-2,236,238,190
New Shangrila Interior Emulsion,1-15-4,240,233,157
New Shangrila Interior Emulsion,1-15-5,234,229,115
New Shangrila Interior Emulsion,1-16-2,230,239,205
New Shangrila Interior Emulsion,1-16-3,230,237,184
New Shangrila Interior Emulsion,1-16-4,231,235,155
New Shangrila Interior Emulsion,1-17-3,223,237,190
New Shangrila Interior Emulsion,1-17-4,209,230,157
New Shangrila Interior Emulsion,1-17-5,192,217,116
New Shangrila Interior Emulsion,1-21-3,196,230,182
New Shangrila Interior Emulsion,1-24-4,138,207,156
New Shangrila Interior Emulsion,1-24-5,93,190,130
New Shangrila Interior Emulsion,1-26-5,70,189,163
New Shangrila Interior Emulsion,1-26-6,0,172,147
New Shangrila Interior Emulsion,1-28-6,0,167,171
New Shangrila Interior Emulsion,1-3-4,250,159,137
New Shangrila Interior Emulsion,1-3-5,244,142,114
New Shangrila Interior Emulsion,1-30-6,30,161,178
New Shangrila Interior Emulsion,1-34-6,40,138,198
New Shangrila Interior Emulsion,1-36-3,166,192,226
New Shangrila Interior Emulsion,1-43-5,180,129,186
New Shangrila Interior Emulsion,1-45-6,203,106,165
New Shangrila Interior Emulsion,1-48-5,221,124,157
New Shangrila Interior Emulsion,1-5-3,250,203,182
New Shangrila Interior Emulsion,1-5-6,249,135,94
New Shangrila Interior Emulsion,1-7-7,238,129,44
New Shangrila Interior Emulsion,2-15-5,221,209,120
New Shangrila Interior Emulsion,2-2-5,229,131,127
New Shangrila Interior Emulsion,2-20-1,231,240,205
New Shangrila Interior Emulsion,2-20-4,149,198,120
New Shangrila Interior Emulsion,2-21-3,197,224,187
New Shangrila Interior Emulsion,2-23-5,105,177,112
New Shangrila Interior Emulsion,2-6-6,227,136,95
New Shangrila Interior Emulsion,3-8-5,195,142,93
New Shangrila Interior Emulsion,2-9-5,222,171,98
New Shangrila Interior Emulsion,3-9-5,200,157,96
New Shangrila Interior Emulsion,4-11-6,171,145,89
New Shangrila Interior Emulsion,3-12-5,205,180,108
New Shangrila Interior Emulsion,3-13-6,199,172,83
New Shangrila Interior Emulsion,4-13-6,172,152,93
New Shangrila Interior Emulsion,3-14-6,189,172,89
New Shangrila Interior Emulsion,2-15-6,208,192,85
New Shangrila Interior Emulsion,3-15-5,204,189,106
New Shangrila Interior Emulsion,3-15-6,181,168,89
New Shangrila Interior Emulsion,4-15-6,166,157,97
New Shangrila Interior Emulsion,4-17-6,144,153,96
New Shangrila Interior Emulsion,2-18-5,165,201,112
New Shangrila Interior Emulsion,3-18-5,156,175,108
New Shangrila Interior Emulsion,1-19-5,148,203,104
New Shangrila Interior Emulsion,2-20-5,133,184,106
New Shangrila Interior Emulsion,2-21-5,123,182,107
New Shangrila Interior Emulsion,4-14-6,171,159,99
New Shangrila Interior Emulsion,1-34-7,0,114,173
New Shangrila Interior Emulsion,1-28-7,0,148,151
New Shangrila Interior Emulsion,1-26-7,0,159,133
New Shangrila Interior Emulsion,4-29-6,61,116,117
New Shangrila Interior Emulsion,5-18-7,94,100,77
New Shangrila Interior Emulsion,3-22-6,100,144,81
New Shangrila Interior Emulsion,2-27-6,0,144,134
New Shangrila Interior Emulsion,4-30-6,58,116,122
New Shangrila Interior Emulsion,1-32-6,0,151,192
New Shangrila Interior Emulsion,3-30-5,67,145,153
New Shangrila Interior Emulsion,2-29-7,0,124,135
New Shangrila Interior Emulsion,1-30-7,0,146,171
New Shangrila Interior Emulsion,1-33-6,0,146,199
New Shangrila Interior Emulsion,3-30-6,29,126,137
New Shangrila Interior Emulsion,1-24-6,67,177,111
New Shangrila Interior Emulsion,4-37-6,74,91,123
New Shangrila Interior Emulsion,3-33-6,41,110,151
New Shangrila Interior Emulsion,3-35-6,37,108,150
New Shangrila Interior Emulsion,4-33-6,64,110,131
New Shangrila Interior Emulsion,4-35-6,69,101,130
New Shangrila Interior Emulsion,3-20-6,115,152,82
New Shangrila Interior Emulsion,2-37-6,80,95,156
New Shangrila Interior Emulsion,2-32-7,0,109,146
New Shangrila Interior Emulsion,2-27-5,23,164,150
New Shangrila Interior Emulsion,3-35-5,75,127,161
New Shangrila Interior Emulsion,2-25-7,0,127,89
New Shangrila Interior Emulsion,3-36-5,85,114,150
New Shangrila Interior Emulsion,5-21-5,108,128,101
,,,,
,,,,
,,,,
,,,,
,,,,
,,,,
,,,,
,,,,
,,,,
,,,,
,,,,
,,,,
,,,,
,,,,
,,,,
,,,,
,,,,
,,,,
,,,,
,,,,
,,,,
,,,,
,,,,
,,,,
,,,,
,,,,
,,,,
,,,,
,,,,
,,,,
,,,,
,,,,
,,,,
,,,,
,,,,
,,,,
,,,,
,,,,
,,,,
,,,,
,,,,
,,,,
,,,,
,,,,
,,,,
,,,,
,,,,
,,,,
,,,,
,,,,
,,,,
,,,,
,,,,
,,,,
,,,,
,,,,
New Ultra Protec Exterior Emulsion,1-1-1,248,226,222
New Ultra Protec Exterior Emulsion,1-1-2,246,208,204
New Ultra Protec Exterior Emulsion,1-1-3,250,183,175
New Ultra Protec Exterior Emulsion,1-1-4,249,153,148
New Ultra Protec Exterior Emulsion,3-1-1,241,228,225
New Ultra Protec Exterior Emulsion,3-1-2,244,226,223
New Ultra Protec Exterior Emulsion,3-1-3,234,205,203
New Ultra Protec Exterior Emulsion,3-1-4,214,161,160
New Ultra Protec Exterior Emulsion,3-1-5,196,125,124
New Ultra Protec Exterior Emulsion,3-1-6,168,83,81
New Ultra Protec Exterior Emulsion,5-1-1,233,213,209
New Ultra Protec Exterior Emulsion,5-1-2,220,206,204
New Ultra Protec Exterior Emulsion,5-1-3,193,173,172
New Ultra Protec Exterior Emulsion,5-1-4,167,139,135
New Ultra Protec Exterior Emulsion,5-1-5,136,106,104
New Ultra Protec Exterior Emulsion,5-1-6,110,76,73
New Ultra Protec Exterior Emulsion,2-2-1,250,237,231
New Ultra Protec Exterior Emulsion,2-2-2,234,207,198
New Ultra Protec Exterior Emulsion,2-2-3,237,203,189
New Ultra Protec Exterior Emulsion,2-2-4,239,180,175
New Ultra Protec Exterior Emulsion,2-2-6,223,109,108
New Ultra Protec Exterior Emulsion,2-2-7,190,88,87
New Ultra Protec Exterior Emulsion,4-2-1,239,222,214
New Ultra Protec Exterior Emulsion,4-2-2,224,197,192
New Ultra Protec Exterior Emulsion,4-2-3,213,174,169
New Ultra Protec Exterior Emulsion,4-2-4,206,156,152
New Ultra Protec Exterior Emulsion,4-2-5,190,124,117
New Ultra Protec Exterior Emulsion,4-2-6,174,103,105
New Ultra Protec Exterior Emulsion,5-2-1,232,218,211
New Ultra Protec Exterior Emulsion,5-2-2,218,205,201
New Ultra Protec Exterior Emulsion,5-2-3,204,169,161
New Ultra Protec Exterior Emulsion,5-2-4,185,147,139
New Ultra Protec Exterior Emulsion,5-2-6,147,109,100
New Ultra Protec Exterior Emulsion,5-2-7,109,76,65
New Ultra Protec Exterior Emulsion,1-3-2,246,207,202
New Ultra Protec Exterior Emulsion,1-3-3,252,183,166
New Ultra Protec Exterior Emulsion,1-3-4,250,159,137
New Ultra Protec Exterior Emulsion,1-3-5,244,142,114
New Ultra Protec Exterior Emulsion,5-3-2,221,206,201
New Ultra Protec Exterior Emulsion,5-3-3,197,174,166
New Ultra Protec Exterior Emulsion,5-3-4,173,143,135
New Ultra Protec Exterior Emulsion,5-3-5,142,110,100
New Ultra Protec Exterior Emulsion,5-3-6,110,76,67
New Ultra Protec Exterior Emulsion,5-3-7,100,85,81
New Ultra Protec Exterior Emulsion,2-4-2,246,221,207
New Ultra Protec Exterior Emulsion,2-4-3,238,201,187
New Ultra Protec Exterior Emulsion,2-4-4,242,174,152
New Ultra Protec Exterior Emulsion,2-4-5,225,139,114
New Ultra Protec Exterior Emulsion,3-4-1,243,228,215
New Ultra Protec Exterior Emulsion,3-4-2,235,209,197
New Ultra Protec Exterior Emulsion,3-4-3,233,191,177
New Ultra Protec Exterior Emulsion,3-4-4,220,171,157
New Ultra Protec Exterior Emulsion,3-4-7,154,80,58
New Ultra Protec Exterior Emulsion,4-4-1,239,225,219
New Ultra Protec Exterior Emulsion,4-4-2,229,206,198
New Ultra Protec Exterior Emulsion,4-4-3,211,179,172
New Ultra Protec Exterior Emulsion,4-4-4,191,151,141
New Ultra Protec Exterior Emulsion,4-4-5,177,128,114
New Ultra Protec Exterior Emulsion,4-4-6,155,102,88
New Ultra Protec Exterior Emulsion,4-4-7,124,72,60
New Ultra Protec Exterior Emulsion,5-4-1,235,224,215
New Ultra Protec Exterior Emulsion,5-4-2,229,213,204
New Ultra Protec Exterior Emulsion,5-4-3,188,161,149
New Ultra Protec Exterior Emulsion,5-4-4,167,128,111
New Ultra Protec Exterior Emulsion,5-4-5,141,103,88
New Ultra Protec Exterior Emulsion,5-4-6,105,79,74
New Ultra Protec Exterior Emulsion,5-4-7,100,84,77
New Ultra Protec Exterior Emulsion,1-5-2,248,215,197
New Ultra Protec Exterior Emulsion,1-5-3,250,203,182
New Ultra Protec Exterior Emulsion,1-5-4,251,186,160
New Ultra Protec Exterior Emulsion,5-5-1,244,226,216
New Ultra Protec Exterior Emulsion,5-5-2,216,201,194
New Ultra Protec Exterior Emulsion,5-5-3,193,170,161
New Ultra Protec Exterior Emulsion,5-5-4,149,128,116
New Ultra Protec Exterior Emulsion,5-5-5,116,89,75
New Ultra Protec Exterior Emulsion,5-5-6,98,74,62
New Ultra Protec Exterior Emulsion,5-5-7,86,70,64
New Ultra Protec Exterior Emulsion,2-6-1,244,236,220
New Ultra Protec Exterior Emulsion,2-6-2,243,224,206
New Ultra Protec Exterior Emulsion,2-6-3,243,199,170
New Ultra Protec Exterior Emulsion,2-6-4,240,177,145
New Ultra Protec Exterior Emulsion,2-6-5,230,155,116
New Ultra Protec Exterior Emulsion,2-6-6,227,136,95
New Ultra Protec Exterior Emulsion,3-6-2,232,207,190
New Ultra Protec Exterior Emulsion,3-6-3,225,178,156
New Ultra Protec Exterior Emulsion,3-6-5,207,144,118
New Ultra Protec Exterior Emulsion,3-6-6,188,117,78
New Ultra Protec Exterior Emulsion,4-6-1,242,226,212
New Ultra Protec Exterior Emulsion,4-6-2,228,209,197
New Ultra Protec Exterior Emulsion,4-6-3,211,183,169
New Ultra Protec Exterior Emulsion,4-6-4,196,161,140
New Ultra Protec Exterior Emulsion,4-6-6,157,106,87
New Ultra Protec Exterior Emulsion,5-6-1,239,230,220
New Ultra Protec Exterior Emulsion,5-6-2,223,212,198
New Ultra Protec Exterior Emulsion,5-6-3,193,174,161
New Ultra Protec Exterior Emulsion,5-6-4,166,143,128
New Ultra Protec Exterior Emulsion,5-6-5,139,111,94
New Ultra Protec Exterior Emulsion,5-6-6,107,76,61
New Ultra Protec Exterior Emulsion,5-6-7,100,85,76
New Ultra Protec Exterior Emulsion,1-7-2,243,219,195
New Ultra Protec Exterior Emulsion,4-7-1,243,229,213
New Ultra Protec Exterior Emulsion,4-7-2,226,206,192
New Ultra Protec Exterior Emulsion,4-7-3,214,187,169
New Ultra Protec Exterior Emulsion,4-7-4,196,165,140
New Ultra Protec Exterior Emulsion,4-7-5,183,140,112
New Ultra Protec Exterior Emulsion,4-7-6,159,109,86
New Ultra Protec Exterior Emulsion,1-8-1,245,231,212
New Ultra Protec Exterior Emulsion,1-8-2,247,228,198
New Ultra Protec Exterior Emulsion,1-8-4,252,201,145
New Ultra Protec Exterior Emulsion,2-8-1,246,235,212
New Ultra Protec Exterior Emulsion,2-8-2,241,206,165
New Ultra Protec Exterior Emulsion,2-8-3,234,192,139
New Ultra Protec Exterior Emulsion,2-8-4,233,175,113
New Ultra Protec Exterior Emulsion,2-8-5,225,158,92
New Ultra Protec Exterior Emulsion,4-7-7,138,87,61
New Ultra Protec Exterior Emulsion,3-8-1,245,239,223
New Ultra Protec Exterior Emulsion,3-8-2,232,216,194
New Ultra Protec Exterior Emulsion,3-8-3,221,191,155
New Ultra Protec Exterior Emulsion,3-8-4,200,161,115
New Ultra Protec Exterior Emulsion,3-8-5,195,142,93
New Ultra Protec Exterior Emulsion,3-8-6,184,129,75
New Ultra Protec Exterior Emulsion,2-9-2,237,212,164
New Ultra Protec Exterior Emulsion,2-9-3,236,196,129
New Ultra Protec Exterior Emulsion,2-9-4,228,183,115
New Ultra Protec Exterior Emulsion,2-9-5,222,171,98
New Ultra Protec Exterior Emulsion,2-9-6,223,162,78
New Ultra Protec Exterior Emulsion,3-9-1,239,233,220
New Ultra Protec Exterior Emulsion,3-9-2,237,222,197
New Ultra Protec Exterior Emulsion,3-9-3,217,193,153
New Ultra Protec Exterior Emulsion,3-9-4,208,173,115
New Ultra Protec Exterior Emulsion,3-9-5,200,157,96
New Ultra Protec Exterior Emulsion,3-9-6,190,144,79
New Ultra Protec Exterior Emulsion,3-9-7,191,138,80
New Ultra Protec Exterior Emulsion,4-9-1,234,222,205
New Ultra Protec Exterior Emulsion,4-9-2,225,215,197
New Ultra Protec Exterior Emulsion,4-9-3,209,193,166
New Ultra Protec Exterior Emulsion,4-9-4,198,173,141
New Ultra Protec Exterior Emulsion,4-9-5,182,151,114
New Ultra Protec Exterior Emulsion,4-9-6,160,121,81
New Ultra Protec Exterior Emulsion,5-9-1,234,220,205
New Ultra Protec Exterior Emulsion,5-9-2,217,208,199
New Ultra Protec Exterior Emulsion,5-9-3,190,176,160
New Ultra Protec Exterior Emulsion,5-9-4,169,150,129
New Ultra Protec Exterior Emulsion,5-9-5,142,117,95
New Ultra Protec Exterior Emulsion,5-9-7,95,82,69
New Ultra Protec Exterior Emulsion,1-10-1,240,233,207
New Ultra Protec Exterior Emulsion,1-10-2,247,229,174
New Ultra Protec Exterior Emulsion,4-10-1,240,234,216
New Ultra Protec Exterior Emulsion,4-10-2,226,216,194
New Ultra Protec Exterior Emulsion,4-10-3,215,196,169
New Ultra Protec Exterior Emulsion,4-10-4,198,175,140
New Ultra Protec Exterior Emulsion,5-10-1,237,229,216
New Ultra Protec Exterior Emulsion,5-10-2,219,209,195
New Ultra Protec Exterior Emulsion,5-10-3,200,186,166
New Ultra Protec Exterior Emulsion,5-10-4,166,151,133
New Ultra Protec Exterior Emulsion,5-10-5,151,126,99
New Ultra Protec Exterior Emulsion,5-10-6,121,100,73
New Ultra Protec Exterior Emulsion,5-10-7,101,88,74
New Ultra Protec Exterior Emulsion,1-11-1,240,234,207
New Ultra Protec Exterior Emulsion,1-11-2,247,233,180
New Ultra Protec Exterior Emulsion,3-11-1,238,230,212
New Ultra Protec Exterior Emulsion,3-11-2,234,221,189
New Ultra Protec Exterior Emulsion,3-11-3,231,216,175
New Ultra Protec Exterior Emulsion,3-11-4,223,203,151
New Ultra Protec Exterior Emulsion,3-11-5,209,181,115
New Ultra Protec Exterior Emulsion,4-11-2,222,212,188
New Ultra Protec Exterior Emulsion,4-11-3,215,199,161
New Ultra Protec Exterior Emulsion,4-11-4,201,182,141
New Ultra Protec Exterior Emulsion,4-11-5,183,163,116
New Ultra Protec Exterior Emulsion,4-11-6,171,145,89
New Ultra Protec Exterior Emulsion,5-11-1,236,229,218
New Ultra Protec Exterior Emulsion,5-11-2,224,216,202
New Ultra Protec Exterior Emulsion,5-11-3,201,187,168
New Ultra Protec Exterior Emulsion,5-11-4,174,158,134
New Ultra Protec Exterior Emulsion,5-11-5,148,130,104
New Ultra Protec Exterior Emulsion,5-11-6,123,102,76
New Ultra Protec Exterior Emulsion,5-11-7,102,89,76
New Ultra Protec Exterior Emulsion,1-12-1,240,237,208
New Ultra Protec Exterior Emulsion,1-12-5,245,215,109
New Ultra Protec Exterior Emulsion,3-12-1,237,232,209
New Ultra Protec Exterior Emulsion,3-12-2,231,222,189
New Ultra Protec Exterior Emulsion,3-12-3,228,212,158
New Ultra Protec Exterior Emulsion,3-12-4,222,201,132
New Ultra Protec Exterior Emulsion,3-12-5,205,180,108
New Ultra Protec Exterior Emulsion,3-12-6,198,163,82
New Ultra Protec Exterior Emulsion,3-12-7,169,132,60
New Ultra Protec Exterior Emulsion,5-12-1,238,234,221
New Ultra Protec Exterior Emulsion,5-12-2,209,204,191
New Ultra Protec Exterior Emulsion,5-12-3,198,192,176
New Ultra Protec Exterior Emulsion,5-12-4,176,170,157
New Ultra Protec Exterior Emulsion,5-12-5,149,142,127
New Ultra Protec Exterior Emulsion,5-12-6,115,107,91
New Ultra Protec Exterior Emulsion,5-12-7,103,93,77
New Ultra Protec Exterior Emulsion,3-13-2,234,223,185
New Ultra Protec Exterior Emulsion,3-13-3,230,222,174
New Ultra Protec Exterior Emulsion,3-13-4,229,213,152
New Ultra Protec Exterior Emulsion,3-13-5,212,194,121
New Ultra Protec Exterior Emulsion,3-13-6,199,172,83
New Ultra Protec Exterior Emulsion,4-13-1,246,239,203
New Ultra Protec Exterior Emulsion,4-13-2,223,216,182
New Ultra Protec Exterior Emulsion,4-13-3,217,207,165
New Ultra Protec Exterior Emulsion,4-13-4,203,190,141
New Ultra Protec Exterior Emulsion,4-13-5,188,173,118
New Ultra Protec Exterior Emulsion,4-13-6,172,152,93
New Ultra Protec Exterior Emulsion,5-13-2,216,212,197
New Ultra Protec Exterior Emulsion,5-13-3,199,187,164
New Ultra Protec Exterior Emulsion,5-13-4,176,163,137
New Ultra Protec Exterior Emulsion,5-13-5,157,140,110
New Ultra Protec Exterior Emulsion,5-13-6,132,113,80
New Ultra Protec Exterior Emulsion,5-13-7,103,90,72
New Ultra Protec Exterior Emulsion,3-14-1,238,237,211
New Ultra Protec Exterior Emulsion,3-14-2,225,224,187
New Ultra Protec Exterior Emulsion,3-14-3,227,220,167
New Ultra Protec Exterior Emulsion,3-14-4,226,216,158
New Ultra Protec Exterior Emulsion,3-14-5,213,198,125
New Ultra Protec Exterior Emulsion,3-14-6,189,172,89
New Ultra Protec Exterior Emulsion,4-14-2,224,220,186
New Ultra Protec Exterior Emulsion,4-14-3,216,209,163
New Ultra Protec Exterior Emulsion,4-14-4,202,194,142
New Ultra Protec Exterior Emulsion,4-14-5,188,178,121
New Ultra Protec Exterior Emulsion,4-14-6,171,159,99
New Ultra Protec Exterior Emulsion,5-14-2,219,212,192
New Ultra Protec Exterior Emulsion,5-14-3,205,197,174
New Ultra Protec Exterior Emulsion,5-14-4,180,169,138
New Ultra Protec Exterior Emulsion,5-14-5,157,142,109
New Ultra Protec Exterior Emulsion,5-14-6,134,117,83
New Ultra Protec Exterior Emulsion,5-14-7,103,92,74
New Ultra Protec Exterior Emulsion,1-15-2,236,238,190
New Ultra Protec Exterior Emulsion,1-15-3,245,240,176
New Ultra Protec Exterior Emulsion,1-15-4,240,233,157
New Ultra Protec Exterior Emulsion,1-15-5,234,229,115
New Ultra Protec Exterior Emulsion,1-15-6,242,218,81
New Ultra Protec Exterior Emulsion,1-15-7,229,204,75
New Ultra Protec Exterior Emulsion,2-15-1,245,241,216
New Ultra Protec Exterior Emulsion,2-15-2,237,236,200
New Ultra Protec Exterior Emulsion,2-15-3,241,232,176
New Ultra Protec Exterior Emulsion,2-15-4,234,228,159
New Ultra Protec Exterior Emulsion,2-15-5,221,209,120
New Ultra Protec Exterior Emulsion,2-15-6,208,192,85
New Ultra Protec Exterior Emulsion,3-15-1,234,234,212
New Ultra Protec Exterior Emulsion,3-15-5,204,189,106
New Ultra Protec Exterior Emulsion,3-15-6,181,168,89
New Ultra Protec Exterior Emulsion,4-15-1,238,235,216
New Ultra Protec Exterior Emulsion,4-15-2,222,222,188
New Ultra Protec Exterior Emulsion,4-15-3,212,209,167
New Ultra Protec Exterior Emulsion,4-15-4,201,195,143
New Ultra Protec Exterior Emulsion,4-15-5,179,175,119
New Ultra Protec Exterior Emulsion,4-15-6,166,157,97
New Ultra Protec Exterior Emulsion,5-15-1,230,227,218
New Ultra Protec Exterior Emulsion,5-15-2,210,206,196
New Ultra Protec Exterior Emulsion,5-15-3,186,182,171
New Ultra Protec Exterior Emulsion,5-15-4,162,161,154
New Ultra Protec Exterior Emulsion,5-15-5,139,137,128
New Ultra Protec Exterior Emulsion,5-15-6,110,107,97
New Ultra Protec Exterior Emulsion,5-15-7,83,79,68
New Ultra Protec Exterior Emulsion,1-16-1,237,240,213
New Ultra Protec Exterior Emulsion,1-16-2,230,239,205
New Ultra Protec Exterior Emulsion,1-16-3,230,237,184
New Ultra Protec Exterior Emulsion,1-16-4,231,235,155
New Ultra Protec Exterior Emulsion,1-16-5,220,224,111
New Ultra Protec Exterior Emulsion,3-16-2,236,239,205
New Ultra Protec Exterior Emulsion,3-16-3,221,224,178
New Ultra Protec Exterior Emulsion,3-16-4,208,209,144
New Ultra Protec Exterior Emulsion,3-16-5,199,196,125
New Ultra Protec Exterior Emulsion,3-16-6,173,166,88
New Ultra Protec Exterior Emulsion,5-16-2,220,219,196
New Ultra Protec Exterior Emulsion,5-16-3,196,194,164
New Ultra Protec Exterior Emulsion,5-16-4,179,174,139
New Ultra Protec Exterior Emulsion,5-16-5,156,148,113
New Ultra Protec Exterior Emulsion,5-16-6,123,115,83
New Ultra Protec Exterior Emulsion,1-17-2,236,240,209
New Ultra Protec Exterior Emulsion,1-17-3,223,237,190
New Ultra Protec Exterior Emulsion,1-17-4,209,230,157
New Ultra Protec Exterior Emulsion,1-17-6,172,204,73
New Ultra Protec Exterior Emulsion,3-17-1,231,236,194
New Ultra Protec Exterior Emulsion,3-17-2,220,228,195
New Ultra Protec Exterior Emulsion,3-17-3,212,223,180
New Ultra Protec Exterior Emulsion,3-17-4,191,204,143
New Ultra Protec Exterior Emulsion,3-17-5,186,194,124
New Ultra Protec Exterior Emulsion,4-17-1,230,235,210
New Ultra Protec Exterior Emulsion,4-17-2,211,219,192
New Ultra Protec Exterior Emulsion,4-17-3,200,207,169
New Ultra Protec Exterior Emulsion,4-17-4,175,187,142
New Ultra Protec Exterior Emulsion,4-17-5,166,175,122
New Ultra Protec Exterior Emulsion,4-17-6,144,153,96
New Ultra Protec Exterior Emulsion,5-17-1,227,228,208
New Ultra Protec Exterior Emulsion,5-17-2,217,219,197
New Ultra Protec Exterior Emulsion,5-17-3,191,195,166
New Ultra Protec Exterior Emulsion,5-17-4,165,169,137
New Ultra Protec Exterior Emulsion,5-17-5,142,144,112
New Ultra Protec Exterior Emulsion,5-17-7,92,96,81
New Ultra Protec Exterior Emulsion,2-18-2,223,237,203
New Ultra Protec Exterior Emulsion,2-18-3,214,229,193
New Ultra Protec Exterior Emulsion,2-18-4,189,220,164
New Ultra Protec Exterior Emulsion,2-18-5,165,201,112
New Ultra Protec Exterior Emulsion,2-18-6,138,174,74
New Ultra Protec Exterior Emulsion,3-18-2,217,228,196
New Ultra Protec Exterior Emulsion,3-18-3,205,216,177
New Ultra Protec Exterior Emulsion,3-18-4,182,200,145
New Ultra Protec Exterior Emulsion,3-18-5,156,175,108
New Ultra Protec Exterior Emulsion,3-18-6,137,162,83
New Ultra Protec Exterior Emulsion,5-18-1,230,236,221
New Ultra Protec Exterior Emulsion,5-18-2,204,210,195
New Ultra Protec Exterior Emulsion,5-18-3,180,191,170
New Ultra Protec Exterior Emulsion,5-18-4,150,162,132
New Ultra Protec Exterior Emulsion,5-18-5,124,136,106
New Ultra Protec Exterior Emulsion,5-18-6,94,102,70
New Ultra Protec Exterior Emulsion,5-18-7,94,100,77
New Ultra Protec Exterior Emulsion,1-19-1,218,235,207
New Ultra Protec Exterior Emulsion,1-19-2,208,227,191
New Ultra Protec Exterior Emulsion,1-19-3,197,228,175
New Ultra Protec Exterior Emulsion,1-19-4,188,223,151
New Ultra Protec Exterior Emulsion,1-19-5,148,203,104
New Ultra Protec Exterior Emulsion,4-19-2,208,217,196
New Ultra Protec Exterior Emulsion,4-19-3,192,206,172
New Ultra Protec Exterior Emulsion,4-19-4,168,184,144
New Ultra Protec Exterior Emulsion,4-19-5,138,163,120
New Ultra Protec Exterior Emulsion,4-19-6,123,145,95
New Ultra Protec Exterior Emulsion,5-19-2,205,213,199
New Ultra Protec Exterior Emulsion,5-19-3,174,186,163
New Ultra Protec Exterior Emulsion,5-19-4,149,161,135
New Ultra Protec Exterior Emulsion,5-19-5,120,134,103
New Ultra Protec Exterior Emulsion,5-19-6,85,93,68
New Ultra Protec Exterior Emulsion,5-19-7,90,95,79
New Ultra Protec Exterior Emulsion,2-20-1,231,240,205
New Ultra Protec Exterior Emulsion,2-20-2,211,229,192
New Ultra Protec Exterior Emulsion,2-20-3,193,224,182
New Ultra Protec Exterior Emulsion,2-20-4,149,198,120
New Ultra Protec Exterior Emulsion,2-20-5,133,184,106
New Ultra Protec Exterior Emulsion,2-20-6,117,171,83
New Ultra Protec Exterior Emulsion,3-20-1,231,240,222
New Ultra Protec Exterior Emulsion,3-20-2,224,234,217
New Ultra Protec Exterior Emulsion,3-20-3,191,214,179
New Ultra Protec Exterior Emulsion,3-20-4,181,210,168
New Ultra Protec Exterior Emulsion,3-20-5,149,185,129
New Ultra Protec Exterior Emulsion,3-20-6,115,152,82
New Ultra Protec Exterior Emulsion,4-20-1,229,236,216
New Ultra Protec Exterior Emulsion,4-20-2,207,219,198
New Ultra Protec Exterior Emulsion,4-20-3,192,206,176
New Ultra Protec Exterior Emulsion,4-20-4,162,183,146
New Ultra Protec Exterior Emulsion,4-20-5,135,162,123
New Ultra Protec Exterior Emulsion,4-20-6,113,141,93
New Ultra Protec Exterior Emulsion,5-20-1,217,216,210
New Ultra Protec Exterior Emulsion,5-20-2,195,197,190
New Ultra Protec Exterior Emulsion,5-20-3,184,186,178
New Ultra Protec Exterior Emulsion,5-20-4,155,158,154
New Ultra Protec Exterior Emulsion,5-20-5,129,134,130
New Ultra Protec Exterior Emulsion,5-20-6,99,103,97
New Ultra Protec Exterior Emulsion,5-20-7,82,83,77
New Ultra Protec Exterior Emulsion,1-21-1,214,236,208
New Ultra Protec Exterior Emulsion,1-21-2,205,228,195
New Ultra Protec Exterior Emulsion,1-21-3,196,230,182
New Ultra Protec Exterior Emulsion,1-21-4,177,220,154
New Ultra Protec Exterior Emulsion,1-21-5,137,203,113
New Ultra Protec Exterior Emulsion,2-21-1,225,236,209
New Ultra Protec Exterior Emulsion,2-21-2,213,233,207
New Ultra Protec Exterior Emulsion,2-21-3,197,224,187
New Ultra Protec Exterior Emulsion,2-21-4,160,206,147
New Ultra Protec Exterior Emulsion,2-21-5,123,182,107
New Ultra Protec Exterior Emulsion,2-21-6,106,166,88
New Ultra Protec Exterior Emulsion,5-21-1,220,229,214
New Ultra Protec Exterior Emulsion,5-21-2,205,212,199
New Ultra Protec Exterior Emulsion,5-21-3,174,187,168
New Ultra Protec Exterior Emulsion,5-21-4,141,158,134
New Ultra Protec Exterior Emulsion,5-21-5,108,128,101
New Ultra Protec Exterior Emulsion,5-21-7,88,94,79
New Ultra Protec Exterior Emulsion,3-22-2,219,231,216
New Ultra Protec Exterior Emulsion,3-22-3,190,215,186
New Ultra Protec Exterior Emulsion,3-22-4,176,206,169
New Ultra Protec Exterior Emulsion,3-22-5,142,181,131
New Ultra Protec Exterior Emulsion,3-22-6,100,144,81
New Ultra Protec Exterior Emulsion,5-22-2,202,211,199
New Ultra Protec Exterior Emulsion,5-22-3,168,181,161
New Ultra Protec Exterior Emulsion,5-22-4,139,157,135
New Ultra Protec Exterior Emulsion,5-22-5,104,123,99
New Ultra Protec Exterior Emulsion,2-23-1,226,237,222
New Ultra Protec Exterior Emulsion,2-23-2,215,235,215
New Ultra Protec Exterior Emulsion,2-23-3,181,221,183
New Ultra Protec Exterior Emulsion,2-23-4,152,204,149
New Ultra Protec Exterior Emulsion,2-23-5,105,177,112
New Ultra Protec Exterior Emulsion,2-23-6,79,155,86
New Ultra Protec Exterior Emulsion,4-23-2,203,219,200
New Ultra Protec Exterior Emulsion,4-23-3,181,201,174
New Ultra Protec Exterior Emulsion,4-23-4,151,179,147
New Ultra Protec Exterior Emulsion,4-23-5,131,157,120
New Ultra Protec Exterior Emulsion,4-23-6,100,136,93
New Ultra Protec Exterior Emulsion,1-24-2,206,236,216
New Ultra Protec Exterior Emulsion,1-24-3,177,225,184
New Ultra Protec Exterior Emulsion,1-24-4,138,207,156
New Ultra Protec Exterior Emulsion,1-24-5,93,190,130
New Ultra Protec Exterior Emulsion,1-24-6,67,177,111
New Ultra Protec Exterior Emulsion,1-24-7,37,159,94
New Ultra Protec Exterior Emulsion,2-24-2,217,236,217
New Ultra Protec Exterior Emulsion,2-24-3,172,220,188
New Ultra Protec Exterior Emulsion,2-24-4,132,201,155
New Ultra Protec Exterior Emulsion,2-24-6,51,151,92
New Ultra Protec Exterior Emulsion,3-24-1,217,235,212
New Ultra Protec Exterior Emulsion,3-24-2,212,230,209
New Ultra Protec Exterior Emulsion,3-24-3,186,217,190
New Ultra Protec Exterior Emulsion,3-24-4,163,203,169
New Ultra Protec Exterior Emulsion,3-24-5,124,173,134
New Ultra Protec Exterior Emulsion,3-24-6,74,139,90
New Ultra Protec Exterior Emulsion,4-24-1,218,231,216
New Ultra Protec Exterior Emulsion,4-24-2,193,213,192
New Ultra Protec Exterior Emulsion,4-24-3,178,200,175
New Ultra Protec Exterior Emulsion,4-24-4,148,180,149
New Ultra Protec Exterior Emulsion,4-24-5,123,158,124
New Ultra Protec Exterior Emulsion,5-24-1,228,235,223
New Ultra Protec Exterior Emulsion,5-24-2,204,217,204
New Ultra Protec Exterior Emulsion,5-24-3,171,187,171
New Ultra Protec Exterior Emulsion,5-24-4,139,158,140
New Ultra Protec Exterior Emulsion,5-24-5,103,127,105
New Ultra Protec Exterior Emulsion,5-24-7,72,83,71
New Ultra Protec Exterior Emulsion,2-25-1,216,235,221
New Ultra Protec Exterior Emulsion,2-25-2,209,235,221
New Ultra Protec Exterior Emulsion,2-25-3,173,218,191
New Ultra Protec Exterior Emulsion,2-25-4,127,195,162
New Ultra Protec Exterior Emulsion,2-25-5,75,167,134
New Ultra Protec Exterior Emulsion,2-25-6,30,145,107
New Ultra Protec Exterior Emulsion,3-25-1,224,238,224
New Ultra Protec Exterior Emulsion,3-25-2,217,231,218
New Ultra Protec Exterior Emulsion,3-25-3,208,227,210
New Ultra Protec Exterior Emulsion,3-25-4,164,205,174
New Ultra Protec Exterior Emulsion,3-25-5,111,172,134
New Ultra Protec Exterior Emulsion,3-25-6,61,136,89
New Ultra Protec Exterior Emulsion,5-25-1,225,232,222
New Ultra Protec Exterior Emulsion,5-25-2,202,215,204
New Ultra Protec Exterior Emulsion,5-25-3,165,185,172
New Ultra Protec Exterior Emulsion,5-25-4,133,156,138
New Ultra Protec Exterior Emulsion,5-25-5,94,123,103
New Ultra Protec Exterior Emulsion,5-25-6,65,89,71
New Ultra Protec Exterior Emulsion,5-25-7,75,88,79
New Ultra Protec Exterior Emulsion,1-26-1,227,240,232
New Ultra Protec Exterior Emulsion,1-26-2,198,233,221
New Ultra Protec Exterior Emulsion,1-26-3,164,226,208
New Ultra Protec Exterior Emulsion,1-26-4,114,205,185
New Ultra Protec Exterior Emulsion,1-26-5,70,189,163
New Ultra Protec Exterior Emulsion,1-26-6,0,172,147
New Ultra Protec Exterior Emulsion,1-26-7,0,159,133
New Ultra Protec Exterior Emulsion,3-26-2,216,231,220
New Ultra Protec Exterior Emulsion,3-26-3,192,219,206
New Ultra Protec Exterior Emulsion,3-26-4,150,199,176
New Ultra Protec Exterior Emulsion,3-26-5,101,170,141
New Ultra Protec Exterior Emulsion,3-26-6,49,131,99
New Ultra Protec Exterior Emulsion,4-26-2,214,229,216
New Ultra Protec Exterior Emulsion,4-26-3,166,193,177
New Ultra Protec Exterior Emulsion,4-26-4,135,176,157
New Ultra Protec Exterior Emulsion,4-26-6,65,121,99
New Ultra Protec Exterior Emulsion,5-26-2,202,215,206
New Ultra Protec Exterior Emulsion,5-26-3,165,187,176
New Ultra Protec Exterior Emulsion,5-26-4,129,157,144
New Ultra Protec Exterior Emulsion,5-26-5,94,124,110
New Ultra Protec Exterior Emulsion,5-26-6,61,92,79
New Ultra Protec Exterior Emulsion,5-26-7,77,92,85
New Ultra Protec Exterior Emulsion,2-27-1,209,227,227
New Ultra Protec Exterior Emulsion,2-27-2,199,231,227
New Ultra Protec Exterior Emulsion,2-27-3,158,210,202
New Ultra Protec Exterior Emulsion,2-27-4,106,194,185
New Ultra Protec Exterior Emulsion,2-27-5,23,164,150
New Ultra Protec Exterior Emulsion,2-27-6,0,144,134
New Ultra Protec Exterior Emulsion,2-27-7,0,121,116
New Ultra Protec Exterior Emulsion,4-27-2,195,216,207
New Ultra Protec Exterior Emulsion,4-27-3,159,191,179
New Ultra Protec Exterior Emulsion,4-27-4,125,169,157
New Ultra Protec Exterior Emulsion,4-27-5,96,146,133
New Ultra Protec Exterior Emulsion,4-27-6,64,121,106
New Ultra Protec Exterior Emulsion,5-27-1,218,229,219
New Ultra Protec Exterior Emulsion,5-27-2,197,212,204
New Ultra Protec Exterior Emulsion,5-27-3,167,191,183
New Ultra Protec Exterior Emulsion,5-27-4,127,155,146
New Ultra Protec Exterior Emulsion,5-27-5,94,126,118
New Ultra Protec Exterior Emulsion,5-27-6,52,93,84
New Ultra Protec Exterior Emulsion,5-27-7,78,95,91
New Ultra Protec Exterior Emulsion,1-28-1,226,232,230
New Ultra Protec Exterior Emulsion,1-28-2,198,230,231
New Ultra Protec Exterior Emulsion,1-28-3,156,223,220
New Ultra Protec Exterior Emulsion,1-28-4,119,208,208
New Ultra Protec Exterior Emulsion,1-28-5,39,183,186
New Ultra Protec Exterior Emulsion,1-28-6,0,167,171
New Ultra Protec Exterior Emulsion,1-28-7,0,148,151
New Ultra Protec Exterior Emulsion,2-29-1,218,235,233
New Ultra Protec Exterior Emulsion,2-29-2,210,231,230
New Ultra Protec Exterior Emulsion,2-29-3,157,213,217
New Ultra Protec Exterior Emulsion,2-29-4,108,191,199
New Ultra Protec Exterior Emulsion,2-29-5,53,160,171
New Ultra Protec Exterior Emulsion,2-29-6,0,143,157
New Ultra Protec Exterior Emulsion,2-29-7,0,124,135
New Ultra Protec Exterior Emulsion,4-29-1,222,234,230
New Ultra Protec Exterior Emulsion,4-29-2,201,222,219
New Ultra Protec Exterior Emulsion,4-29-3,161,201,199
New Ultra Protec Exterior Emulsion,4-29-4,128,174,173
New Ultra Protec Exterior Emulsion,4-29-5,92,148,147
New Ultra Protec Exterior Emulsion,4-29-6,61,116,117
New Ultra Protec Exterior Emulsion,4-29-7,23,90,93
New Ultra Protec Exterior Emulsion,5-29-1,215,217,212
New Ultra Protec Exterior Emulsion,5-29-2,184,191,187
New Ultra Protec Exterior Emulsion,5-29-3,174,181,178
New Ultra Protec Exterior Emulsion,5-29-4,152,160,160
New Ultra Protec Exterior Emulsion,5-29-5,125,133,134
New Ultra Protec Exterior Emulsion,5-29-6,91,99,98
New Ultra Protec Exterior Emulsion,1-30-2,194,225,225
New Ultra Protec Exterior Emulsion,1-30-3,158,219,228
New Ultra Protec Exterior Emulsion,1-30-4,108,201,214
New Ultra Protec Exterior Emulsion,1-30-5,80,189,208
New Ultra Protec Exterior Emulsion,1-30-6,30,161,178
New Ultra Protec Exterior Emulsion,1-30-7,0,146,171
New Ultra Protec Exterior Emulsion,3-30-2,191,222,224
New Ultra Protec Exterior Emulsion,3-30-3,166,207,211
New Ultra Protec Exterior Emulsion,3-30-4,120,183,190
New Ultra Protec Exterior Emulsion,3-30-5,67,145,153
New Ultra Protec Exterior Emulsion,3-30-6,29,126,137
New Ultra Protec Exterior Emulsion,4-30-2,197,219,219
New Ultra Protec Exterior Emulsion,4-30-3,160,194,196
New Ultra Protec Exterior Emulsion,4-30-4,122,169,173
New Ultra Protec Exterior Emulsion,4-30-5,92,146,152
New Ultra Protec Exterior Emulsion,4-30-6,58,116,122
New Ultra Protec Exterior Emulsion,5-31-2,200,212,214
New Ultra Protec Exterior Emulsion,5-31-3,159,180,184
New Ultra Protec Exterior Emulsion,5-31-4,131,156,162
New Ultra Protec Exterior Emulsion,5-31-5,86,120,126
New Ultra Protec Exterior Emulsion,5-31-6,61,93,101
New Ultra Protec Exterior Emulsion,5-31-7,73,91,95
New Ultra Protec Exterior Emulsion,1-32-2,195,224,230
New Ultra Protec Exterior Emulsion,1-32-3,156,211,229
New Ultra Protec Exterior Emulsion,1-32-4,116,194,221
New Ultra Protec Exterior Emulsion,1-32-5,51,165,203
New Ultra Protec Exterior Emulsion,1-32-6,0,151,192
New Ultra Protec Exterior Emulsion,1-32-7,0,133,169
New Ultra Protec Exterior Emulsion,2-32-1,211,221,221
New Ultra Protec Exterior Emulsion,2-32-2,184,215,225
New Ultra Protec Exterior Emulsion,2-32-3,151,203,219
New Ultra Protec Exterior Emulsion,2-32-4,107,182,209
New Ultra Protec Exterior Emulsion,2-32-5,69,152,185
New Ultra Protec Exterior Emulsion,2-32-6,0,124,159
New Ultra Protec Exterior Emulsion,2-32-7,0,109,146
New Ultra Protec Exterior Emulsion,1-33-1,217,233,234
New Ultra Protec Exterior Emulsion,1-33-2,186,219,229
New Ultra Protec Exterior Emulsion,1-33-3,158,210,234
New Ultra Protec Exterior Emulsion,1-33-4,133,198,226
New Ultra Protec Exterior Emulsion,1-33-5,72,174,213
New Ultra Protec Exterior Emulsion,1-33-6,0,146,199
New Ultra Protec Exterior Emulsion,1-33-7,0,126,177
New Ultra Protec Exterior Emulsion,3-33-1,212,228,229
New Ultra Protec Exterior Emulsion,3-33-2,189,213,223
New Ultra Protec Exterior Emulsion,3-33-3,167,199,216
New Ultra Protec Exterior Emulsion,3-33-4,140,180,203
New Ultra Protec Exterior Emulsion,3-33-5,91,149,180
New Ultra Protec Exterior Emulsion,3-33-6,41,110,151
New Ultra Protec Exterior Emulsion,3-33-7,25,86,121
New Ultra Protec Exterior Emulsion,4-33-1,212,222,224
New Ultra Protec Exterior Emulsion,4-33-2,188,205,210
New Ultra Protec Exterior Emulsion,4-33-3,162,192,204
New Ultra Protec Exterior Emulsion,4-33-4,129,166,180
New Ultra Protec Exterior Emulsion,4-33-5,95,139,157
New Ultra Protec Exterior Emulsion,4-33-6,64,110,131
New Ultra Protec Exterior Emulsion,1-34-1,215,231,234
New Ultra Protec Exterior Emulsion,1-34-2,191,216,229
New Ultra Protec Exterior Emulsion,1-34-3,162,203,229
New Ultra Protec Exterior Emulsion,1-34-4,116,179,219
New Ultra Protec Exterior Emulsion,1-34-5,69,151,205
New Ultra Protec Exterior Emulsion,1-34-6,40,138,198
New Ultra Protec Exterior Emulsion,1-34-7,0,114,173
New Ultra Protec Exterior Emulsion,5-34-1,227,230,229
New Ultra Protec Exterior Emulsion,5-34-2,196,205,208
New Ultra Protec Exterior Emulsion,5-34-3,159,175,184
New Ultra Protec Exterior Emulsion,5-34-4,126,147,159
New Ultra Protec Exterior Emulsion,5-34-5,90,113,128
New Ultra Protec Exterior Emulsion,5-34-6,64,77,89
New Ultra Protec Exterior Emulsion,5-34-7,74,85,94
New Ultra Protec Exterior Emulsion,3-35-2,210,227,235
New Ultra Protec Exterior Emulsion,3-35-3,169,197,213
New Ultra Protec Exterior Emulsion,3-35-4,123,163,189
New Ultra Protec Exterior Emulsion,3-35-5,75,127,161
New Ultra Protec Exterior Emulsion,3-35-6,37,108,150
New Ultra Protec Exterior Emulsion,3-35-7,26,84,123
New Ultra Protec Exterior Emulsion,4-35-1,217,225,227
New Ultra Protec Exterior Emulsion,4-35-2,203,212,218
New Ultra Protec Exterior Emulsion,4-35-3,163,184,200
New Ultra Protec Exterior Emulsion,4-35-4,133,158,175
New Ultra Protec Exterior Emulsion,4-35-5,100,132,157
New Ultra Protec Exterior Emulsion,4-35-6,69,101,130
New Ultra Protec Exterior Emulsion,1-36-1,224,231,233
New Ultra Protec Exterior Emulsion,1-36-2,198,213,226
New Ultra Protec Exterior Emulsion,1-36-3,166,192,226
New Ultra Protec Exterior Emulsion,1-36-4,135,162,209
New Ultra Protec Exterior Emulsion,1-36-5,97,136,194
New Ultra Protec Exterior Emulsion,1-36-6,80,114,181
New Ultra Protec Exterior Emulsion,1-36-7,57,94,160
New Ultra Protec Exterior Emulsion,3-36-1,210,217,220
New Ultra Protec Exterior Emulsion,3-36-2,196,213,224
New Ultra Protec Exterior Emulsion,3-36-3,170,190,208
New Ultra Protec Exterior Emulsion,3-36-4,128,155,188
New Ultra Protec Exterior Emulsion,3-36-5,85,114,150
New Ultra Protec Exterior Emulsion,3-36-6,61,95,139
New Ultra Protec Exterior Emulsion,5-36-1,219,225,229
New Ultra Protec Exterior Emulsion,5-36-2,194,201,205
New Ultra Protec Exterior Emulsion,5-36-3,162,171,181
New Ultra Protec Exterior Emulsion,5-36-4,119,133,148
New Ultra Protec Exterior Emulsion,5-36-5,86,99,118
New Ultra Protec Exterior Emulsion,2-37-1,216,222,232
New Ultra Protec Exterior Emulsion,2-37-2,204,211,224
New Ultra Protec Exterior Emulsion,2-37-3,167,185,216
New Ultra Protec Exterior Emulsion,2-37-4,133,152,198
New Ultra Protec Exterior Emulsion,2-37-5,97,113,169
New Ultra Protec Exterior Emulsion,2-37-6,80,95,156
New Ultra Protec Exterior Emulsion,4-37-1,220,228,233
New Ultra Protec Exterior Emulsion,4-37-2,194,203,212
New Ultra Protec Exterior Emulsion,4-37-3,163,178,195
New Ultra Protec Exterior Emulsion,4-37-4,134,147,171
New Ultra Protec Exterior Emulsion,4-37-5,105,120,150
New Ultra Protec Exterior Emulsion,5-37-2,220,222,220
New Ultra Protec Exterior Emulsion,5-37-3,196,200,202
New Ultra Protec Exterior Emulsion,5-37-4,145,153,160
New Ultra Protec Exterior Emulsion,5-37-5,108,115,122
New Ultra Protec Exterior Emulsion,5-37-6,89,95,102
New Ultra Protec Exterior Emulsion,1-38-1,210,216,229
New Ultra Protec Exterior Emulsion,1-38-2,202,211,232
New Ultra Protec Exterior Emulsion,1-38-3,173,184,221
New Ultra Protec Exterior Emulsion,1-38-4,147,156,209
New Ultra Protec Exterior Emulsion,1-38-5,122,126,192
New Ultra Protec Exterior Emulsion,1-38-6,110,111,177
New Ultra Protec Exterior Emulsion,5-38-2,198,203,211
New Ultra Protec Exterior Emulsion,5-38-3,161,167,179
New Ultra Protec Exterior Emulsion,5-38-4,125,129,147
New Ultra Protec Exterior Emulsion,5-38-5,89,93,113
New Ultra Protec Exterior Emulsion,5-38-7,68,71,83
New Ultra Protec Exterior Emulsion,2-39-2,213,215,228
New Ultra Protec Exterior Emulsion,2-39-3,181,181,213
New Ultra Protec Exterior Emulsion,2-39-4,151,148,190
New Ultra Protec Exterior Emulsion,2-39-5,118,111,168
New Ultra Protec Exterior Emulsion,2-39-6,104,93,152
New Ultra Protec Exterior Emulsion,3-39-1,212,219,227
New Ultra Protec Exterior Emulsion,3-39-2,197,202,220
New Ultra Protec Exterior Emulsion,3-39-3,173,180,201
New Ultra Protec Exterior Emulsion,3-39-4,144,147,182
New Ultra Protec Exterior Emulsion,3-39-5,104,106,148
New Ultra Protec Exterior Emulsion,3-39-6,84,85,131
New Ultra Protec Exterior Emulsion,4-39-2,196,199,209
New Ultra Protec Exterior Emulsion,4-39-3,168,175,193
New Ultra Protec Exterior Emulsion,4-39-4,140,145,170
New Ultra Protec Exterior Emulsion,4-39-5,109,116,145
New Ultra Protec Exterior Emulsion,4-39-6,88,89,123
New Ultra Protec Exterior Emulsion,5-39-1,219,220,227
New Ultra Protec Exterior Emulsion,5-39-2,196,195,204
New Ultra Protec Exterior Emulsion,5-39-3,165,166,179
New Ultra Protec Exterior Emulsion,5-39-4,129,130,148
New Ultra Protec Exterior Emulsion,5-39-5,97,94,112
New Ultra Protec Exterior Emulsion,1-40-1,224,223,234
New Ultra Protec Exterior Emulsion,1-40-2,204,201,228
New Ultra Protec Exterior Emulsion,1-40-3,190,185,219
New Ultra Protec Exterior Emulsion,1-40-5,142,125,190
New Ultra Protec Exterior Emulsion,1-40-6,127,102,171
New Ultra Protec Exterior Emulsion,1-40-7,118,95,162
New Ultra Protec Exterior Emulsion,4-40-2,196,200,211
New Ultra Protec Exterior Emulsion,4-40-3,174,174,195
New Ultra Protec Exterior Emulsion,4-40-4,146,148,172
New Ultra Protec Exterior Emulsion,4-40-5,126,122,148
New Ultra Protec Exterior Emulsion,4-40-6,94,88,121
New Ultra Protec Exterior Emulsion,5-40-2,200,203,209
New Ultra Protec Exterior Emulsion,5-40-3,165,164,178
New Ultra Protec Exterior Emulsion,5-40-4,130,128,144
New Ultra Protec Exterior Emulsion,5-40-5,100,94,114
New Ultra Protec Exterior Emulsion,5-40-7,86,87,96
New Ultra Protec Exterior Emulsion,2-41-1,227,220,228
New Ultra Protec Exterior Emulsion,2-41-2,216,209,222
New Ultra Protec Exterior Emulsion,2-41-3,191,180,212
New Ultra Protec Exterior Emulsion,2-41-4,173,148,196
New Ultra Protec Exterior Emulsion,2-41-5,139,113,166
New Ultra Protec Exterior Emulsion,2-41-6,122,93,148
New Ultra Protec Exterior Emulsion,2-41-7,109,77,131
New Ultra Protec Exterior Emulsion,3-41-1,218,219,228
New Ultra Protec Exterior Emulsion,3-41-2,204,200,215
New Ultra Protec Exterior Emulsion,3-41-3,189,184,208
New Ultra Protec Exterior Emulsion,3-41-4,169,164,195
New Ultra Protec Exterior Emulsion,3-41-5,137,126,167
New Ultra Protec Exterior Emulsion,3-41-6,99,83,127
New Ultra Protec Exterior Emulsion,4-41-2,205,201,211
New Ultra Protec Exterior Emulsion,4-41-3,178,172,191
New Ultra Protec Exterior Emulsion,4-41-4,149,146,170
New Ultra Protec Exterior Emulsion,4-41-5,119,117,147
New Ultra Protec Exterior Emulsion,4-41-6,99,88,119
New Ultra Protec Exterior Emulsion,5-41-1,218,217,216
New Ultra Protec Exterior Emulsion,5-41-2,204,203,209
New Ultra Protec Exterior Emulsion,5-41-3,165,161,175
New Ultra Protec Exterior Emulsion,5-41-4,139,134,151
New Ultra Protec Exterior Emulsion,5-41-5,111,100,120
New Ultra Protec Exterior Emulsion,5-41-7,79,70,83
New Ultra Protec Exterior Emulsion,1-42-1,229,220,227
New Ultra Protec Exterior Emulsion,1-42-2,220,210,227
New Ultra Protec Exterior Emulsion,1-42-3,213,187,223
New Ultra Protec Exterior Emulsion,1-42-4,188,157,206
New Ultra Protec Exterior Emulsion,1-42-5,165,128,186
New Ultra Protec Exterior Emulsion,1-42-6,154,111,170
New Ultra Protec Exterior Emulsion,1-42-7,136,91,149
New Ultra Protec Exterior Emulsion,5-42-1,216,214,217
New Ultra Protec Exterior Emulsion,5-42-2,204,198,205
New Ultra Protec Exterior Emulsion,5-42-3,174,166,179
New Ultra Protec Exterior Emulsion,5-42-4,145,133,145
New Ultra Protec Exterior Emulsion,5-42-5,114,102,123
New Ultra Protec Exterior Emulsion,5-42-7,90,84,92
New Ultra Protec Exterior Emulsion,1-43-2,223,212,229
New Ultra Protec Exterior Emulsion,1-43-3,212,184,216
New Ultra Protec Exterior Emulsion,1-43-4,198,159,206
New Ultra Protec Exterior Emulsion,1-43-5,180,129,186
New Ultra Protec Exterior Emulsion,1-43-6,172,112,174
New Ultra Protec Exterior Emulsion,1-43-7,158,96,158
New Ultra Protec Exterior Emulsion,2-43-1,235,217,228
New Ultra Protec Exterior Emulsion,2-43-2,224,200,218
New Ultra Protec Exterior Emulsion,2-43-3,215,179,209
New Ultra Protec Exterior Emulsion,2-43-4,197,156,194
New Ultra Protec Exterior Emulsion,2-43-5,191,132,177
New Ultra Protec Exterior Emulsion,2-43-6,159,90,142
New Ultra Protec Exterior Emulsion,2-43-7,139,67,118
New Ultra Protec Exterior Emulsion,3-43-2,215,203,215
New Ultra Protec Exterior Emulsion,3-43-3,201,183,205
New Ultra Protec Exterior Emulsion,3-43-4,176,147,179
New Ultra Protec Exterior Emulsion,3-43-5,144,109,149
New Ultra Protec Exterior Emulsion,3-43-6,130,84,126
New Ultra Protec Exterior Emulsion,4-43-2,206,201,214
New Ultra Protec Exterior Emulsion,4-43-3,187,179,197
New Ultra Protec Exterior Emulsion,4-43-5,135,120,148
New Ultra Protec Exterior Emulsion,4-43-6,110,91,122
New Ultra Protec Exterior Emulsion,5-43-2,212,205,211
New Ultra Protec Exterior Emulsion,5-43-3,181,172,184
New Ultra Protec Exterior Emulsion,5-43-4,148,134,148
New Ultra Protec Exterior Emulsion,5-43-5,122,103,120
New Ultra Protec Exterior Emulsion,5-43-7,94,85,92
New Ultra Protec Exterior Emulsion,2-44-1,241,223,232
New Ultra Protec Exterior Emulsion,2-44-2,231,211,222
New Ultra Protec Exterior Emulsion,2-44-3,224,187,213
New Ultra Protec Exterior Emulsion,2-44-4,203,154,189
New Ultra Protec Exterior Emulsion,2-44-6,162,88,135
New Ultra Protec Exterior Emulsion,3-44-2,226,214,222
New Ultra Protec Exterior Emulsion,3-44-3,206,180,203
New Ultra Protec Exterior Emulsion,3-44-4,182,148,178
New Ultra Protec Exterior Emulsion,3-44-6,131,85,123
New Ultra Protec Exterior Emulsion,1-45-2,238,221,230
New Ultra Protec Exterior Emulsion,1-45-3,231,197,221
New Ultra Protec Exterior Emulsion,1-45-4,231,172,210
New Ultra Protec Exterior Emulsion,1-45-5,223,141,190
New Ultra Protec Exterior Emulsion,1-45-6,203,106,165
New Ultra Protec Exterior Emulsion,1-45-7,191,79,139
New Ultra Protec Exterior Emulsion,3-45-1,238,228,229
New Ultra Protec Exterior Emulsion,3-45-2,217,194,204
New Ultra Protec Exterior Emulsion,3-45-4,184,146,172
New Ultra Protec Exterior Emulsion,3-45-5,161,108,141
New Ultra Protec Exterior Emulsion,3-45-6,135,82,118
New Ultra Protec Exterior Emulsion,5-45-1,230,224,226
New Ultra Protec Exterior Emulsion,5-45-2,214,206,208
New Ultra Protec Exterior Emulsion,5-45-3,189,173,186
New Ultra Protec Exterior Emulsion,5-45-4,160,141,153
New Ultra Protec Exterior Emulsion,5-45-5,126,113,126
New Ultra Protec Exterior Emulsion,5-45-6,96,79,94
New Ultra Protec Exterior Emulsion,5-45-7,96,84,89
New Ultra Protec Exterior Emulsion,2-46-1,242,225,228
New Ultra Protec Exterior Emulsion,2-46-2,235,212,220
New Ultra Protec Exterior Emulsion,2-46-3,225,176,197
New Ultra Protec Exterior Emulsion,2-46-4,210,151,176
New Ultra Protec Exterior Emulsion,2-46-5,185,111,146
New Ultra Protec Exterior Emulsion,5-46-1,229,225,228
New Ultra Protec Exterior Emulsion,5-46-2,216,204,208
New Ultra Protec Exterior Emulsion,5-46-3,189,174,181
New Ultra Protec Exterior Emulsion,5-46-4,161,141,152
New Ultra Protec Exterior Emulsion,5-46-5,134,115,128
New Ultra Protec Exterior Emulsion,5-46-6,96,78,91
New Ultra Protec Exterior Emulsion,5-46-7,97,83,88
New Ultra Protec Exterior Emulsion,1-47-1,236,226,227
New Ultra Protec Exterior Emulsion,1-47-2,245,230,231
New Ultra Protec Exterior Emulsion,1-47-3,242,199,216
New Ultra Protec Exterior Emulsion,1-47-4,236,168,199
New Ultra Protec Exterior Emulsion,1-47-5,217,122,163
New Ultra Protec Exterior Emulsion,1-47-6,201,101,146
New Ultra Protec Exterior Emulsion,1-47-7,180,73,119
New Ultra Protec Exterior Emulsion,3-47-1,232,220,224
New Ultra Protec Exterior Emulsion,3-47-2,233,209,216
New Ultra Protec Exterior Emulsion,3-47-3,224,188,201
New Ultra Protec Exterior Emulsion,3-47-4,196,154,172
New Ultra Protec Exterior Emulsion,3-47-5,169,102,128
New Ultra Protec Exterior Emulsion,3-47-6,151,82,112
New Ultra Protec Exterior Emulsion,4-47-2,219,205,209
New Ultra Protec Exterior Emulsion,4-47-3,206,174,186
New Ultra Protec Exterior Emulsion,4-47-4,184,145,158
New Ultra Protec Exterior Emulsion,4-47-5,162,121,137
New Ultra Protec Exterior Emulsion,4-47-6,130,84,103
New Ultra Protec Exterior Emulsion,1-48-1,242,233,232
New Ultra Protec Exterior Emulsion,1-48-2,238,225,225
New Ultra Protec Exterior Emulsion,1-48-3,240,181,197
New Ultra Protec Exterior Emulsion,1-48-4,233,161,184
New Ultra Protec Exterior Emulsion,1-48-5,221,124,157
New Ultra Protec Exterior Emulsion,3-48-1,242,224,227
New Ultra Protec Exterior Emulsion,3-48-2,232,207,214
New Ultra Protec Exterior Emulsion,3-48-4,201,143,160
New Ultra Protec Exterior Emulsion,3-48-5,172,101,121
New Ultra Protec Exterior Emulsion,3-48-6,145,77,101
New Ultra Protec Exterior Emulsion,4-48-2,218,197,200
New Ultra Protec Exterior Emulsion,4-48-3,205,178,182
New Ultra Protec Exterior Emulsion,4-48-4,188,152,157
New Ultra Protec Exterior Emulsion,4-48-5,165,123,131
New Ultra Protec Exterior Emulsion,4-48-6,139,90,98
New Ultra Protec Exterior Emulsion,5-48-1,230,223,226
New Ultra Protec Exterior Emulsion,5-48-2,217,207,209
New Ultra Protec Exterior Emulsion,5-48-3,194,177,182
New Ultra Protec Exterior Emulsion,5-48-4,167,143,149
New Ultra Protec Exterior Emulsion,5-48-5,138,113,120
New Ultra Protec Exterior Emulsion,5-48-6,107,79,86
New Ultra Protec Exterior Emulsion,5-48-7,100,84,85
New Ultra Protec Exterior Emulsion,4-49-1,233,226,225
New Ultra Protec Exterior Emulsion,4-49-2,223,205,210
New Ultra Protec Exterior Emulsion,4-49-3,204,178,184
New Ultra Protec Exterior Emulsion,4-49-4,188,149,162
New Ultra Protec Exterior Emulsion,4-49-5,162,124,136
New Ultra Protec Exterior Emulsion,4-49-6,129,89,102
New Ultra Protec Exterior Emulsion,1-50-2,247,213,216
New Ultra Protec Exterior Emulsion,1-50-3,248,187,191
New Ultra Protec Exterior Emulsion,1-50-4,238,155,161
New Ultra Protec Exterior Emulsion,3-50-2,230,204,205
New Ultra Protec Exterior Emulsion,3-50-3,226,188,191
New Ultra Protec Exterior Emulsion,3-50-4,203,152,155
New Ultra Protec Exterior Emulsion,3-50-5,176,107,114
New Ultra Protec Exterior Emulsion,3-50-6,161,79,89
New Ultra Protec Exterior Emulsion,4-50-1,233,220,224
New Ultra Protec Exterior Emulsion,4-50-2,220,201,202
New Ultra Protec Exterior Emulsion,4-50-3,204,177,178
New Ultra Protec Exterior Emulsion,4-50-4,187,151,154
New Ultra Protec Exterior Emulsion,4-50-5,165,122,125
New Ultra Protec Exterior Emulsion,4-50-6,143,92,95
New Ultra Protec Exterior Emulsion,5-50-1,240,230,228
New Ultra Protec Exterior Emulsion,5-50-2,222,208,207
New Ultra Protec Exterior Emulsion,5-50-3,194,175,174
New Ultra Protec Exterior Emulsion,5-50-4,167,143,146
New Ultra Protec Exterior Emulsion,1-1-6,228,99,99
New Ultra Protec Exterior Emulsion,4-6-7,133,79,58
New Ultra Protec Exterior Emulsion,3-17-6,158,169,88
New Ultra Protec Exterior Emulsion,5-50-7,100,83,85
New Ultra Protec Exterior Emulsion,3-4-6,172,98,81
New Ultra Protec Exterior Emulsion,4-2-7,127,71,73
New Ultra Protec Exterior Emulsion,5-2-5,164,125,116
New Ultra Protec Exterior Emulsion,5-39-7,76,71,82
New Ultra Protec Exterior Emulsion,3-4-5,204,140,120
New Ultra Protec Exterior Emulsion,5-50-6,110,76,78
New Ultra Protec Exterior Emulsion,2-25-7,0,127,89
New Ultra Protec Exterior Emulsion,5-29-7,69,75,73
New Ultra Protec Exterior Emulsion,4-6-5,176,132,113
New Ultra Protec Exterior Emulsion,3-11-6,187,152,71
New Ultra Protec Exterior Emulsion,4-10-5,177,153,115
New Ultra Protec Exterior Emulsion,4-26-5,104,149,126
New Ultra Protec Exterior Emulsion,1-1-5,247,131,123
New Ultra Protec Exterior Emulsion,2-2-5,229,131,127
New Ultra Protec Exterior Emulsion,1-3-1,244,231,224
New Ultra Protec Exterior Emulsion,5-3-1,241,230,220
New Ultra Protec Exterior Emulsion,2-4-1,247,234,221
New Ultra Protec Exterior Emulsion,1-5-1,241,233,225
New Ultra Protec Exterior Emulsion,1-5-5,251,168,129
New Ultra Protec Exterior Emulsion,3-6-1,247,229,213
New Ultra Protec Exterior Emulsion,3-6-4,217,165,139
New Ultra Protec Exterior Emulsion,1-7-1,246,234,217
New Ultra Protec Exterior Emulsion,1-7-3,253,206,172
New Ultra Protec Exterior Emulsion,1-7-4,254,192,149
New Ultra Protec Exterior Emulsion,1-8-3,251,216,169
New Ultra Protec Exterior Emulsion,2-8-6,218,140,75
New Ultra Protec Exterior Emulsion,2-8-7,205,124,55
New Ultra Protec Exterior Emulsion,2-9-1,241,234,215
New Ultra Protec Exterior Emulsion,5-9-6,112,87,63
New Ultra Protec Exterior Emulsion,4-10-6,164,134,88
New Ultra Protec Exterior Emulsion,1-11-3,251,224,145
New Ultra Protec Exterior Emulsion,4-11-1,234,226,208
New Ultra Protec Exterior Emulsion,1-12-2,249,235,179
New Ultra Protec Exterior Emulsion,3-13-1,240,236,212
New Ultra Protec Exterior Emulsion,5-13-1,237,232,217
New Ultra Protec Exterior Emulsion,4-14-1,241,236,215
New Ultra Protec Exterior Emulsion,5-14-1,237,230,214
New Ultra Protec Exterior Emulsion,1-15-1,235,234,214
New Ultra Protec Exterior Emulsion,3-15-2,221,221,169
New Ultra Protec Exterior Emulsion,3-15-3,217,210,143
New Ultra Protec Exterior Emulsion,3-15-4,206,198,126
New Ultra Protec Exterior Emulsion,3-16-1,240,240,220
New Ultra Protec Exterior Emulsion,5-16-1,239,234,215
New Ultra Protec Exterior Emulsion,5-16-7,93,89,71
New Ultra Protec Exterior Emulsion,1-17-1,238,240,226
New Ultra Protec Exterior Emulsion,1-17-5,192,217,116
New Ultra Protec Exterior Emulsion,5-17-6,108,109,77
New Ultra Protec Exterior Emulsion,2-18-1,228,236,212
New Ultra Protec Exterior Emulsion,3-18-1,231,235,218
New Ultra Protec Exterior Emulsion,1-19-6,135,193,75
New Ultra Protec Exterior Emulsion,4-19-1,229,237,215
New Ultra Protec Exterior Emulsion,5-19-1,230,236,221
New Ultra Protec Exterior Emulsion,1-21-6,112,186,79
New Ultra Protec Exterior Emulsion,3-22-1,232,238,222
New Ultra Protec Exterior Emulsion,5-22-1,226,234,221
New Ultra Protec Exterior Emulsion,4-23-1,223,235,219
New Ultra Protec Exterior Emulsion,5-23-1,226,233,222
New Ultra Protec Exterior Emulsion,5-23-2,198,209,198
New Ultra Protec Exterior Emulsion,5-23-3,172,187,170
New Ultra Protec Exterior Emulsion,5-23-4,136,157,136
New Ultra Protec Exterior Emulsion,5-23-5,105,126,102
New Ultra Protec Exterior Emulsion,5-23-7,68,79,68
New Ultra Protec Exterior Emulsion,1-24-1,223,232,220
New Ultra Protec Exterior Emulsion,2-24-1,221,234,215
New Ultra Protec Exterior Emulsion,2-24-5,91,169,120
New Ultra Protec Exterior Emulsion,4-24-6,94,133,94
New Ultra Protec Exterior Emulsion,3-26-1,225,236,226
New Ultra Protec Exterior Emulsion,4-26-1,230,237,228
New Ultra Protec Exterior Emulsion,5-26-1,228,236,228
New Ultra Protec Exterior Emulsion,4-27-1,217,232,221
New Ultra Protec Exterior Emulsion,1-30-1,224,238,234
New Ultra Protec Exterior Emulsion,3-30-1,220,236,232
New Ultra Protec Exterior Emulsion,4-30-1,225,236,233
New Ultra Protec Exterior Emulsion,5-31-1,226,234,233
New Ultra Protec Exterior Emulsion,1-32-1,218,235,234
New Ultra Protec Exterior Emulsion,3-35-1,225,232,232
New Ultra Protec Exterior Emulsion,5-37-1,235,234,229
New Ultra Protec Exterior Emulsion,5-38-1,220,226,230
New Ultra Protec Exterior Emulsion,2-39-1,232,231,232
New Ultra Protec Exterior Emulsion,4-39-1,219,219,226
New Ultra Protec Exterior Emulsion,1-40-4,170,158,209
New Ultra Protec Exterior Emulsion,4-40-1,226,228,232
New Ultra Protec Exterior Emulsion,5-40-1,230,227,223
New Ultra Protec Exterior Emulsion,4-41-1,228,226,229
New Ultra Protec Exterior Emulsion,1-43-1,234,227,230
New Ultra Protec Exterior Emulsion,3-43-1,234,230,233
New Ultra Protec Exterior Emulsion,4-43-1,219,214,221
New Ultra Protec Exterior Emulsion,4-43-4,158,146,170
New Ultra Protec Exterior Emulsion,5-43-1,223,213,215
New Ultra Protec Exterior Emulsion,3-44-1,233,225,227
New Ultra Protec Exterior Emulsion,1-45-1,245,239,237
New Ultra Protec Exterior Emulsion,3-45-3,221,189,206
New Ultra Protec Exterior Emulsion,4-47-1,236,226,229
New Ultra Protec Exterior Emulsion,1-48-6,212,102,138
New Ultra Protec Exterior Emulsion,3-48-3,221,180,193
New Ultra Protec Exterior Emulsion,1-50-1,242,231,233
New Ultra Protec Exterior Emulsion,1-50-5,237,128,143
New Ultra Protec Exterior Emulsion,3-50-1,240,228,228
New Ultra Protec Exterior Emulsion,5-50-5,140,105,108
,,,,
,,,,
,,,,
,,,,
,,,,
,,,,
,,,,
,,,,
,,,,
,,,,
,,,,
,,,,
,,,,
,,,,
,,,,
,,,,
,,,,
,,,,
,,,,
,,,,
,,,,
,,,,
,,,,
,,,,
,,,,
,,,,
,,,,
,,,,
,,,,
,,,,
,,,,
,,,,
,,,,
,,,,
,,,,
,,,,
,,,,
,,,,
,,,,
,,,,
,,,,
,,,,
,,,,
,,,,
,,,,
,,,,
,,,,
,,,,
,,,,
,,,,
,,,,
,,,,
,,,,
,,,,
,,,,
,,,,
,,,,
,,,,
,,,,
,,,,
Protec Exterior Emulsion,1-1-1,248,226,222
Protec Exterior Emulsion,1-1-3,250,183,175
Protec Exterior Emulsion,1-1-4,249,153,148
Protec Exterior Emulsion,1-1-5,247,131,123
Protec Exterior Emulsion,1-1-6,228,99,99
Protec Exterior Emulsion,1-1-7,208,75,78
Protec Exterior Emulsion,3-1-1,241,228,225
Protec Exterior Emulsion,3-1-2,244,226,223
Protec Exterior Emulsion,3-1-3,234,205,203
Protec Exterior Emulsion,3-1-4,214,161,160
Protec Exterior Emulsion,3-1-5,196,125,124
Protec Exterior Emulsion,5-1-1,233,213,209
Protec Exterior Emulsion,5-1-2,220,206,204
Protec Exterior Emulsion,5-1-3,193,173,172
Protec Exterior Emulsion,5-1-4,167,139,135
Protec Exterior Emulsion,5-1-5,136,106,104
Protec Exterior Emulsion,5-1-7,103,63,64
Protec Exterior Emulsion,2-2-1,250,237,231
Protec Exterior Emulsion,2-2-2,234,207,198
Protec Exterior Emulsion,2-2-3,237,203,189
Protec Exterior Emulsion,2-2-4,239,180,175
Protec Exterior Emulsion,2-2-5,229,131,127
Protec Exterior Emulsion,2-2-6,223,109,108
Protec Exterior Emulsion,2-2-7,190,88,87
Protec Exterior Emulsion,4-2-1,239,222,214
Protec Exterior Emulsion,4-2-2,224,197,192
Protec Exterior Emulsion,4-2-3,213,174,169
Protec Exterior Emulsion,4-2-4,206,156,152
Protec Exterior Emulsion,4-2-5,190,124,117
Protec Exterior Emulsion,4-2-7,127,71,73
Protec Exterior Emulsion,5-2-1,232,218,211
Protec Exterior Emulsion,5-2-2,218,205,201
Protec Exterior Emulsion,5-2-3,204,169,161
Protec Exterior Emulsion,5-2-4,185,147,139
Protec Exterior Emulsion,5-2-5,164,125,116
Protec Exterior Emulsion,5-2-6,147,109,100
Protec Exterior Emulsion,4-2-6,174,103,105
Protec Exterior Emulsion,5-2-7,109,76,65
Protec Exterior Emulsion,1-3-1,244,231,224
Protec Exterior Emulsion,1-3-2,246,207,202
Protec Exterior Emulsion,1-3-3,252,183,166
Protec Exterior Emulsion,1-3-5,244,142,114
Protec Exterior Emulsion,5-3-1,241,230,220
Protec Exterior Emulsion,5-3-2,221,206,201
Protec Exterior Emulsion,5-3-3,197,174,166
Protec Exterior Emulsion,5-3-4,173,143,135
Protec Exterior Emulsion,5-3-5,142,110,100
Protec Exterior Emulsion,5-3-6,110,76,67
Protec Exterior Emulsion,5-3-7,100,85,81
Protec Exterior Emulsion,2-4-1,247,234,221
Protec Exterior Emulsion,2-4-2,246,221,207
Protec Exterior Emulsion,2-4-3,238,201,187
Protec Exterior Emulsion,2-4-4,242,174,152
Protec Exterior Emulsion,2-4-5,225,139,114
Protec Exterior Emulsion,2-4-6,195,92,80
Protec Exterior Emulsion,3-4-1,243,228,215
Protec Exterior Emulsion,3-4-2,235,209,197
Protec Exterior Emulsion,3-4-3,233,191,177
Protec Exterior Emulsion,3-4-4,220,171,157
Protec Exterior Emulsion,3-4-5,204,140,120
Protec Exterior Emulsion,3-4-6,172,98,81
Protec Exterior Emulsion,3-4-7,154,80,58
Protec Exterior Emulsion,4-4-1,239,225,219
Protec Exterior Emulsion,4-4-2,229,206,198
Protec Exterior Emulsion,4-4-3,211,179,172
Protec Exterior Emulsion,4-4-4,191,151,141
Protec Exterior Emulsion,4-4-5,177,128,114
Protec Exterior Emulsion,4-4-6,155,102,88
Protec Exterior Emulsion,4-4-7,124,72,60
Protec Exterior Emulsion,5-4-1,235,224,215
Protec Exterior Emulsion,5-4-2,229,213,204
Protec Exterior Emulsion,5-4-3,188,161,149
Protec Exterior Emulsion,5-4-4,167,128,111
Protec Exterior Emulsion,5-4-5,141,103,88
Protec Exterior Emulsion,5-4-6,105,79,74
Protec Exterior Emulsion,5-4-7,100,84,77
Protec Exterior Emulsion,1-5-1,241,233,225
Protec Exterior Emulsion,1-5-2,248,215,197
Protec Exterior Emulsion,1-5-3,250,203,182
Protec Exterior Emulsion,5-5-1,244,226,216
Protec Exterior Emulsion,5-5-2,216,201,194
Protec Exterior Emulsion,5-5-3,193,170,161
Protec Exterior Emulsion,5-5-4,149,128,116
Protec Exterior Emulsion,5-5-5,116,89,75
Protec Exterior Emulsion,5-5-6,98,74,62
Protec Exterior Emulsion,5-5-7,86,70,64
Protec Exterior Emulsion,2-6-1,244,236,220
Protec Exterior Emulsion,2-6-2,243,224,206
Protec Exterior Emulsion,2-6-3,243,199,170
Protec Exterior Emulsion,2-6-5,230,155,116
Protec Exterior Emulsion,2-6-6,227,136,95
Protec Exterior Emulsion,3-6-1,247,229,213
Protec Exterior Emulsion,3-6-2,232,207,190
Protec Exterior Emulsion,3-6-3,225,178,156
Protec Exterior Emulsion,3-6-5,207,144,118
Protec Exterior Emulsion,3-6-6,188,117,78
Protec Exterior Emulsion,3-6-7,171,103,57
Protec Exterior Emulsion,4-6-1,242,226,212
Protec Exterior Emulsion,4-6-2,228,209,197
Protec Exterior Emulsion,4-6-3,211,183,169
Protec Exterior Emulsion,4-6-4,196,161,140
Protec Exterior Emulsion,4-6-5,176,132,113
Protec Exterior Emulsion,4-6-6,157,106,87
Protec Exterior Emulsion,4-6-7,133,79,58
Protec Exterior Emulsion,5-6-1,239,230,220
Protec Exterior Emulsion,5-6-2,223,212,198
Protec Exterior Emulsion,5-6-3,193,174,161
Protec Exterior Emulsion,5-6-4,166,143,128
Protec Exterior Emulsion,5-6-5,139,111,94
Protec Exterior Emulsion,5-6-6,107,76,61
Protec Exterior Emulsion,5-6-7,100,85,76
Protec Exterior Emulsion,1-7-1,246,234,217
Protec Exterior Emulsion,1-7-2,243,219,195
Protec Exterior Emulsion,4-7-1,243,229,213
Protec Exterior Emulsion,4-7-2,226,206,192
Protec Exterior Emulsion,4-7-3,214,187,169
Protec Exterior Emulsion,4-7-5,183,140,112
Protec Exterior Emulsion,4-7-6,159,109,86
Protec Exterior Emulsion,4-7-7,138,87,61
Protec Exterior Emulsion,1-8-1,245,231,212
Protec Exterior Emulsion,1-8-4,252,201,145
Protec Exterior Emulsion,2-8-1,246,235,212
Protec Exterior Emulsion,2-8-2,241,206,165
Protec Exterior Emulsion,2-8-3,234,192,139
Protec Exterior Emulsion,2-8-4,233,175,113
Protec Exterior Emulsion,2-8-5,225,158,92
Protec Exterior Emulsion,2-8-6,218,140,75
Protec Exterior Emulsion,2-8-7,205,124,55
Protec Exterior Emulsion,3-8-1,245,239,223
Protec Exterior Emulsion,3-8-2,232,216,194
Protec Exterior Emulsion,3-8-3,221,191,155
Protec Exterior Emulsion,3-8-4,200,161,115
Protec Exterior Emulsion,3-8-5,195,142,93
Protec Exterior Emulsion,3-8-6,184,129,75
Protec Exterior Emulsion,2-9-1,241,234,215
Protec Exterior Emulsion,2-9-2,237,212,164
Protec Exterior Emulsion,2-9-3,236,196,129
Protec Exterior Emulsion,2-9-4,228,183,115
Protec Exterior Emulsion,2-9-5,222,171,98
Protec Exterior Emulsion,2-9-6,223,162,78
Protec Exterior Emulsion,2-9-7,205,136,53
Protec Exterior Emulsion,3-9-1,239,233,220
Protec Exterior Emulsion,3-9-2,237,222,197
Protec Exterior Emulsion,3-9-3,217,193,153
Protec Exterior Emulsion,3-9-4,208,173,115
Protec Exterior Emulsion,3-9-5,200,157,96
Protec Exterior Emulsion,3-9-6,190,144,79
Protec Exterior Emulsion,3-9-7,191,138,80
Protec Exterior Emulsion,4-9-1,234,222,205
Protec Exterior Emulsion,4-9-2,225,215,197
Protec Exterior Emulsion,4-9-3,209,193,166
Protec Exterior Emulsion,4-9-4,198,173,141
Protec Exterior Emulsion,4-9-5,182,151,114
Protec Exterior Emulsion,4-9-6,160,121,81
Protec Exterior Emulsion,4-9-7,138,102,62
Protec Exterior Emulsion,5-9-1,234,220,205
Protec Exterior Emulsion,5-9-2,217,208,199
Protec Exterior Emulsion,5-9-3,190,176,160
Protec Exterior Emulsion,5-9-4,169,150,129
Protec Exterior Emulsion,5-9-5,142,117,95
Protec Exterior Emulsion,5-9-6,112,87,63
Protec Exterior Emulsion,5-9-7,95,82,69
Protec Exterior Emulsion,1-10-1,240,233,207
Protec Exterior Emulsion,1-10-2,247,229,174
Protec Exterior Emulsion,4-10-1,240,234,216
Protec Exterior Emulsion,4-10-2,226,216,194
Protec Exterior Emulsion,4-10-3,215,196,169
Protec Exterior Emulsion,4-10-4,198,175,140
Protec Exterior Emulsion,4-10-5,177,153,115
Protec Exterior Emulsion,4-10-6,164,134,88
Protec Exterior Emulsion,4-10-7,145,105,57
Protec Exterior Emulsion,5-10-1,237,229,216
Protec Exterior Emulsion,5-10-2,219,209,195
Protec Exterior Emulsion,5-10-3,200,186,166
Protec Exterior Emulsion,5-10-4,166,151,133
Protec Exterior Emulsion,5-10-5,151,126,99
Protec Exterior Emulsion,5-10-6,121,100,73
Protec Exterior Emulsion,5-10-7,101,88,74
Protec Exterior Emulsion,1-11-1,240,234,207
Protec Exterior Emulsion,3-11-1,238,230,212
Protec Exterior Emulsion,3-11-3,231,216,175
Protec Exterior Emulsion,3-11-4,223,203,151
Protec Exterior Emulsion,3-11-5,209,181,115
Protec Exterior Emulsion,3-11-6,187,152,71
Protec Exterior Emulsion,3-11-7,175,132,57
Protec Exterior Emulsion,4-11-1,234,226,208
Protec Exterior Emulsion,4-11-3,215,199,161
Protec Exterior Emulsion,4-11-4,201,182,141
Protec Exterior Emulsion,4-11-6,171,145,89
Protec Exterior Emulsion,4-11-7,144,111,62
Protec Exterior Emulsion,5-11-1,236,229,218
Protec Exterior Emulsion,5-11-2,224,216,202
Protec Exterior Emulsion,5-11-3,201,187,168
Protec Exterior Emulsion,5-11-4,174,158,134
Protec Exterior Emulsion,5-11-5,148,130,104
Protec Exterior Emulsion,5-11-6,123,102,76
Protec Exterior Emulsion,5-11-7,102,89,76
Protec Exterior Emulsion,1-12-1,240,237,208
Protec Exterior Emulsion,1-12-5,245,215,109
Protec Exterior Emulsion,3-12-1,237,232,209
Protec Exterior Emulsion,3-12-2,231,222,189
Protec Exterior Emulsion,3-12-3,228,212,158
Protec Exterior Emulsion,3-12-4,222,201,132
Protec Exterior Emulsion,3-12-6,198,163,82
Protec Exterior Emulsion,3-12-7,169,132,60
Protec Exterior Emulsion,5-12-1,238,234,221
Protec Exterior Emulsion,5-12-2,209,204,191
Protec Exterior Emulsion,5-12-4,176,170,157
Protec Exterior Emulsion,5-12-5,149,142,127
Protec Exterior Emulsion,5-12-6,115,107,91
Protec Exterior Emulsion,5-12-7,103,93,77
Protec Exterior Emulsion,3-13-1,240,236,212
Protec Exterior Emulsion,3-13-2,234,223,185
Protec Exterior Emulsion,3-13-3,230,222,174
Protec Exterior Emulsion,3-13-4,229,213,152
Protec Exterior Emulsion,3-13-6,199,172,83
Protec Exterior Emulsion,3-13-7,175,145,54
Protec Exterior Emulsion,4-13-1,246,239,203
Protec Exterior Emulsion,4-13-2,223,216,182
Protec Exterior Emulsion,4-13-3,217,207,165
Protec Exterior Emulsion,4-13-4,203,190,141
Protec Exterior Emulsion,4-13-5,188,173,118
Protec Exterior Emulsion,4-13-6,172,152,93
Protec Exterior Emulsion,4-13-7,140,116,59
Protec Exterior Emulsion,5-13-1,237,232,217
Protec Exterior Emulsion,5-13-2,216,212,197
Protec Exterior Emulsion,5-13-3,199,187,164
Protec Exterior Emulsion,5-13-4,176,163,137
Protec Exterior Emulsion,5-13-5,157,140,110
Protec Exterior Emulsion,5-13-7,103,90,72
Protec Exterior Emulsion,3-14-1,238,237,211
Protec Exterior Emulsion,3-14-2,225,224,187
Protec Exterior Emulsion,3-14-3,227,220,167
Protec Exterior Emulsion,3-14-4,226,216,158
Protec Exterior Emulsion,3-14-6,189,172,89
Protec Exterior Emulsion,3-14-7,158,134,59
Protec Exterior Emulsion,5-14-1,237,230,214
Protec Exterior Emulsion,5-14-2,219,212,192
Protec Exterior Emulsion,5-14-3,205,197,174
Protec Exterior Emulsion,5-14-4,180,169,138
Protec Exterior Emulsion,5-14-5,157,142,109
Protec Exterior Emulsion,5-14-6,134,117,83
Protec Exterior Emulsion,5-14-7,103,92,74
Protec Exterior Emulsion,5-15-1,230,227,218
Protec Exterior Emulsion,1-15-2,236,238,190
Protec Exterior Emulsion,1-15-3,245,240,176
Protec Exterior Emulsion,1-15-4,240,233,157
Protec Exterior Emulsion,1-15-6,242,218,81
Protec Exterior Emulsion,1-15-7,229,204,75
Protec Exterior Emulsion,2-15-1,245,241,216
Protec Exterior Emulsion,2-15-2,237,236,200
Protec Exterior Emulsion,2-15-3,241,232,176
Protec Exterior Emulsion,2-15-4,234,228,159
Protec Exterior Emulsion,2-15-6,208,192,85
Protec Exterior Emulsion,3-15-1,234,234,212
Protec Exterior Emulsion,3-15-2,221,221,169
Protec Exterior Emulsion,3-15-3,217,210,143
Protec Exterior Emulsion,3-15-4,206,198,126
Protec Exterior Emulsion,3-15-5,204,189,106
Protec Exterior Emulsion,3-15-6,181,168,89
Protec Exterior Emulsion,3-15-7,152,136,57
Protec Exterior Emulsion,4-15-1,238,235,216
Protec Exterior Emulsion,4-15-2,222,222,188
Protec Exterior Emulsion,4-15-4,201,195,143
Protec Exterior Emulsion,4-15-5,179,175,119
Protec Exterior Emulsion,4-15-6,166,157,97
Protec Exterior Emulsion,4-15-7,133,119,62
Protec Exterior Emulsion,5-15-3,186,182,171
Protec Exterior Emulsion,5-15-4,162,161,154
Protec Exterior Emulsion,5-15-5,139,137,128
Protec Exterior Emulsion,5-15-6,110,107,97
Protec Exterior Emulsion,1-16-1,237,240,213
Protec Exterior Emulsion,1-16-2,230,239,205
Protec Exterior Emulsion,1-16-3,230,237,184
Protec Exterior Emulsion,1-16-4,231,235,155
Protec Exterior Emulsion,3-16-1,240,240,220
Protec Exterior Emulsion,3-16-3,221,224,178
Protec Exterior Emulsion,3-16-4,208,209,144
Protec Exterior Emulsion,3-16-5,199,196,125
Protec Exterior Emulsion,3-16-6,173,166,88
Protec Exterior Emulsion,5-16-1,239,234,215
Protec Exterior Emulsion,5-16-2,220,219,196
Protec Exterior Emulsion,5-16-3,196,194,164
Protec Exterior Emulsion,5-16-4,179,174,139
Protec Exterior Emulsion,5-16-5,156,148,113
Protec Exterior Emulsion,5-16-6,123,115,83
Protec Exterior Emulsion,5-16-7,93,89,71
Protec Exterior Emulsion,1-17-1,238,240,226
Protec Exterior Emulsion,1-17-2,236,240,209
Protec Exterior Emulsion,1-17-3,223,237,190
Protec Exterior Emulsion,1-17-4,209,230,157
Protec Exterior Emulsion,3-17-1,231,236,194
Protec Exterior Emulsion,3-17-2,220,228,195
Protec Exterior Emulsion,3-17-3,212,223,180
Protec Exterior Emulsion,3-17-4,191,204,143
Protec Exterior Emulsion,3-17-5,186,194,124
Protec Exterior Emulsion,3-17-6,158,169,88
Protec Exterior Emulsion,4-17-1,230,235,210
Protec Exterior Emulsion,4-17-2,211,219,192
Protec Exterior Emulsion,4-17-3,200,207,169
Protec Exterior Emulsion,4-17-5,166,175,122
Protec Exterior Emulsion,4-17-6,144,153,96
Protec Exterior Emulsion,5-17-2,217,219,197
Protec Exterior Emulsion,5-17-3,191,195,166
Protec Exterior Emulsion,5-17-4,165,169,137
Protec Exterior Emulsion,5-17-5,142,144,112
Protec Exterior Emulsion,5-17-6,108,109,77
Protec Exterior Emulsion,5-17-7,92,96,81
Protec Exterior Emulsion,2-18-1,228,236,212
Protec Exterior Emulsion,2-18-2,223,237,203
Protec Exterior Emulsion,2-18-3,214,229,193
Protec Exterior Emulsion,2-18-4,189,220,164
Protec Exterior Emulsion,2-18-5,165,201,112
Protec Exterior Emulsion,2-18-6,138,174,74
Protec Exterior Emulsion,3-18-1,231,235,218
Protec Exterior Emulsion,3-18-2,217,228,196
Protec Exterior Emulsion,3-18-3,205,216,177
Protec Exterior Emulsion,3-18-4,182,200,145
Protec Exterior Emulsion,3-18-6,137,162,83
Protec Exterior Emulsion,5-18-1,230,236,221
Protec Exterior Emulsion,5-18-2,204,210,195
Protec Exterior Emulsion,5-18-3,180,191,170
Protec Exterior Emulsion,5-18-4,150,162,132
Protec Exterior Emulsion,5-18-5,124,136,106
Protec Exterior Emulsion,5-18-6,94,102,70
Protec Exterior Emulsion,5-18-7,94,100,77
Protec Exterior Emulsion,1-19-1,218,235,207
Protec Exterior Emulsion,1-19-2,208,227,191
Protec Exterior Emulsion,1-19-3,197,228,175
Protec Exterior Emulsion,1-19-4,188,223,151
Protec Exterior Emulsion,1-19-5,148,203,104
Protec Exterior Emulsion,4-19-1,229,237,215
Protec Exterior Emulsion,4-19-2,208,217,196
Protec Exterior Emulsion,4-19-3,192,206,172
Protec Exterior Emulsion,4-19-4,168,184,144
Protec Exterior Emulsion,4-19-5,138,163,120
Protec Exterior Emulsion,4-19-6,123,145,95
Protec Exterior Emulsion,5-19-1,230,236,221
Protec Exterior Emulsion,5-19-2,205,213,199
Protec Exterior Emulsion,5-19-3,174,186,163
Protec Exterior Emulsion,5-19-4,149,161,135
Protec Exterior Emulsion,5-19-5,120,134,103
Protec Exterior Emulsion,5-19-6,85,93,68
Protec Exterior Emulsion,5-19-7,90,95,79
Protec Exterior Emulsion,2-20-1,231,240,205
Protec Exterior Emulsion,2-20-2,211,229,192
Protec Exterior Emulsion,2-20-3,193,224,182
Protec Exterior Emulsion,2-20-4,149,198,120
Protec Exterior Emulsion,2-20-5,133,184,106
Protec Exterior Emulsion,2-20-6,117,171,83
Protec Exterior Emulsion,3-20-1,231,240,222
Protec Exterior Emulsion,3-20-2,224,234,217
Protec Exterior Emulsion,3-20-3,191,214,179
Protec Exterior Emulsion,3-20-4,181,210,168
Protec Exterior Emulsion,3-20-5,149,185,129
Protec Exterior Emulsion,3-20-6,115,152,82
Protec Exterior Emulsion,4-20-1,229,236,216
Protec Exterior Emulsion,4-20-2,207,219,198
Protec Exterior Emulsion,4-20-4,162,183,146
Protec Exterior Emulsion,4-20-5,135,162,123
Protec Exterior Emulsion,4-20-6,113,141,93
Protec Exterior Emulsion,5-20-1,217,216,210
Protec Exterior Emulsion,5-20-2,195,197,190
Protec Exterior Emulsion,5-20-4,155,158,154
Protec Exterior Emulsion,5-20-5,129,134,130
Protec Exterior Emulsion,5-20-6,99,103,97
Protec Exterior Emulsion,5-20-7,82,83,77
Protec Exterior Emulsion,1-21-1,214,236,208
Protec Exterior Emulsion,1-21-2,205,228,195
Protec Exterior Emulsion,1-21-3,196,230,182
Protec Exterior Emulsion,1-21-4,177,220,154
Protec Exterior Emulsion,2-21-1,225,236,209
Protec Exterior Emulsion,2-21-2,213,233,207
Protec Exterior Emulsion,2-21-3,197,224,187
Protec Exterior Emulsion,2-21-4,160,206,147
Protec Exterior Emulsion,2-21-5,123,182,107
Protec Exterior Emulsion,2-21-6,106,166,88
Protec Exterior Emulsion,5-21-1,220,229,214
Protec Exterior Emulsion,5-21-2,205,212,199
Protec Exterior Emulsion,5-21-3,174,187,168
Protec Exterior Emulsion,5-21-4,141,158,134
Protec Exterior Emulsion,5-21-5,108,128,101
Protec Exterior Emulsion,5-21-6,77,91,64
Protec Exterior Emulsion,5-21-7,88,94,79
Protec Exterior Emulsion,3-22-1,232,238,222
Protec Exterior Emulsion,3-22-2,219,231,216
Protec Exterior Emulsion,3-22-3,190,215,186
Protec Exterior Emulsion,3-22-4,176,206,169
Protec Exterior Emulsion,3-22-5,142,181,131
Protec Exterior Emulsion,3-22-6,100,144,81
Protec Exterior Emulsion,5-22-1,226,234,221
Protec Exterior Emulsion,5-22-2,202,211,199
Protec Exterior Emulsion,5-22-4,139,157,135
Protec Exterior Emulsion,5-22-5,104,123,99
Protec Exterior Emulsion,5-22-6,74,90,66
Protec Exterior Emulsion,5-22-7,69,85,64
Protec Exterior Emulsion,2-23-1,226,237,222
Protec Exterior Emulsion,2-23-2,215,235,215
Protec Exterior Emulsion,2-23-3,181,221,183
Protec Exterior Emulsion,2-23-4,152,204,149
Protec Exterior Emulsion,2-23-5,105,177,112
Protec Exterior Emulsion,2-23-6,79,155,86
Protec Exterior Emulsion,4-23-1,223,235,219
Protec Exterior Emulsion,4-23-2,203,219,200
Protec Exterior Emulsion,4-23-3,181,201,174
Protec Exterior Emulsion,4-23-4,151,179,147
Protec Exterior Emulsion,4-23-5,131,157,120
Protec Exterior Emulsion,4-23-6,100,136,93
Protec Exterior Emulsion,4-23-7,67,99,63
Protec Exterior Emulsion,5-23-1,226,233,222
Protec Exterior Emulsion,5-23-2,198,209,198
Protec Exterior Emulsion,5-23-3,172,187,170
Protec Exterior Emulsion,5-23-4,136,157,136
Protec Exterior Emulsion,5-23-5,105,126,102
Protec Exterior Emulsion,5-23-6,67,89,66
Protec Exterior Emulsion,5-23-7,68,79,68
Protec Exterior Emulsion,1-24-1,223,232,220
Protec Exterior Emulsion,1-24-2,206,236,216
Protec Exterior Emulsion,1-24-3,177,225,184
Protec Exterior Emulsion,1-24-5,93,190,130
Protec Exterior Emulsion,1-24-6,67,177,111
Protec Exterior Emulsion,1-24-7,37,159,94
Protec Exterior Emulsion,3-24-1,217,235,212
Protec Exterior Emulsion,3-24-2,212,230,209
Protec Exterior Emulsion,3-24-3,186,217,190
Protec Exterior Emulsion,3-24-4,163,203,169
Protec Exterior Emulsion,3-24-5,124,173,134
Protec Exterior Emulsion,3-24-6,74,139,90
Protec Exterior Emulsion,4-24-1,218,231,216
Protec Exterior Emulsion,4-24-2,193,213,192
Protec Exterior Emulsion,4-24-3,178,200,175
Protec Exterior Emulsion,4-24-5,123,158,124
Protec Exterior Emulsion,4-24-6,94,133,94
Protec Exterior Emulsion,4-24-7,66,104,63
Protec Exterior Emulsion,5-24-1,228,235,223
Protec Exterior Emulsion,5-24-2,204,217,204
Protec Exterior Emulsion,5-24-3,171,187,171
Protec Exterior Emulsion,5-24-4,139,158,140
Protec Exterior Emulsion,5-24-5,103,127,105
Protec Exterior Emulsion,5-24-6,64,92,67
Protec Exterior Emulsion,5-24-7,72,83,71
Protec Exterior Emulsion,2-25-2,209,235,221
Protec Exterior Emulsion,2-25-3,173,218,191
Protec Exterior Emulsion,2-25-4,127,195,162
Protec Exterior Emulsion,2-25-5,75,167,134
Protec Exterior Emulsion,2-25-6,30,145,107
Protec Exterior Emulsion,2-25-7,0,127,89
Protec Exterior Emulsion,3-25-1,224,238,224
Protec Exterior Emulsion,3-25-2,217,231,218
Protec Exterior Emulsion,3-25-3,208,227,210
Protec Exterior Emulsion,3-25-4,164,205,174
Protec Exterior Emulsion,3-25-5,111,172,134
Protec Exterior Emulsion,3-25-6,61,136,89
Protec Exterior Emulsion,3-25-7,46,102,66
Protec Exterior Emulsion,5-25-1,225,232,222
Protec Exterior Emulsion,5-25-4,133,156,138
Protec Exterior Emulsion,5-25-5,94,123,103
Protec Exterior Emulsion,5-25-6,65,89,71
Protec Exterior Emulsion,5-25-7,75,88,79
Protec Exterior Emulsion,1-26-1,227,240,232
Protec Exterior Emulsion,1-26-2,198,233,221
Protec Exterior Emulsion,1-26-3,164,226,208
Protec Exterior Emulsion,1-26-4,114,205,185
Protec Exterior Emulsion,1-26-5,70,189,163
Protec Exterior Emulsion,1-26-6,0,172,147
Protec Exterior Emulsion,1-26-7,0,159,133
Protec Exterior Emulsion,3-26-1,225,236,226
Protec Exterior Emulsion,3-26-2,216,231,220
Protec Exterior Emulsion,3-26-4,150,199,176
Protec Exterior Emulsion,3-26-5,101,170,141
Protec Exterior Emulsion,3-26-6,49,131,99
Protec Exterior Emulsion,3-26-7,8,109,76
Protec Exterior Emulsion,4-26-1,230,237,228
Protec Exterior Emulsion,4-26-2,214,229,216
Protec Exterior Emulsion,4-26-3,166,193,177
Protec Exterior Emulsion,4-26-5,104,149,126
Protec Exterior Emulsion,4-26-6,65,121,99
Protec Exterior Emulsion,4-26-7,33,92,70
Protec Exterior Emulsion,5-26-1,228,236,228
Protec Exterior Emulsion,5-26-2,202,215,206
Protec Exterior Emulsion,5-26-3,165,187,176
Protec Exterior Emulsion,5-26-4,129,157,144
Protec Exterior Emulsion,5-26-5,94,124,110
Protec Exterior Emulsion,5-26-6,61,92,79
Protec Exterior Emulsion,2-27-1,209,227,227
Protec Exterior Emulsion,2-27-2,199,231,227
Protec Exterior Emulsion,2-27-3,158,210,202
Protec Exterior Emulsion,2-27-4,106,194,185
Protec Exterior Emulsion,2-27-5,23,164,150
Protec Exterior Emulsion,2-27-6,0,144,134
Protec Exterior Emulsion,2-27-7,0,121,116
Protec Exterior Emulsion,4-27-1,217,232,221
Protec Exterior Emulsion,4-27-2,195,216,207
Protec Exterior Emulsion,4-27-3,159,191,179
Protec Exterior Emulsion,4-27-4,125,169,157
Protec Exterior Emulsion,4-27-5,96,146,133
Protec Exterior Emulsion,4-27-6,64,121,106
Protec Exterior Emulsion,4-27-7,39,88,79
Protec Exterior Emulsion,5-27-1,218,229,219
Protec Exterior Emulsion,5-27-2,197,212,204
Protec Exterior Emulsion,5-27-3,167,191,183
Protec Exterior Emulsion,5-27-4,127,155,146
Protec Exterior Emulsion,5-27-5,94,126,118
Protec Exterior Emulsion,5-27-6,52,93,84
Protec Exterior Emulsion,5-27-7,78,95,91
Protec Exterior Emulsion,1-28-1,226,232,230
Protec Exterior Emulsion,1-28-2,198,230,231
Protec Exterior Emulsion,1-28-3,156,223,220
Protec Exterior Emulsion,1-28-5,39,183,186
Protec Exterior Emulsion,1-28-6,0,167,171
Protec Exterior Emulsion,1-28-7,0,148,151
Protec Exterior Emulsion,2-29-1,218,235,233
Protec Exterior Emulsion,2-29-2,210,231,230
Protec Exterior Emulsion,2-29-3,157,213,217
Protec Exterior Emulsion,2-29-4,108,191,199
Protec Exterior Emulsion,2-29-5,53,160,171
Protec Exterior Emulsion,2-29-6,0,143,157
Protec Exterior Emulsion,2-29-7,0,124,135
Protec Exterior Emulsion,4-29-1,222,234,230
Protec Exterior Emulsion,4-29-3,161,201,199
Protec Exterior Emulsion,4-29-4,128,174,173
Protec Exterior Emulsion,4-29-5,92,148,147
Protec Exterior Emulsion,4-29-6,61,116,117
Protec Exterior Emulsion,4-29-7,23,90,93
Protec Exterior Emulsion,5-29-1,215,217,212
Protec Exterior Emulsion,5-29-2,184,191,187
Protec Exterior Emulsion,5-29-3,174,181,178
Protec Exterior Emulsion,5-29-4,152,160,160
Protec Exterior Emulsion,5-29-5,125,133,134
Protec Exterior Emulsion,5-29-6,91,99,98
Protec Exterior Emulsion,5-29-7,69,75,73
Protec Exterior Emulsion,1-30-1,224,238,234
Protec Exterior Emulsion,1-30-2,194,225,225
Protec Exterior Emulsion,1-30-3,158,219,228
Protec Exterior Emulsion,1-30-4,108,201,214
Protec Exterior Emulsion,1-30-5,80,189,208
Protec Exterior Emulsion,1-30-6,30,161,178
Protec Exterior Emulsion,1-30-7,0,146,171
Protec Exterior Emulsion,3-30-1,220,236,232
Protec Exterior Emulsion,3-30-2,191,222,224
Protec Exterior Emulsion,3-30-3,166,207,211
Protec Exterior Emulsion,3-30-4,120,183,190
Protec Exterior Emulsion,3-30-5,67,145,153
Protec Exterior Emulsion,3-30-6,29,126,137
Protec Exterior Emulsion,3-30-7,0,98,110
Protec Exterior Emulsion,4-30-1,225,236,233
Protec Exterior Emulsion,4-30-2,197,219,219
Protec Exterior Emulsion,4-30-3,160,194,196
Protec Exterior Emulsion,4-30-4,122,169,173
Protec Exterior Emulsion,4-30-5,92,146,152
Protec Exterior Emulsion,4-30-6,58,116,122
Protec Exterior Emulsion,4-30-7,0,93,95
Protec Exterior Emulsion,5-31-1,226,234,233
Protec Exterior Emulsion,5-31-2,200,212,214
Protec Exterior Emulsion,5-31-3,159,180,184
Protec Exterior Emulsion,5-31-4,131,156,162
Protec Exterior Emulsion,5-31-6,61,93,101
Protec Exterior Emulsion,5-31-7,73,91,95
Protec Exterior Emulsion,1-32-1,218,235,234
Protec Exterior Emulsion,1-32-2,195,224,230
Protec Exterior Emulsion,1-32-3,156,211,229
Protec Exterior Emulsion,1-32-4,116,194,221
Protec Exterior Emulsion,1-32-5,51,165,203
Protec Exterior Emulsion,1-32-6,0,151,192
Protec Exterior Emulsion,1-32-7,0,133,169
Protec Exterior Emulsion,2-32-1,211,221,221
Protec Exterior Emulsion,2-32-2,184,215,225
Protec Exterior Emulsion,2-32-3,151,203,219
Protec Exterior Emulsion,2-32-4,107,182,209
Protec Exterior Emulsion,2-32-5,69,152,185
Protec Exterior Emulsion,2-32-6,0,124,159
Protec Exterior Emulsion,2-32-7,0,109,146
Protec Exterior Emulsion,1-33-1,217,233,234
Protec Exterior Emulsion,1-33-2,186,219,229
Protec Exterior Emulsion,1-33-3,158,210,234
Protec Exterior Emulsion,1-33-5,72,174,213
Protec Exterior Emulsion,1-33-6,0,146,199
Protec Exterior Emulsion,1-33-7,0,126,177
Protec Exterior Emulsion,3-33-1,212,228,229
Protec Exterior Emulsion,3-33-2,189,213,223
Protec Exterior Emulsion,3-33-3,167,199,216
Protec Exterior Emulsion,3-33-4,140,180,203
Protec Exterior Emulsion,3-33-5,91,149,180
Protec Exterior Emulsion,3-33-6,41,110,151
Protec Exterior Emulsion,3-33-7,25,86,121
Protec Exterior Emulsion,4-33-1,212,222,224
Protec Exterior Emulsion,4-33-2,188,205,210
Protec Exterior Emulsion,4-33-3,162,192,204
Protec Exterior Emulsion,4-33-4,129,166,180
Protec Exterior Emulsion,4-33-5,95,139,157
Protec Exterior Emulsion,4-33-6,64,110,131
Protec Exterior Emulsion,4-33-7,36,76,98
Protec Exterior Emulsion,1-34-1,215,231,234
Protec Exterior Emulsion,1-34-2,191,216,229
Protec Exterior Emulsion,1-34-3,162,203,229
Protec Exterior Emulsion,1-34-4,116,179,219
Protec Exterior Emulsion,1-34-5,69,151,205
Protec Exterior Emulsion,1-34-6,40,138,198
Protec Exterior Emulsion,1-34-7,0,114,173
Protec Exterior Emulsion,5-34-1,227,230,229
Protec Exterior Emulsion,5-34-2,196,205,208
Protec Exterior Emulsion,5-34-3,159,175,184
Protec Exterior Emulsion,5-34-4,126,147,159
Protec Exterior Emulsion,5-34-5,90,113,128
Protec Exterior Emulsion,5-34-6,64,77,89
Protec Exterior Emulsion,5-34-7,74,85,94
Protec Exterior Emulsion,3-35-1,225,232,232
Protec Exterior Emulsion,3-35-2,210,227,235
Protec Exterior Emulsion,3-35-3,169,197,213
Protec Exterior Emulsion,3-35-4,123,163,189
Protec Exterior Emulsion,3-35-5,75,127,161
Protec Exterior Emulsion,3-35-6,37,108,150
Protec Exterior Emulsion,3-35-7,26,84,123
Protec Exterior Emulsion,4-35-1,217,225,227
Protec Exterior Emulsion,4-35-2,203,212,218
Protec Exterior Emulsion,4-35-3,163,184,200
Protec Exterior Emulsion,4-35-4,133,158,175
Protec Exterior Emulsion,4-35-5,100,132,157
Protec Exterior Emulsion,4-35-6,69,101,130
Protec Exterior Emulsion,4-35-7,41,72,105
Protec Exterior Emulsion,1-36-1,224,231,233
Protec Exterior Emulsion,1-36-2,198,213,226
Protec Exterior Emulsion,1-36-3,166,192,226
Protec Exterior Emulsion,1-36-4,135,162,209
Protec Exterior Emulsion,1-36-5,97,136,194
Protec Exterior Emulsion,1-36-6,80,114,181
Protec Exterior Emulsion,1-36-7,57,94,160
Protec Exterior Emulsion,5-36-1,219,225,229
Protec Exterior Emulsion,5-36-2,194,201,205
Protec Exterior Emulsion,5-36-3,162,171,181
Protec Exterior Emulsion,5-36-4,119,133,148
Protec Exterior Emulsion,5-36-5,86,99,118
Protec Exterior Emulsion,5-36-6,54,66,83
Protec Exterior Emulsion,5-36-7,49,66,87
Protec Exterior Emulsion,2-37-1,216,222,232
Protec Exterior Emulsion,2-37-2,204,211,224
Protec Exterior Emulsion,2-37-3,167,185,216
Protec Exterior Emulsion,2-37-4,133,152,198
Protec Exterior Emulsion,2-37-5,97,113,169
Protec Exterior Emulsion,2-37-6,80,95,156
Protec Exterior Emulsion,2-37-7,59,73,130
Protec Exterior Emulsion,4-37-1,220,228,233
Protec Exterior Emulsion,4-37-2,194,203,212
Protec Exterior Emulsion,4-37-3,163,178,195
Protec Exterior Emulsion,4-37-4,134,147,171
Protec Exterior Emulsion,4-37-5,105,120,150
Protec Exterior Emulsion,4-37-6,74,91,123
Protec Exterior Emulsion,4-37-7,53,63,91
Protec Exterior Emulsion,5-37-1,235,234,229
Protec Exterior Emulsion,5-37-2,220,222,220
Protec Exterior Emulsion,5-37-3,196,200,202
Protec Exterior Emulsion,5-37-4,145,153,160
Protec Exterior Emulsion,5-37-5,108,115,122
Protec Exterior Emulsion,5-37-6,89,95,102
Protec Exterior Emulsion,1-38-1,210,216,229
Protec Exterior Emulsion,1-38-2,202,211,232
Protec Exterior Emulsion,1-38-3,173,184,221
Protec Exterior Emulsion,1-38-4,147,156,209
Protec Exterior Emulsion,1-38-5,122,126,192
Protec Exterior Emulsion,1-38-6,110,111,177
Protec Exterior Emulsion,1-38-7,86,88,154
Protec Exterior Emulsion,5-38-1,220,226,230
Protec Exterior Emulsion,5-38-2,198,203,211
Protec Exterior Emulsion,5-38-3,161,167,179
Protec Exterior Emulsion,5-38-4,125,129,147
Protec Exterior Emulsion,5-38-5,89,93,113
Protec Exterior Emulsion,5-38-6,56,61,79
Protec Exterior Emulsion,5-38-7,68,71,83
Protec Exterior Emulsion,2-39-1,232,231,232
Protec Exterior Emulsion,2-39-2,213,215,228
Protec Exterior Emulsion,2-39-3,181,181,213
Protec Exterior Emulsion,2-39-4,151,148,190
Protec Exterior Emulsion,2-39-5,118,111,168
Protec Exterior Emulsion,2-39-6,104,93,152
Protec Exterior Emulsion,2-39-7,85,72,129
Protec Exterior Emulsion,3-39-1,212,219,227
Protec Exterior Emulsion,3-39-2,197,202,220
Protec Exterior Emulsion,3-39-3,173,180,201
Protec Exterior Emulsion,3-39-4,144,147,182
Protec Exterior Emulsion,3-39-5,104,106,148
Protec Exterior Emulsion,3-39-6,84,85,131
Protec Exterior Emulsion,3-39-7,67,65,112
Protec Exterior Emulsion,4-39-1,219,219,226
Protec Exterior Emulsion,4-39-2,196,199,209
Protec Exterior Emulsion,4-39-3,168,175,193
Protec Exterior Emulsion,4-39-4,140,145,170
Protec Exterior Emulsion,4-39-5,109,116,145
Protec Exterior Emulsion,4-39-6,88,89,123
Protec Exterior Emulsion,4-39-7,57,60,90
Protec Exterior Emulsion,5-39-1,219,220,227
Protec Exterior Emulsion,5-39-2,196,195,204
Protec Exterior Emulsion,5-39-3,165,166,179
Protec Exterior Emulsion,5-39-4,129,130,148
Protec Exterior Emulsion,5-39-5,97,94,112
Protec Exterior Emulsion,5-39-6,60,59,76
Protec Exterior Emulsion,1-40-1,224,223,234
Protec Exterior Emulsion,1-40-2,204,201,228
Protec Exterior Emulsion,1-40-3,190,185,219
Protec Exterior Emulsion,1-40-4,170,158,209
Protec Exterior Emulsion,1-40-5,142,125,190
Protec Exterior Emulsion,1-40-6,127,102,171
Protec Exterior Emulsion,4-40-1,226,228,232
Protec Exterior Emulsion,4-40-2,196,200,211
Protec Exterior Emulsion,4-40-3,174,174,195
Protec Exterior Emulsion,4-40-4,146,148,172
Protec Exterior Emulsion,4-40-5,126,122,148
Protec Exterior Emulsion,4-40-6,94,88,121
Protec Exterior Emulsion,4-40-7,67,63,102
Protec Exterior Emulsion,5-40-1,230,227,223
Protec Exterior Emulsion,5-40-2,200,203,209
Protec Exterior Emulsion,5-40-3,165,164,178
Protec Exterior Emulsion,5-40-4,130,128,144
Protec Exterior Emulsion,5-40-5,100,94,114
Protec Exterior Emulsion,5-40-6,74,71,87
Protec Exterior Emulsion,5-40-7,86,87,96
Protec Exterior Emulsion,2-41-1,227,220,228
Protec Exterior Emulsion,2-41-2,216,209,222
Protec Exterior Emulsion,2-41-3,191,180,212
Protec Exterior Emulsion,2-41-4,173,148,196
Protec Exterior Emulsion,2-41-5,139,113,166
Protec Exterior Emulsion,2-41-6,122,93,148
Protec Exterior Emulsion,2-41-7,109,77,131
Protec Exterior Emulsion,3-41-1,218,219,228
Protec Exterior Emulsion,3-41-2,204,200,215
Protec Exterior Emulsion,3-41-3,189,184,208
Protec Exterior Emulsion,3-41-4,169,164,195
Protec Exterior Emulsion,3-41-5,137,126,167
Protec Exterior Emulsion,3-41-6,99,83,127
Protec Exterior Emulsion,3-41-7,85,67,112
Protec Exterior Emulsion,4-41-1,228,226,229
Protec Exterior Emulsion,4-41-2,205,201,211
Protec Exterior Emulsion,4-41-3,178,172,191
Protec Exterior Emulsion,4-41-4,149,146,170
Protec Exterior Emulsion,4-41-5,119,117,147
Protec Exterior Emulsion,4-41-6,99,88,119
Protec Exterior Emulsion,4-41-7,70,63,92
Protec Exterior Emulsion,5-41-1,218,217,216
Protec Exterior Emulsion,5-41-2,204,203,209
Protec Exterior Emulsion,5-41-3,165,161,175
Protec Exterior Emulsion,5-41-4,139,134,151
Protec Exterior Emulsion,5-41-5,111,100,120
Protec Exterior Emulsion,5-41-6,76,65,88
Protec Exterior Emulsion,5-41-7,79,70,83
Protec Exterior Emulsion,1-42-1,229,220,227
Protec Exterior Emulsion,1-42-2,220,210,227
Protec Exterior Emulsion,1-42-3,213,187,223
Protec Exterior Emulsion,1-42-4,188,157,206
Protec Exterior Emulsion,1-42-5,165,128,186
Protec Exterior Emulsion,1-42-6,154,111,170
Protec Exterior Emulsion,5-42-1,216,214,217
Protec Exterior Emulsion,5-42-2,204,198,205
Protec Exterior Emulsion,5-42-3,174,166,179
Protec Exterior Emulsion,5-42-4,145,133,145
Protec Exterior Emulsion,5-42-5,114,102,123
Protec Exterior Emulsion,5-42-6,77,65,79
Protec Exterior Emulsion,5-42-7,90,84,92
Protec Exterior Emulsion,1-43-1,234,227,230
Protec Exterior Emulsion,1-43-2,223,212,229
Protec Exterior Emulsion,1-43-3,212,184,216
Protec Exterior Emulsion,1-43-4,198,159,206
Protec Exterior Emulsion,1-43-5,180,129,186
Protec Exterior Emulsion,1-43-6,172,112,174
Protec Exterior Emulsion,1-43-7,158,96,158
Protec Exterior Emulsion,2-43-1,235,217,228
Protec Exterior Emulsion,2-43-2,224,200,218
Protec Exterior Emulsion,2-43-3,215,179,209
Protec Exterior Emulsion,2-43-4,197,156,194
Protec Exterior Emulsion,2-43-5,191,132,177
Protec Exterior Emulsion,2-43-6,159,90,142
Protec Exterior Emulsion,2-43-7,139,67,118
Protec Exterior Emulsion,3-43-1,234,230,233
Protec Exterior Emulsion,3-43-2,215,203,215
Protec Exterior Emulsion,3-43-3,201,183,205
Protec Exterior Emulsion,3-43-4,176,147,179
Protec Exterior Emulsion,3-43-5,144,109,149
Protec Exterior Emulsion,3-43-7,109,63,109
Protec Exterior Emulsion,4-43-1,219,214,221
Protec Exterior Emulsion,4-43-2,206,201,214
Protec Exterior Emulsion,4-43-3,187,179,197
Protec Exterior Emulsion,4-43-4,158,146,170
Protec Exterior Emulsion,4-43-5,135,120,148
Protec Exterior Emulsion,4-43-6,110,91,122
Protec Exterior Emulsion,4-43-7,83,63,94
Protec Exterior Emulsion,5-43-1,223,213,215
Protec Exterior Emulsion,5-43-2,212,205,211
Protec Exterior Emulsion,5-43-3,181,172,184
Protec Exterior Emulsion,5-43-4,148,134,148
Protec Exterior Emulsion,5-43-5,122,103,120
Protec Exterior Emulsion,5-43-6,87,71,87
Protec Exterior Emulsion,5-43-7,94,85,92
Protec Exterior Emulsion,2-44-1,241,223,232
Protec Exterior Emulsion,2-44-2,231,211,222
Protec Exterior Emulsion,2-44-3,224,187,213
Protec Exterior Emulsion,2-44-4,203,154,189
Protec Exterior Emulsion,2-44-5,180,116,162
Protec Exterior Emulsion,2-46-7,156,52,92
Protec Exterior Emulsion,3-44-1,233,225,227
Protec Exterior Emulsion,3-44-2,226,214,222
Protec Exterior Emulsion,3-44-3,206,180,203
Protec Exterior Emulsion,3-44-4,182,148,178
Protec Exterior Emulsion,3-44-6,131,85,123
Protec Exterior Emulsion,3-44-7,117,62,103
Protec Exterior Emulsion,1-45-1,245,239,237
Protec Exterior Emulsion,1-45-2,238,221,230
Protec Exterior Emulsion,1-45-3,231,197,221
Protec Exterior Emulsion,1-45-4,231,172,210
Protec Exterior Emulsion,1-45-5,223,141,190
Protec Exterior Emulsion,1-45-6,203,106,165
Protec Exterior Emulsion,1-45-7,191,79,139
Protec Exterior Emulsion,3-45-1,238,228,229
Protec Exterior Emulsion,3-45-2,217,194,204
Protec Exterior Emulsion,3-45-4,184,146,172
Protec Exterior Emulsion,3-45-5,161,108,141
Protec Exterior Emulsion,3-45-6,135,82,118
Protec Exterior Emulsion,3-45-7,124,61,96
Protec Exterior Emulsion,5-45-1,230,224,226
Protec Exterior Emulsion,5-45-2,214,206,208
Protec Exterior Emulsion,5-45-3,189,173,186
Protec Exterior Emulsion,5-45-4,160,141,153
Protec Exterior Emulsion,5-45-6,96,79,94
Protec Exterior Emulsion,5-45-7,96,84,89
Protec Exterior Emulsion,2-46-1,242,225,228
Protec Exterior Emulsion,2-46-2,235,212,220
Protec Exterior Emulsion,2-46-3,225,176,197
Protec Exterior Emulsion,2-46-4,210,151,176
Protec Exterior Emulsion,2-46-5,185,111,146
Protec Exterior Emulsion,5-46-1,229,225,228
Protec Exterior Emulsion,5-46-2,216,204,208
Protec Exterior Emulsion,5-46-3,189,174,181
Protec Exterior Emulsion,5-46-4,161,141,152
Protec Exterior Emulsion,5-46-5,134,115,128
Protec Exterior Emulsion,5-46-6,96,78,91
Protec Exterior Emulsion,5-46-7,97,83,88
Protec Exterior Emulsion,1-47-1,236,226,227
Protec Exterior Emulsion,1-47-2,245,230,231
Protec Exterior Emulsion,1-47-3,242,199,216
Protec Exterior Emulsion,1-47-4,236,168,199
Protec Exterior Emulsion,1-47-5,217,122,163
Protec Exterior Emulsion,1-47-6,201,101,146
Protec Exterior Emulsion,1-47-7,180,73,119
Protec Exterior Emulsion,3-47-1,232,220,224
Protec Exterior Emulsion,3-47-2,233,209,216
Protec Exterior Emulsion,3-47-3,224,188,201
Protec Exterior Emulsion,3-47-4,196,154,172
Protec Exterior Emulsion,3-47-6,151,82,112
Protec Exterior Emulsion,3-47-7,126,63,88
Protec Exterior Emulsion,4-47-1,236,226,229
Protec Exterior Emulsion,4-47-2,219,205,209
Protec Exterior Emulsion,4-47-3,206,174,186
Protec Exterior Emulsion,4-47-4,184,145,158
Protec Exterior Emulsion,4-47-5,162,121,137
Protec Exterior Emulsion,4-47-6,130,84,103
Protec Exterior Emulsion,4-47-7,100,58,76
Protec Exterior Emulsion,1-48-1,242,233,232
Protec Exterior Emulsion,1-48-2,238,225,225
Protec Exterior Emulsion,1-48-3,240,181,197
Protec Exterior Emulsion,1-48-4,233,161,184
Protec Exterior Emulsion,1-48-5,221,124,157
Protec Exterior Emulsion,1-48-6,212,102,138
Protec Exterior Emulsion,1-48-7,194,77,113
Protec Exterior Emulsion,3-48-1,242,224,227
Protec Exterior Emulsion,3-48-2,232,207,214
Protec Exterior Emulsion,3-48-4,201,143,160
Protec Exterior Emulsion,3-48-5,172,101,121
Protec Exterior Emulsion,3-48-7,134,57,80
Protec Exterior Emulsion,4-48-1,235,218,221
Protec Exterior Emulsion,4-48-2,218,197,200
Protec Exterior Emulsion,4-48-3,205,178,182
Protec Exterior Emulsion,4-48-4,188,152,157
Protec Exterior Emulsion,4-48-5,165,123,131
Protec Exterior Emulsion,4-48-6,139,90,98
Protec Exterior Emulsion,4-48-7,115,59,69
Protec Exterior Emulsion,5-48-1,230,223,226
Protec Exterior Emulsion,5-48-2,217,207,209
Protec Exterior Emulsion,5-48-3,194,177,182
Protec Exterior Emulsion,5-48-4,167,143,149
Protec Exterior Emulsion,5-48-5,138,113,120
Protec Exterior Emulsion,5-48-6,107,79,86
Protec Exterior Emulsion,5-48-7,100,84,85
Protec Exterior Emulsion,4-49-1,233,226,225
Protec Exterior Emulsion,4-49-2,223,205,210
Protec Exterior Emulsion,4-49-3,204,178,184
Protec Exterior Emulsion,4-49-4,188,149,162
Protec Exterior Emulsion,4-49-5,162,124,136
Protec Exterior Emulsion,4-49-6,129,89,102
Protec Exterior Emulsion,4-49-7,108,56,72
Protec Exterior Emulsion,1-50-1,242,231,233
Protec Exterior Emulsion,1-50-2,247,213,216
Protec Exterior Emulsion,1-50-3,248,187,191
Protec Exterior Emulsion,1-50-4,238,155,161
Protec Exterior Emulsion,1-50-6,229,108,127
Protec Exterior Emulsion,1-50-7,208,93,111
Protec Exterior Emulsion,3-50-1,240,228,228
Protec Exterior Emulsion,3-50-2,230,204,205
Protec Exterior Emulsion,3-50-4,203,152,155
Protec Exterior Emulsion,3-50-5,176,107,114
Protec Exterior Emulsion,3-50-6,161,79,89
Protec Exterior Emulsion,3-50-7,143,59,71
Protec Exterior Emulsion,4-50-1,233,220,224
Protec Exterior Emulsion,4-50-2,220,201,202
Protec Exterior Emulsion,4-50-3,204,177,178
Protec Exterior Emulsion,4-50-4,187,151,154
Protec Exterior Emulsion,4-50-5,165,122,125
Protec Exterior Emulsion,4-50-6,143,92,95
Protec Exterior Emulsion,4-50-7,112,60,64
Protec Exterior Emulsion,5-50-1,240,230,228
Protec Exterior Emulsion,5-50-2,222,208,207
Protec Exterior Emulsion,5-50-3,194,175,174
Protec Exterior Emulsion,5-50-4,167,143,146
Protec Exterior Emulsion,5-50-5,140,105,108
Protec Exterior Emulsion,5-50-6,110,76,78
Protec Exterior Emulsion,5-50-7,100,83,85
Protec Exterior Emulsion,3-16-2,236,239,205
Protec Exterior Emulsion,1-17-5,192,217,116
Protec Exterior Emulsion,1-17-6,172,204,73
Protec Exterior Emulsion,3-18-5,156,175,108
Protec Exterior Emulsion,3-16-7,147,140,55
Protec Exterior Emulsion,1-3-4,250,159,137
Protec Exterior Emulsion,5-1-6,110,76,73
Protec Exterior Emulsion,3-48-6,145,77,101
Protec Exterior Emulsion,2-15-5,221,209,120
Protec Exterior Emulsion,1-42-7,136,91,149
Protec Exterior Emulsion,1-1-2,246,208,204
Protec Exterior Emulsion,3-1-6,168,83,81
Protec Exterior Emulsion,3-1-7,156,60,60
Protec Exterior Emulsion,1-3-6,230,100,70
Protec Exterior Emulsion,2-4-7,182,79,58
Protec Exterior Emulsion,1-5-4,251,186,160
Protec Exterior Emulsion,1-5-5,251,168,129
Protec Exterior Emulsion,1-5-6,249,135,94
Protec Exterior Emulsion,1-5-7,236,120,79
Protec Exterior Emulsion,2-6-4,240,177,145
Protec Exterior Emulsion,2-6-7,209,121,72
Protec Exterior Emulsion,3-6-4,217,165,139
Protec Exterior Emulsion,1-7-3,253,206,172
Protec Exterior Emulsion,1-7-5,254,175,109
Protec Exterior Emulsion,1-7-6,249,146,58
Protec Exterior Emulsion,4-7-4,196,165,140
Protec Exterior Emulsion,1-8-2,247,228,198
Protec Exterior Emulsion,1-8-3,251,216,169
Protec Exterior Emulsion,1-8-5,252,185,113
Protec Exterior Emulsion,3-8-7,174,120,57
Protec Exterior Emulsion,1-11-2,247,233,180
Protec Exterior Emulsion,1-11-3,251,224,145
Protec Exterior Emulsion,1-11-5,252,209,103
Protec Exterior Emulsion,3-11-2,234,221,189
Protec Exterior Emulsion,4-11-2,222,212,188
Protec Exterior Emulsion,4-11-5,183,163,116
Protec Exterior Emulsion,1-12-2,249,235,179
Protec Exterior Emulsion,3-12-5,205,180,108
Protec Exterior Emulsion,5-12-3,198,192,176
Protec Exterior Emulsion,3-13-5,212,194,121
Protec Exterior Emulsion,5-13-6,132,113,80
Protec Exterior Emulsion,3-14-5,213,198,125
Protec Exterior Emulsion,4-14-1,241,236,215
Protec Exterior Emulsion,4-14-2,224,220,186
Protec Exterior Emulsion,4-14-3,216,209,163
Protec Exterior Emulsion,4-14-4,202,194,142
Protec Exterior Emulsion,4-14-5,188,178,121
Protec Exterior Emulsion,4-14-6,171,159,99
Protec Exterior Emulsion,4-14-7,140,119,62
Protec Exterior Emulsion,1-15-1,235,234,214
Protec Exterior Emulsion,1-15-5,234,229,115
Protec Exterior Emulsion,2-15-7,201,169,40
Protec Exterior Emulsion,4-15-3,212,209,167
Protec Exterior Emulsion,5-15-2,210,206,196
Protec Exterior Emulsion,5-15-7,83,79,68
Protec Exterior Emulsion,1-16-5,220,224,111
Protec Exterior Emulsion,1-16-6,204,207,56
Protec Exterior Emulsion,1-17-7,152,184,50
Protec Exterior Emulsion,4-17-4,175,187,142
Protec Exterior Emulsion,5-17-1,227,228,208
Protec Exterior Emulsion,2-18-7,123,159,51
Protec Exterior Emulsion,1-19-6,135,193,75
Protec Exterior Emulsion,1-19-7,116,177,54
Protec Exterior Emulsion,4-20-3,192,206,176
Protec Exterior Emulsion,5-20-3,184,186,178
Protec Exterior Emulsion,1-21-5,137,203,113
Protec Exterior Emulsion,1-21-6,112,186,79
Protec Exterior Emulsion,1-21-7,100,169,64
Protec Exterior Emulsion,5-22-3,168,181,161
Protec Exterior Emulsion,1-24-4,138,207,156
Protec Exterior Emulsion,2-24-1,221,234,215
Protec Exterior Emulsion,2-24-2,217,236,217
Protec Exterior Emulsion,2-24-3,172,220,188
Protec Exterior Emulsion,2-24-4,132,201,155
Protec Exterior Emulsion,2-24-5,91,169,120
Protec Exterior Emulsion,2-24-6,51,151,92
Protec Exterior Emulsion,2-24-7,14,127,70
Protec Exterior Emulsion,4-24-4,148,180,149
Protec Exterior Emulsion,2-25-1,216,235,221
Protec Exterior Emulsion,5-25-2,202,215,204
Protec Exterior Emulsion,5-25-3,165,185,172
Protec Exterior Emulsion,3-26-3,192,219,206
Protec Exterior Emulsion,4-26-4,135,176,157
Protec Exterior Emulsion,5-26-7,77,92,85
Protec Exterior Emulsion,1-28-4,119,208,208
Protec Exterior Emulsion,4-29-2,201,222,219
Protec Exterior Emulsion,5-31-5,86,120,126
Protec Exterior Emulsion,1-33-4,133,198,226
Protec Exterior Emulsion,3-36-1,210,217,220
Protec Exterior Emulsion,3-36-2,196,213,224
Protec Exterior Emulsion,3-36-3,170,190,208
Protec Exterior Emulsion,3-36-4,128,155,188
Protec Exterior Emulsion,3-36-5,85,114,150
Protec Exterior Emulsion,3-36-6,61,95,139
Protec Exterior Emulsion,3-36-7,43,72,122
Protec Exterior Emulsion,5-39-7,76,71,82
Protec Exterior Emulsion,2-44-7,152,64,111
Protec Exterior Emulsion,3-44-5,157,104,142
Protec Exterior Emulsion,3-45-3,221,189,206
Protec Exterior Emulsion,5-45-5,126,113,126
Protec Exterior Emulsion,2-46-6,173,79,117
Protec Exterior Emulsion,3-47-5,169,102,128
Protec Exterior Emulsion,3-48-3,221,180,193
Protec Exterior Emulsion,1-50-5,237,128,143
Protec Exterior Emulsion,3-50-3,226,188,191
,,,,
,,,,
,,,,
,,,,
,,,,
,,,,
,,,,
,,,,
,,,,
,,,,
,,,,
,,,,
,,,,
,,,,
,,,,
,,,,
,,,,
,,,,
,,,,
,,,,
,,,,
,,,,
,,,,
,,,,
,,,,
,,,,
,,,,
,,,,
,,,,
,,,,
,,,,
,,,,
,,,,
,,,,
,,,,
,,,,
,,,,
,,,,
,,,,
,,,,
,,,,
,,,,
,,,,
,,,,
,,,,
,,,,
,,,,
,,,,
,,,,
,,,,
,,,,
,,,,
,,,,
,,,,
,,,,
,,,,
,,,,
,,,,
,,,,
,,,,
Reliance Acrylic Washable Distemper,1-1-1,248,226,222
Reliance Acrylic Washable Distemper,1-1-2,246,208,204
Reliance Acrylic Washable Distemper,3-1-1,241,228,225
Reliance Acrylic Washable Distemper,3-1-2,244,226,223
Reliance Acrylic Washable Distemper,3-1-3,234,205,203
Reliance Acrylic Washable Distemper,3-1-4,214,161,160
Reliance Acrylic Washable Distemper,3-1-5,196,125,124
Reliance Acrylic Washable Distemper,5-1-1,233,213,209
Reliance Acrylic Washable Distemper,5-1-2,220,206,204
Reliance Acrylic Washable Distemper,5-1-3,193,173,172
Reliance Acrylic Washable Distemper,5-1-4,167,139,135
Reliance Acrylic Washable Distemper,5-1-5,136,106,104
Reliance Acrylic Washable Distemper,2-2-2,234,207,198
Reliance Acrylic Washable Distemper,2-2-3,237,203,189
Reliance Acrylic Washable Distemper,2-2-4,239,180,175
Reliance Acrylic Washable Distemper,2-2-5,229,131,127
Reliance Acrylic Washable Distemper,2-2-6,223,109,108
Reliance Acrylic Washable Distemper,4-2-1,239,222,214
Reliance Acrylic Washable Distemper,4-2-2,224,197,192
Reliance Acrylic Washable Distemper,4-2-3,213,174,169
Reliance Acrylic Washable Distemper,4-2-4,206,156,152
Reliance Acrylic Washable Distemper,4-2-5,190,124,117
Reliance Acrylic Washable Distemper,5-2-1,232,218,211
Reliance Acrylic Washable Distemper,5-2-2,218,205,201
Reliance Acrylic Washable Distemper,5-2-3,204,169,161
Reliance Acrylic Washable Distemper,5-2-4,185,147,139
Reliance Acrylic Washable Distemper,5-2-5,164,125,116
Reliance Acrylic Washable Distemper,5-2-6,147,109,100
Reliance Acrylic Washable Distemper,1-3-2,246,207,202
Reliance Acrylic Washable Distemper,1-3-3,252,183,166
Reliance Acrylic Washable Distemper,1-3-5,244,142,114
Reliance Acrylic Washable Distemper,1-3-6,230,100,70
Reliance Acrylic Washable Distemper,5-3-1,241,230,220
Reliance Acrylic Washable Distemper,5-3-2,221,206,201
Reliance Acrylic Washable Distemper,5-3-3,197,174,166
Reliance Acrylic Washable Distemper,5-3-4,173,143,135
Reliance Acrylic Washable Distemper,5-3-5,142,110,100
Reliance Acrylic Washable Distemper,2-4-2,246,221,207
Reliance Acrylic Washable Distemper,2-4-3,238,201,187
Reliance Acrylic Washable Distemper,2-4-5,225,139,114
Reliance Acrylic Washable Distemper,2-4-6,195,92,80
Reliance Acrylic Washable Distemper,3-4-2,235,209,197
Reliance Acrylic Washable Distemper,3-4-3,233,191,177
Reliance Acrylic Washable Distemper,3-4-5,204,140,120
Reliance Acrylic Washable Distemper,3-4-6,172,98,81
Reliance Acrylic Washable Distemper,4-4-2,229,206,198
Reliance Acrylic Washable Distemper,4-4-3,211,179,172
Reliance Acrylic Washable Distemper,4-4-4,191,151,141
Reliance Acrylic Washable Distemper,4-4-5,177,128,114
Reliance Acrylic Washable Distemper,4-4-6,155,102,88
Reliance Acrylic Washable Distemper,5-4-1,235,224,215
Reliance Acrylic Washable Distemper,5-4-2,229,213,204
Reliance Acrylic Washable Distemper,5-4-3,188,161,149
Reliance Acrylic Washable Distemper,5-4-4,167,128,111
Reliance Acrylic Washable Distemper,5-4-5,141,103,88
Reliance Acrylic Washable Distemper,1-5-1,241,233,225
Reliance Acrylic Washable Distemper,1-5-2,248,215,197
Reliance Acrylic Washable Distemper,5-5-2,216,201,194
Reliance Acrylic Washable Distemper,5-5-3,193,170,161
Reliance Acrylic Washable Distemper,5-5-4,149,128,116
Reliance Acrylic Washable Distemper,5-5-5,116,89,75
Reliance Acrylic Washable Distemper,2-6-1,244,236,220
Reliance Acrylic Washable Distemper,2-6-2,243,224,206
Reliance Acrylic Washable Distemper,2-6-3,243,199,170
Reliance Acrylic Washable Distemper,2-6-4,240,177,145
Reliance Acrylic Washable Distemper,2-6-5,230,155,116
Reliance Acrylic Washable Distemper,2-6-6,227,136,95
Reliance Acrylic Washable Distemper,3-6-1,247,229,213
Reliance Acrylic Washable Distemper,3-6-2,232,207,190
Reliance Acrylic Washable Distemper,3-6-3,225,178,156
Reliance Acrylic Washable Distemper,3-6-4,217,165,139
Reliance Acrylic Washable Distemper,3-6-5,207,144,118
Reliance Acrylic Washable Distemper,3-6-6,188,117,78
Reliance Acrylic Washable Distemper,4-6-1,242,226,212
Reliance Acrylic Washable Distemper,4-6-2,228,209,197
Reliance Acrylic Washable Distemper,4-6-3,211,183,169
Reliance Acrylic Washable Distemper,4-6-4,196,161,140
Reliance Acrylic Washable Distemper,4-6-5,176,132,113
Reliance Acrylic Washable Distemper,4-6-6,157,106,87
Reliance Acrylic Washable Distemper,5-6-1,239,230,220
Reliance Acrylic Washable Distemper,5-6-2,223,212,198
Reliance Acrylic Washable Distemper,5-6-3,193,174,161
Reliance Acrylic Washable Distemper,5-6-4,166,143,128
Reliance Acrylic Washable Distemper,5-6-5,139,111,94
Reliance Acrylic Washable Distemper,1-7-1,246,234,217
Reliance Acrylic Washable Distemper,1-7-2,243,219,195
Reliance Acrylic Washable Distemper,1-7-6,249,146,58
Reliance Acrylic Washable Distemper,4-7-1,243,229,213
Reliance Acrylic Washable Distemper,4-7-2,226,206,192
Reliance Acrylic Washable Distemper,4-7-3,214,187,169
Reliance Acrylic Washable Distemper,4-7-4,196,165,140
Reliance Acrylic Washable Distemper,4-7-5,183,140,112
Reliance Acrylic Washable Distemper,4-7-6,159,109,86
Reliance Acrylic Washable Distemper,1-8-1,245,231,212
Reliance Acrylic Washable Distemper,1-8-2,247,228,198
Reliance Acrylic Washable Distemper,1-8-3,251,216,169
Reliance Acrylic Washable Distemper,1-8-5,252,185,113
Reliance Acrylic Washable Distemper,1-8-6,252,166,67
Reliance Acrylic Washable Distemper,2-8-1,246,235,212
Reliance Acrylic Washable Distemper,2-8-2,241,206,165
Reliance Acrylic Washable Distemper,2-8-3,234,192,139
Reliance Acrylic Washable Distemper,2-8-4,233,175,113
Reliance Acrylic Washable Distemper,2-8-5,225,158,92
Reliance Acrylic Washable Distemper,2-8-7,205,124,55
Reliance Acrylic Washable Distemper,3-8-1,245,239,223
Reliance Acrylic Washable Distemper,3-8-2,232,216,194
Reliance Acrylic Washable Distemper,3-8-3,221,191,155
Reliance Acrylic Washable Distemper,3-8-4,200,161,115
Reliance Acrylic Washable Distemper,3-8-5,195,142,93
Reliance Acrylic Washable Distemper,3-8-6,184,129,75
Reliance Acrylic Washable Distemper,2-9-2,237,212,164
Reliance Acrylic Washable Distemper,2-9-3,236,196,129
Reliance Acrylic Washable Distemper,2-9-4,228,183,115
Reliance Acrylic Washable Distemper,2-9-5,222,171,98
Reliance Acrylic Washable Distemper,2-9-6,223,162,78
Reliance Acrylic Washable Distemper,3-9-2,237,222,197
Reliance Acrylic Washable Distemper,3-9-3,217,193,153
Reliance Acrylic Washable Distemper,3-9-4,208,173,115
Reliance Acrylic Washable Distemper,3-9-5,200,157,96
Reliance Acrylic Washable Distemper,3-9-6,190,144,79
Reliance Acrylic Washable Distemper,3-9-7,191,138,80
Reliance Acrylic Washable Distemper,4-9-1,234,222,205
Reliance Acrylic Washable Distemper,4-9-2,225,215,197
Reliance Acrylic Washable Distemper,4-9-3,209,193,166
Reliance Acrylic Washable Distemper,4-9-4,198,173,141
Reliance Acrylic Washable Distemper,4-9-5,182,151,114
Reliance Acrylic Washable Distemper,4-9-6,160,121,81
Reliance Acrylic Washable Distemper,5-9-1,234,220,205
Reliance Acrylic Washable Distemper,5-9-2,217,208,199
Reliance Acrylic Washable Distemper,5-9-3,190,176,160
Reliance Acrylic Washable Distemper,5-9-4,169,150,129
Reliance Acrylic Washable Distemper,5-9-5,142,117,95
Reliance Acrylic Washable Distemper,1-10-1,240,233,207
Reliance Acrylic Washable Distemper,1-10-3,252,221,149
Reliance Acrylic Washable Distemper,1-10-5,254,206,105
Reliance Acrylic Washable Distemper,4-10-2,226,216,194
Reliance Acrylic Washable Distemper,4-10-4,198,175,140
Reliance Acrylic Washable Distemper,4-10-5,177,153,115
Reliance Acrylic Washable Distemper,4-10-6,164,134,88
Reliance Acrylic Washable Distemper,5-10-1,237,229,216
Reliance Acrylic Washable Distemper,5-10-2,219,209,195
Reliance Acrylic Washable Distemper,5-10-3,200,186,166
Reliance Acrylic Washable Distemper,5-10-4,166,151,133
Reliance Acrylic Washable Distemper,5-10-5,151,126,99
Reliance Acrylic Washable Distemper,5-10-7,101,88,74
Reliance Acrylic Washable Distemper,1-11-1,240,234,207
Reliance Acrylic Washable Distemper,1-11-2,247,233,180
Reliance Acrylic Washable Distemper,1-11-3,251,224,145
Reliance Acrylic Washable Distemper,1-11-4,252,214,104
Reliance Acrylic Washable Distemper,1-11-5,252,209,103
Reliance Acrylic Washable Distemper,3-11-2,234,221,189
Reliance Acrylic Washable Distemper,3-11-3,231,216,175
Reliance Acrylic Washable Distemper,3-11-4,223,203,151
Reliance Acrylic Washable Distemper,3-11-5,209,181,115
Reliance Acrylic Washable Distemper,3-11-6,187,152,71
Reliance Acrylic Washable Distemper,4-11-2,222,212,188
Reliance Acrylic Washable Distemper,4-11-3,215,199,161
Reliance Acrylic Washable Distemper,4-11-4,201,182,141
Reliance Acrylic Washable Distemper,4-11-5,183,163,116
Reliance Acrylic Washable Distemper,4-11-6,171,145,89
Reliance Acrylic Washable Distemper,5-11-2,224,216,202
Reliance Acrylic Washable Distemper,5-11-3,201,187,168
Reliance Acrylic Washable Distemper,5-11-4,174,158,134
Reliance Acrylic Washable Distemper,5-11-5,148,130,104
Reliance Acrylic Washable Distemper,5-11-7,102,89,76
Reliance Acrylic Washable Distemper,1-12-1,240,237,208
Reliance Acrylic Washable Distemper,1-12-2,249,235,179
Reliance Acrylic Washable Distemper,1-12-4,253,221,117
Reliance Acrylic Washable Distemper,1-12-5,245,215,109
Reliance Acrylic Washable Distemper,3-12-2,231,222,189
Reliance Acrylic Washable Distemper,3-12-3,228,212,158
Reliance Acrylic Washable Distemper,3-12-4,222,201,132
Reliance Acrylic Washable Distemper,3-12-5,205,180,108
Reliance Acrylic Washable Distemper,3-12-6,198,163,82
Reliance Acrylic Washable Distemper,5-12-2,209,204,191
Reliance Acrylic Washable Distemper,5-12-3,198,192,176
Reliance Acrylic Washable Distemper,5-12-4,176,170,157
Reliance Acrylic Washable Distemper,5-12-5,149,142,127
Reliance Acrylic Washable Distemper,5-12-6,115,107,91
Reliance Acrylic Washable Distemper,3-13-2,234,223,185
Reliance Acrylic Washable Distemper,3-13-3,230,222,174
Reliance Acrylic Washable Distemper,3-13-4,229,213,152
Reliance Acrylic Washable Distemper,3-13-5,212,194,121
Reliance Acrylic Washable Distemper,3-13-6,199,172,83
Reliance Acrylic Washable Distemper,4-13-2,223,216,182
Reliance Acrylic Washable Distemper,4-13-3,217,207,165
Reliance Acrylic Washable Distemper,4-13-4,203,190,141
Reliance Acrylic Washable Distemper,4-13-5,188,173,118
Reliance Acrylic Washable Distemper,4-13-6,172,152,93
Reliance Acrylic Washable Distemper,5-13-2,216,212,197
Reliance Acrylic Washable Distemper,5-13-3,199,187,164
Reliance Acrylic Washable Distemper,5-13-4,176,163,137
Reliance Acrylic Washable Distemper,5-13-5,157,140,110
Reliance Acrylic Washable Distemper,5-13-6,132,113,80
Reliance Acrylic Washable Distemper,5-13-7,103,90,72
Reliance Acrylic Washable Distemper,3-14-2,225,224,187
Reliance Acrylic Washable Distemper,3-14-3,227,220,167
Reliance Acrylic Washable Distemper,3-14-4,226,216,158
Reliance Acrylic Washable Distemper,3-14-5,213,198,125
Reliance Acrylic Washable Distemper,3-14-6,189,172,89
Reliance Acrylic Washable Distemper,4-14-6,171,159,99
Reliance Acrylic Washable Distemper,4-14-5,188,178,121
Reliance Acrylic Washable Distemper,4-14-4,202,194,142
Reliance Acrylic Washable Distemper,4-14-3,216,209,163
Reliance Acrylic Washable Distemper,4-14-2,224,220,186
Reliance Acrylic Washable Distemper,5-14-2,219,212,192
Reliance Acrylic Washable Distemper,5-14-3,205,197,174
Reliance Acrylic Washable Distemper,5-14-4,180,169,138
Reliance Acrylic Washable Distemper,5-14-5,157,142,109
Reliance Acrylic Washable Distemper,5-14-6,134,117,83
Reliance Acrylic Washable Distemper,5-14-7,103,92,74
Reliance Acrylic Washable Distemper,1-15-1,235,234,214
Reliance Acrylic Washable Distemper,2-15-2,237,236,200
Reliance Acrylic Washable Distemper,2-15-4,234,228,159
Reliance Acrylic Washable Distemper,2-15-5,221,209,120
Reliance Acrylic Washable Distemper,3-15-1,234,234,212
Reliance Acrylic Washable Distemper,3-15-2,221,221,169
Reliance Acrylic Washable Distemper,3-15-3,217,210,143
Reliance Acrylic Washable Distemper,3-15-4,206,198,126
Reliance Acrylic Washable Distemper,3-15-5,204,189,106
Reliance Acrylic Washable Distemper,3-15-6,181,168,89
Reliance Acrylic Washable Distemper,4-15-2,222,222,188
Reliance Acrylic Washable Distemper,4-15-3,212,209,167
Reliance Acrylic Washable Distemper,4-15-4,201,195,143
Reliance Acrylic Washable Distemper,4-15-5,179,175,119
Reliance Acrylic Washable Distemper,4-15-6,166,157,97
Reliance Acrylic Washable Distemper,5-15-1,230,227,218
Reliance Acrylic Washable Distemper,5-15-2,210,206,196
Reliance Acrylic Washable Distemper,5-15-3,186,182,171
Reliance Acrylic Washable Distemper,5-15-4,162,161,154
Reliance Acrylic Washable Distemper,5-15-5,139,137,128
Reliance Acrylic Washable Distemper,5-15-6,110,107,97
Reliance Acrylic Washable Distemper,1-16-5,220,224,111
Reliance Acrylic Washable Distemper,1-16-6,204,207,56
Reliance Acrylic Washable Distemper,3-16-3,221,224,178
Reliance Acrylic Washable Distemper,3-16-4,208,209,144
Reliance Acrylic Washable Distemper,3-16-5,199,196,125
Reliance Acrylic Washable Distemper,3-16-7,147,140,55
Reliance Acrylic Washable Distemper,5-16-2,220,219,196
Reliance Acrylic Washable Distemper,5-16-3,196,194,164
Reliance Acrylic Washable Distemper,5-16-4,179,174,139
Reliance Acrylic Washable Distemper,5-16-6,123,115,83
Reliance Acrylic Washable Distemper,1-17-5,192,217,116
Reliance Acrylic Washable Distemper,1-17-6,172,204,73
Reliance Acrylic Washable Distemper,3-17-1,231,236,194
Reliance Acrylic Washable Distemper,3-17-2,220,228,195
Reliance Acrylic Washable Distemper,3-17-3,212,223,180
Reliance Acrylic Washable Distemper,3-17-4,191,204,143
Reliance Acrylic Washable Distemper,3-17-5,186,194,124
Reliance Acrylic Washable Distemper,3-17-6,158,169,88
Reliance Acrylic Washable Distemper,4-17-2,211,219,192
Reliance Acrylic Washable Distemper,4-17-3,200,207,169
Reliance Acrylic Washable Distemper,4-17-4,175,187,142
Reliance Acrylic Washable Distemper,4-17-5,166,175,122
Reliance Acrylic Washable Distemper,4-17-6,144,153,96
Reliance Acrylic Washable Distemper,5-17-2,217,219,197
Reliance Acrylic Washable Distemper,5-17-3,191,195,166
Reliance Acrylic Washable Distemper,5-17-4,165,169,137
Reliance Acrylic Washable Distemper,5-17-5,142,144,112
Reliance Acrylic Washable Distemper,5-17-6,108,109,77
Reliance Acrylic Washable Distemper,5-17-7,92,96,81
Reliance Acrylic Washable Distemper,2-18-1,228,236,212
Reliance Acrylic Washable Distemper,2-18-3,214,229,193
Reliance Acrylic Washable Distemper,2-18-4,189,220,164
Reliance Acrylic Washable Distemper,2-18-5,165,201,112
Reliance Acrylic Washable Distemper,2-18-6,138,174,74
Reliance Acrylic Washable Distemper,3-18-3,205,216,177
Reliance Acrylic Washable Distemper,3-18-4,182,200,145
Reliance Acrylic Washable Distemper,3-18-5,156,175,108
Reliance Acrylic Washable Distemper,3-18-6,137,162,83
Reliance Acrylic Washable Distemper,5-18-2,204,210,195
Reliance Acrylic Washable Distemper,5-18-3,180,191,170
Reliance Acrylic Washable Distemper,5-18-4,150,162,132
Reliance Acrylic Washable Distemper,5-18-5,124,136,106
Reliance Acrylic Washable Distemper,5-18-6,94,102,70
Reliance Acrylic Washable Distemper,5-18-7,94,100,77
Reliance Acrylic Washable Distemper,1-19-2,208,227,191
Reliance Acrylic Washable Distemper,1-19-3,197,228,175
Reliance Acrylic Washable Distemper,1-19-5,148,203,104
Reliance Acrylic Washable Distemper,4-19-2,208,217,196
Reliance Acrylic Washable Distemper,4-19-3,192,206,172
Reliance Acrylic Washable Distemper,4-19-4,168,184,144
Reliance Acrylic Washable Distemper,4-19-5,138,163,120
Reliance Acrylic Washable Distemper,4-19-6,123,145,95
Reliance Acrylic Washable Distemper,5-19-2,205,213,199
Reliance Acrylic Washable Distemper,5-19-3,174,186,163
Reliance Acrylic Washable Distemper,5-19-4,149,161,135
Reliance Acrylic Washable Distemper,5-19-5,120,134,103
Reliance Acrylic Washable Distemper,2-20-2,211,229,192
Reliance Acrylic Washable Distemper,2-20-3,193,224,182
Reliance Acrylic Washable Distemper,2-20-4,149,198,120
Reliance Acrylic Washable Distemper,2-20-5,133,184,106
Reliance Acrylic Washable Distemper,2-20-6,117,171,83
Reliance Acrylic Washable Distemper,3-20-2,224,234,217
Reliance Acrylic Washable Distemper,3-20-3,191,214,179
Reliance Acrylic Washable Distemper,3-20-4,181,210,168
Reliance Acrylic Washable Distemper,3-20-5,149,185,129
Reliance Acrylic Washable Distemper,3-20-6,115,152,82
Reliance Acrylic Washable Distemper,4-20-2,207,219,198
Reliance Acrylic Washable Distemper,4-20-3,192,206,176
Reliance Acrylic Washable Distemper,4-20-4,162,183,146
Reliance Acrylic Washable Distemper,4-20-5,135,162,123
Reliance Acrylic Washable Distemper,4-20-6,113,141,93
Reliance Acrylic Washable Distemper,5-20-1,217,216,210
Reliance Acrylic Washable Distemper,5-20-2,195,197,190
Reliance Acrylic Washable Distemper,5-20-3,184,186,178
Reliance Acrylic Washable Distemper,5-20-4,155,158,154
Reliance Acrylic Washable Distemper,5-20-5,129,134,130
Reliance Acrylic Washable Distemper,5-20-6,99,103,97
Reliance Acrylic Washable Distemper,1-21-2,205,228,195
Reliance Acrylic Washable Distemper,1-21-4,177,220,154
Reliance Acrylic Washable Distemper,1-21-5,137,203,113
Reliance Acrylic Washable Distemper,2-21-4,160,206,147
Reliance Acrylic Washable Distemper,2-21-5,123,182,107
Reliance Acrylic Washable Distemper,5-21-1,220,229,214
Reliance Acrylic Washable Distemper,5-21-2,205,212,199
Reliance Acrylic Washable Distemper,5-21-3,174,187,168
Reliance Acrylic Washable Distemper,5-21-4,141,158,134
Reliance Acrylic Washable Distemper,5-21-5,108,128,101
Reliance Acrylic Washable Distemper,3-22-2,219,231,216
Reliance Acrylic Washable Distemper,3-22-3,190,215,186
Reliance Acrylic Washable Distemper,3-22-4,176,206,169
Reliance Acrylic Washable Distemper,3-22-5,142,181,131
Reliance Acrylic Washable Distemper,3-22-6,100,144,81
Reliance Acrylic Washable Distemper,5-22-2,202,211,199
Reliance Acrylic Washable Distemper,5-22-3,168,181,161
Reliance Acrylic Washable Distemper,5-22-4,139,157,135
Reliance Acrylic Washable Distemper,5-22-5,104,123,99
Reliance Acrylic Washable Distemper,2-23-3,181,221,183
Reliance Acrylic Washable Distemper,2-23-4,152,204,149
Reliance Acrylic Washable Distemper,2-23-5,105,177,112
Reliance Acrylic Washable Distemper,5-23-2,198,209,198
Reliance Acrylic Washable Distemper,5-23-3,172,187,170
Reliance Acrylic Washable Distemper,5-23-4,136,157,136
Reliance Acrylic Washable Distemper,5-23-5,105,126,102
Reliance Acrylic Washable Distemper,1-24-3,177,225,184
Reliance Acrylic Washable Distemper,1-24-4,138,207,156
Reliance Acrylic Washable Distemper,1-24-5,93,190,130
Reliance Acrylic Washable Distemper,1-24-7,37,159,94
Reliance Acrylic Washable Distemper,2-24-3,172,220,188
Reliance Acrylic Washable Distemper,2-24-4,132,201,155
Reliance Acrylic Washable Distemper,2-24-5,91,169,120
Reliance Acrylic Washable Distemper,2-24-6,51,151,92
Reliance Acrylic Washable Distemper,4-24-1,218,231,216
Reliance Acrylic Washable Distemper,4-24-2,193,213,192
Reliance Acrylic Washable Distemper,4-24-3,178,200,175
Reliance Acrylic Washable Distemper,4-24-4,148,180,149
Reliance Acrylic Washable Distemper,4-24-5,123,158,124
Reliance Acrylic Washable Distemper,4-24-6,94,133,94
Reliance Acrylic Washable Distemper,5-24-2,204,217,204
Reliance Acrylic Washable Distemper,5-24-3,171,187,171
Reliance Acrylic Washable Distemper,5-24-4,139,158,140
Reliance Acrylic Washable Distemper,5-24-5,103,127,105
Reliance Acrylic Washable Distemper,2-25-1,216,235,221
Reliance Acrylic Washable Distemper,2-25-2,209,235,221
Reliance Acrylic Washable Distemper,2-25-3,173,218,191
Reliance Acrylic Washable Distemper,2-25-4,127,195,162
Reliance Acrylic Washable Distemper,2-25-5,75,167,134
Reliance Acrylic Washable Distemper,2-25-6,30,145,107
Reliance Acrylic Washable Distemper,5-25-1,225,232,222
Reliance Acrylic Washable Distemper,5-25-2,202,215,204
Reliance Acrylic Washable Distemper,5-25-3,165,185,172
Reliance Acrylic Washable Distemper,5-25-4,133,156,138
Reliance Acrylic Washable Distemper,5-25-5,94,123,103
Reliance Acrylic Washable Distemper,1-26-2,198,233,221
Reliance Acrylic Washable Distemper,1-26-3,164,226,208
Reliance Acrylic Washable Distemper,1-26-4,114,205,185
Reliance Acrylic Washable Distemper,1-26-5,70,189,163
Reliance Acrylic Washable Distemper,1-26-6,0,172,147
Reliance Acrylic Washable Distemper,1-26-7,0,159,133
Reliance Acrylic Washable Distemper,3-26-3,192,219,206
Reliance Acrylic Washable Distemper,3-26-4,150,199,176
Reliance Acrylic Washable Distemper,3-26-5,101,170,141
Reliance Acrylic Washable Distemper,3-26-6,49,131,99
Reliance Acrylic Washable Distemper,4-26-3,166,193,177
Reliance Acrylic Washable Distemper,4-26-4,135,176,157
Reliance Acrylic Washable Distemper,4-26-5,104,149,126
Reliance Acrylic Washable Distemper,4-26-6,65,121,99
Reliance Acrylic Washable Distemper,5-26-2,202,215,206
Reliance Acrylic Washable Distemper,5-26-3,165,187,176
Reliance Acrylic Washable Distemper,5-26-4,129,157,144
Reliance Acrylic Washable Distemper,5-26-5,94,124,110
Reliance Acrylic Washable Distemper,5-26-7,77,92,85
Reliance Acrylic Washable Distemper,2-27-1,209,227,227
Reliance Acrylic Washable Distemper,2-27-3,158,210,202
Reliance Acrylic Washable Distemper,2-27-4,106,194,185
Reliance Acrylic Washable Distemper,2-27-5,23,164,150
Reliance Acrylic Washable Distemper,2-27-7,0,121,116
Reliance Acrylic Washable Distemper,4-27-2,195,216,207
Reliance Acrylic Washable Distemper,4-27-3,159,191,179
Reliance Acrylic Washable Distemper,4-27-4,125,169,157
Reliance Acrylic Washable Distemper,4-27-5,96,146,133
Reliance Acrylic Washable Distemper,4-27-6,64,121,106
Reliance Acrylic Washable Distemper,5-27-1,218,229,219
Reliance Acrylic Washable Distemper,5-27-2,197,212,204
Reliance Acrylic Washable Distemper,5-27-3,167,191,183
Reliance Acrylic Washable Distemper,5-27-4,127,155,146
Reliance Acrylic Washable Distemper,5-27-5,94,126,118
Reliance Acrylic Washable Distemper,5-27-7,78,95,91
Reliance Acrylic Washable Distemper,1-28-1,226,232,230
Reliance Acrylic Washable Distemper,1-28-2,198,230,231
Reliance Acrylic Washable Distemper,1-28-3,156,223,220
Reliance Acrylic Washable Distemper,1-28-4,119,208,208
Reliance Acrylic Washable Distemper,1-28-5,39,183,186
Reliance Acrylic Washable Distemper,1-28-6,0,167,171
Reliance Acrylic Washable Distemper,2-29-3,157,213,217
Reliance Acrylic Washable Distemper,2-29-4,108,191,199
Reliance Acrylic Washable Distemper,2-29-5,53,160,171
Reliance Acrylic Washable Distemper,2-29-6,0,143,157
Reliance Acrylic Washable Distemper,4-29-2,201,222,219
Reliance Acrylic Washable Distemper,4-29-3,161,201,199
Reliance Acrylic Washable Distemper,4-29-4,128,174,173
Reliance Acrylic Washable Distemper,4-29-5,92,148,147
Reliance Acrylic Washable Distemper,4-29-6,61,116,117
Reliance Acrylic Washable Distemper,5-29-2,184,191,187
Reliance Acrylic Washable Distemper,5-29-3,174,181,178
Reliance Acrylic Washable Distemper,5-29-4,152,160,160
Reliance Acrylic Washable Distemper,5-29-5,125,133,134
Reliance Acrylic Washable Distemper,5-29-6,91,99,98
Reliance Acrylic Washable Distemper,1-30-2,194,225,225
Reliance Acrylic Washable Distemper,1-30-4,108,201,214
Reliance Acrylic Washable Distemper,1-30-3,158,219,228
Reliance Acrylic Washable Distemper,1-30-5,80,189,208
Reliance Acrylic Washable Distemper,1-30-6,30,161,178
Reliance Acrylic Washable Distemper,1-30-7,0,146,171
Reliance Acrylic Washable Distemper,3-30-2,191,222,224
Reliance Acrylic Washable Distemper,3-30-3,166,207,211
Reliance Acrylic Washable Distemper,3-30-4,120,183,190
Reliance Acrylic Washable Distemper,3-30-5,67,145,153
Reliance Acrylic Washable Distemper,3-30-6,29,126,137
Reliance Acrylic Washable Distemper,4-30-2,197,219,219
Reliance Acrylic Washable Distemper,4-30-3,160,194,196
Reliance Acrylic Washable Distemper,4-30-4,122,169,173
Reliance Acrylic Washable Distemper,4-30-5,92,146,152
Reliance Acrylic Washable Distemper,4-30-6,58,116,122
Reliance Acrylic Washable Distemper,5-31-1,226,234,233
Reliance Acrylic Washable Distemper,5-31-2,200,212,214
Reliance Acrylic Washable Distemper,5-31-3,159,180,184
Reliance Acrylic Washable Distemper,5-31-4,131,156,162
Reliance Acrylic Washable Distemper,5-31-5,86,120,126
Reliance Acrylic Washable Distemper,5-31-6,61,93,101
Reliance Acrylic Washable Distemper,5-31-7,73,91,95
Reliance Acrylic Washable Distemper,1-32-2,195,224,230
Reliance Acrylic Washable Distemper,1-32-3,156,211,229
Reliance Acrylic Washable Distemper,1-32-4,116,194,221
Reliance Acrylic Washable Distemper,1-32-5,51,165,203
Reliance Acrylic Washable Distemper,1-32-6,0,151,192
Reliance Acrylic Washable Distemper,1-32-7,0,133,169
Reliance Acrylic Washable Distemper,1-33-2,186,219,229
Reliance Acrylic Washable Distemper,1-33-4,133,198,226
Reliance Acrylic Washable Distemper,1-33-5,72,174,213
Reliance Acrylic Washable Distemper,1-33-6,0,146,199
Reliance Acrylic Washable Distemper,1-33-7,0,126,177
Reliance Acrylic Washable Distemper,3-33-2,189,213,223
Reliance Acrylic Washable Distemper,3-33-3,167,199,216
Reliance Acrylic Washable Distemper,3-33-4,140,180,203
Reliance Acrylic Washable Distemper,3-33-5,91,149,180
Reliance Acrylic Washable Distemper,4-33-2,188,205,210
Reliance Acrylic Washable Distemper,4-33-3,162,192,204
Reliance Acrylic Washable Distemper,4-33-4,129,166,180
Reliance Acrylic Washable Distemper,4-33-5,95,139,157
Reliance Acrylic Washable Distemper,4-33-6,64,110,131
Reliance Acrylic Washable Distemper,1-34-1,215,231,234
Reliance Acrylic Washable Distemper,1-34-2,191,216,229
Reliance Acrylic Washable Distemper,1-34-3,162,203,229
Reliance Acrylic Washable Distemper,1-34-4,116,179,219
Reliance Acrylic Washable Distemper,1-34-5,69,151,205
Reliance Acrylic Washable Distemper,1-34-6,40,138,198
Reliance Acrylic Washable Distemper,1-34-7,0,114,173
Reliance Acrylic Washable Distemper,5-34-1,227,230,229
Reliance Acrylic Washable Distemper,5-34-2,196,205,208
Reliance Acrylic Washable Distemper,5-34-3,159,175,184
Reliance Acrylic Washable Distemper,5-34-4,126,147,159
Reliance Acrylic Washable Distemper,5-34-5,90,113,128
Reliance Acrylic Washable Distemper,5-34-6,64,77,89
Reliance Acrylic Washable Distemper,5-34-7,74,85,94
Reliance Acrylic Washable Distemper,3-35-3,169,197,213
Reliance Acrylic Washable Distemper,3-35-4,123,163,189
Reliance Acrylic Washable Distemper,3-35-5,75,127,161
Reliance Acrylic Washable Distemper,3-35-6,37,108,150
Reliance Acrylic Washable Distemper,4-35-2,203,212,218
Reliance Acrylic Washable Distemper,4-35-3,163,184,200
Reliance Acrylic Washable Distemper,4-35-4,133,158,175
Reliance Acrylic Washable Distemper,4-35-5,100,132,157
Reliance Acrylic Washable Distemper,4-35-6,69,101,130
Reliance Acrylic Washable Distemper,3-36-2,196,213,224
Reliance Acrylic Washable Distemper,1-36-3,166,192,226
Reliance Acrylic Washable Distemper,1-36-4,135,162,209
Reliance Acrylic Washable Distemper,1-36-5,97,136,194
Reliance Acrylic Washable Distemper,1-36-6,80,114,181
Reliance Acrylic Washable Distemper,1-36-7,57,94,160
Reliance Acrylic Washable Distemper,3-36-1,210,217,220
Reliance Acrylic Washable Distemper,3-36-3,170,190,208
Reliance Acrylic Washable Distemper,3-36-4,128,155,188
Reliance Acrylic Washable Distemper,3-36-5,85,114,150
Reliance Acrylic Washable Distemper,5-36-2,194,201,205
Reliance Acrylic Washable Distemper,5-36-3,162,171,181
Reliance Acrylic Washable Distemper,5-36-4,119,133,148
Reliance Acrylic Washable Distemper,5-36-5,86,99,118
Reliance Acrylic Washable Distemper,2-37-2,204,211,224
Reliance Acrylic Washable Distemper,2-37-3,167,185,216
Reliance Acrylic Washable Distemper,2-37-4,133,152,198
Reliance Acrylic Washable Distemper,2-37-5,97,113,169
Reliance Acrylic Washable Distemper,2-37-6,80,95,156
Reliance Acrylic Washable Distemper,4-37-2,194,203,212
Reliance Acrylic Washable Distemper,4-37-3,163,178,195
Reliance Acrylic Washable Distemper,4-37-4,134,147,171
Reliance Acrylic Washable Distemper,4-37-5,105,120,150
Reliance Acrylic Washable Distemper,5-37-2,220,222,220
Reliance Acrylic Washable Distemper,5-37-3,196,200,202
Reliance Acrylic Washable Distemper,5-37-4,145,153,160
Reliance Acrylic Washable Distemper,5-37-5,108,115,122
Reliance Acrylic Washable Distemper,5-37-6,89,95,102
Reliance Acrylic Washable Distemper,1-38-3,173,184,221
Reliance Acrylic Washable Distemper,1-38-4,147,156,209
Reliance Acrylic Washable Distemper,1-38-5,122,126,192
Reliance Acrylic Washable Distemper,1-38-6,110,111,177
Reliance Acrylic Washable Distemper,5-38-2,198,203,211
Reliance Acrylic Washable Distemper,5-38-3,161,167,179
Reliance Acrylic Washable Distemper,5-38-4,125,129,147
Reliance Acrylic Washable Distemper,2-39-2,213,215,228
Reliance Acrylic Washable Distemper,2-39-3,181,181,213
Reliance Acrylic Washable Distemper,2-39-4,151,148,190
Reliance Acrylic Washable Distemper,2-39-5,118,111,168
Reliance Acrylic Washable Distemper,2-39-6,104,93,152
Reliance Acrylic Washable Distemper,3-39-2,197,202,220
Reliance Acrylic Washable Distemper,3-39-3,173,180,201
Reliance Acrylic Washable Distemper,3-39-4,144,147,182
Reliance Acrylic Washable Distemper,3-39-5,104,106,148
Reliance Acrylic Washable Distemper,4-39-1,219,219,226
Reliance Acrylic Washable Distemper,4-39-2,196,199,209
Reliance Acrylic Washable Distemper,4-39-3,168,175,193
Reliance Acrylic Washable Distemper,4-39-4,140,145,170
Reliance Acrylic Washable Distemper,4-39-5,109,116,145
Reliance Acrylic Washable Distemper,4-39-6,88,89,123
Reliance Acrylic Washable Distemper,5-39-2,196,195,204
Reliance Acrylic Washable Distemper,5-39-3,165,166,179
Reliance Acrylic Washable Distemper,5-39-4,129,130,148
Reliance Acrylic Washable Distemper,1-40-2,204,201,228
Reliance Acrylic Washable Distemper,1-40-3,190,185,219
Reliance Acrylic Washable Distemper,1-40-4,170,158,209
Reliance Acrylic Washable Distemper,1-40-5,142,125,190
Reliance Acrylic Washable Distemper,1-40-6,127,102,171
Reliance Acrylic Washable Distemper,4-40-2,196,200,211
Reliance Acrylic Washable Distemper,4-40-3,174,174,195
Reliance Acrylic Washable Distemper,4-40-4,146,148,172
Reliance Acrylic Washable Distemper,4-40-5,126,122,148
Reliance Acrylic Washable Distemper,5-40-2,200,203,209
Reliance Acrylic Washable Distemper,5-40-3,165,164,178
Reliance Acrylic Washable Distemper,5-40-4,130,128,144
Reliance Acrylic Washable Distemper,5-40-6,74,71,87
Reliance Acrylic Washable Distemper,5-40-7,86,87,96
Reliance Acrylic Washable Distemper,2-41-1,227,220,228
Reliance Acrylic Washable Distemper,2-41-2,216,209,222
Reliance Acrylic Washable Distemper,2-41-3,191,180,212
Reliance Acrylic Washable Distemper,2-41-4,173,148,196
Reliance Acrylic Washable Distemper,2-41-5,139,113,166
Reliance Acrylic Washable Distemper,2-41-6,122,93,148
Reliance Acrylic Washable Distemper,3-41-2,204,200,215
Reliance Acrylic Washable Distemper,3-41-3,189,184,208
Reliance Acrylic Washable Distemper,3-41-4,169,164,195
Reliance Acrylic Washable Distemper,3-41-5,137,126,167
Reliance Acrylic Washable Distemper,3-41-6,99,83,127
Reliance Acrylic Washable Distemper,4-41-2,205,201,211
Reliance Acrylic Washable Distemper,4-41-3,178,172,191
Reliance Acrylic Washable Distemper,4-41-4,149,146,170
Reliance Acrylic Washable Distemper,4-41-5,119,117,147
Reliance Acrylic Washable Distemper,4-41-6,99,88,119
Reliance Acrylic Washable Distemper,5-41-1,218,217,216
Reliance Acrylic Washable Distemper,5-41-2,204,203,209
Reliance Acrylic Washable Distemper,5-41-3,165,161,175
Reliance Acrylic Washable Distemper,5-41-4,139,134,151
Reliance Acrylic Washable Distemper,5-41-5,111,100,120
Reliance Acrylic Washable Distemper,1-42-2,220,210,227
Reliance Acrylic Washable Distemper,1-42-3,213,187,223
Reliance Acrylic Washable Distemper,1-42-4,188,157,206
Reliance Acrylic Washable Distemper,1-42-5,165,128,186
Reliance Acrylic Washable Distemper,1-42-6,154,111,170
Reliance Acrylic Washable Distemper,5-42-1,216,214,217
Reliance Acrylic Washable Distemper,5-42-2,204,198,205
Reliance Acrylic Washable Distemper,5-42-3,174,166,179
Reliance Acrylic Washable Distemper,5-42-4,145,133,145
Reliance Acrylic Washable Distemper,5-42-5,114,102,123
Reliance Acrylic Washable Distemper,1-43-2,223,212,229
Reliance Acrylic Washable Distemper,1-43-3,212,184,216
Reliance Acrylic Washable Distemper,1-43-4,198,159,206
Reliance Acrylic Washable Distemper,2-43-2,224,200,218
Reliance Acrylic Washable Distemper,2-43-3,215,179,209
Reliance Acrylic Washable Distemper,2-43-4,197,156,194
Reliance Acrylic Washable Distemper,2-43-5,191,132,177
Reliance Acrylic Washable Distemper,2-43-6,159,90,142
Reliance Acrylic Washable Distemper,3-43-2,215,203,215
Reliance Acrylic Washable Distemper,3-43-3,201,183,205
Reliance Acrylic Washable Distemper,3-43-4,176,147,179
Reliance Acrylic Washable Distemper,3-43-5,144,109,149
Reliance Acrylic Washable Distemper,4-43-1,219,214,221
Reliance Acrylic Washable Distemper,4-43-2,206,201,214
Reliance Acrylic Washable Distemper,4-43-3,187,179,197
Reliance Acrylic Washable Distemper,4-43-4,158,146,170
Reliance Acrylic Washable Distemper,4-43-5,135,120,148
Reliance Acrylic Washable Distemper,5-43-1,223,213,215
Reliance Acrylic Washable Distemper,5-43-2,212,205,211
Reliance Acrylic Washable Distemper,5-43-3,181,172,184
Reliance Acrylic Washable Distemper,5-43-4,148,134,148
Reliance Acrylic Washable Distemper,5-43-5,122,103,120
Reliance Acrylic Washable Distemper,2-44-3,224,187,213
Reliance Acrylic Washable Distemper,2-44-4,203,154,189
Reliance Acrylic Washable Distemper,2-44-5,180,116,162
Reliance Acrylic Washable Distemper,2-44-6,162,88,135
Reliance Acrylic Washable Distemper,3-44-2,226,214,222
Reliance Acrylic Washable Distemper,3-44-3,206,180,203
Reliance Acrylic Washable Distemper,3-44-4,182,148,178
Reliance Acrylic Washable Distemper,3-44-6,131,85,123
Reliance Acrylic Washable Distemper,1-45-2,238,221,230
Reliance Acrylic Washable Distemper,1-45-3,231,197,221
Reliance Acrylic Washable Distemper,1-45-4,231,172,210
Reliance Acrylic Washable Distemper,1-45-5,223,141,190
Reliance Acrylic Washable Distemper,1-45-6,203,106,165
Reliance Acrylic Washable Distemper,3-45-2,217,194,204
Reliance Acrylic Washable Distemper,3-45-4,184,146,172
Reliance Acrylic Washable Distemper,3-45-5,161,108,141
Reliance Acrylic Washable Distemper,5-45-2,214,206,208
Reliance Acrylic Washable Distemper,5-45-3,189,173,186
Reliance Acrylic Washable Distemper,5-45-4,160,141,153
Reliance Acrylic Washable Distemper,5-45-5,126,113,126
Reliance Acrylic Washable Distemper,5-45-7,96,84,89
Reliance Acrylic Washable Distemper,2-46-2,235,212,220
Reliance Acrylic Washable Distemper,2-46-3,225,176,197
Reliance Acrylic Washable Distemper,2-46-4,210,151,176
Reliance Acrylic Washable Distemper,2-46-5,185,111,146
Reliance Acrylic Washable Distemper,5-46-2,216,204,208
Reliance Acrylic Washable Distemper,5-46-3,189,174,181
Reliance Acrylic Washable Distemper,5-46-4,161,141,152
Reliance Acrylic Washable Distemper,5-46-5,134,115,128
Reliance Acrylic Washable Distemper,1-47-2,245,230,231
Reliance Acrylic Washable Distemper,1-47-3,242,199,216
Reliance Acrylic Washable Distemper,1-47-4,236,168,199
Reliance Acrylic Washable Distemper,1-47-5,217,122,163
Reliance Acrylic Washable Distemper,1-47-6,201,101,146
Reliance Acrylic Washable Distemper,3-47-1,232,220,224
Reliance Acrylic Washable Distemper,3-47-2,233,209,216
Reliance Acrylic Washable Distemper,3-47-3,224,188,201
Reliance Acrylic Washable Distemper,3-47-4,196,154,172
Reliance Acrylic Washable Distemper,3-47-6,151,82,112
Reliance Acrylic Washable Distemper,4-47-1,236,226,229
Reliance Acrylic Washable Distemper,4-47-2,219,205,209
Reliance Acrylic Washable Distemper,4-47-3,206,174,186
Reliance Acrylic Washable Distemper,4-47-4,184,145,158
Reliance Acrylic Washable Distemper,4-47-5,162,121,137
Reliance Acrylic Washable Distemper,1-48-2,238,225,225
Reliance Acrylic Washable Distemper,1-48-3,240,181,197
Reliance Acrylic Washable Distemper,1-48-5,221,124,157
Reliance Acrylic Washable Distemper,1-48-6,212,102,138
Reliance Acrylic Washable Distemper,3-48-2,232,207,214
Reliance Acrylic Washable Distemper,3-48-3,221,180,193
Reliance Acrylic Washable Distemper,3-48-4,201,143,160
Reliance Acrylic Washable Distemper,3-48-5,172,101,121
Reliance Acrylic Washable Distemper,4-48-1,235,218,221
Reliance Acrylic Washable Distemper,4-48-2,218,197,200
Reliance Acrylic Washable Distemper,4-48-4,188,152,157
Reliance Acrylic Washable Distemper,4-48-5,165,123,131
Reliance Acrylic Washable Distemper,4-48-6,139,90,98
Reliance Acrylic Washable Distemper,5-48-2,217,207,209
Reliance Acrylic Washable Distemper,5-48-3,194,177,182
Reliance Acrylic Washable Distemper,5-48-4,167,143,149
Reliance Acrylic Washable Distemper,5-48-5,138,113,120
Reliance Acrylic Washable Distemper,5-48-6,107,79,86
Reliance Acrylic Washable Distemper,5-48-7,100,84,85
Reliance Acrylic Washable Distemper,4-49-2,223,205,210
Reliance Acrylic Washable Distemper,4-49-3,204,178,184
Reliance Acrylic Washable Distemper,4-49-4,188,149,162
Reliance Acrylic Washable Distemper,4-49-5,162,124,136
Reliance Acrylic Washable Distemper,4-49-6,129,89,102
Reliance Acrylic Washable Distemper,1-50-3,248,187,191
Reliance Acrylic Washable Distemper,1-50-4,238,155,161
Reliance Acrylic Washable Distemper,3-50-2,230,204,205
Reliance Acrylic Washable Distemper,3-50-3,226,188,191
Reliance Acrylic Washable Distemper,3-50-4,203,152,155
Reliance Acrylic Washable Distemper,3-50-5,176,107,114
Reliance Acrylic Washable Distemper,3-50-6,161,79,89
Reliance Acrylic Washable Distemper,4-50-2,220,201,202
Reliance Acrylic Washable Distemper,4-50-3,204,177,178
Reliance Acrylic Washable Distemper,4-50-4,187,151,154
Reliance Acrylic Washable Distemper,4-50-5,165,122,125
Reliance Acrylic Washable Distemper,4-50-6,143,92,95
Reliance Acrylic Washable Distemper,5-50-2,222,208,207
Reliance Acrylic Washable Distemper,5-50-3,194,175,174
Reliance Acrylic Washable Distemper,5-50-4,167,143,146
Reliance Acrylic Washable Distemper,5-50-5,140,105,108
Reliance Acrylic Washable Distemper,5-50-7,100,83,85
Reliance Acrylic Washable Distemper,4-47-6,130,84,103
Reliance Acrylic Washable Distemper,3-1-6,168,83,81
Reliance Acrylic Washable Distemper,4-43-6,110,91,122
Reliance Acrylic Washable Distemper,4-40-6,94,88,121
Reliance Acrylic Washable Distemper,2-29-7,0,124,135
Reliance Acrylic Washable Distemper,5-10-6,121,100,73
Reliance Acrylic Washable Distemper,3-35-7,26,84,123
Reliance Acrylic Washable Distemper,4-37-6,74,91,123
Reliance Acrylic Washable Distemper,3-33-7,25,86,121
Reliance Acrylic Washable Distemper,3-47-5,169,102,128
Reliance Acrylic Washable Distemper,2-27-6,0,144,134
Reliance Acrylic Washable Distemper,5-21-7,88,94,79
Reliance Acrylic Washable Distemper,5-40-5,100,94,114
Reliance Acrylic Washable Distemper,5-6-7,100,85,76
Reliance Acrylic Washable Distemper,1-24-6,67,177,111
Reliance Acrylic Washable Distemper,5-11-6,123,102,76
Reliance Acrylic Washable Distemper,5-39-5,97,94,112
Reliance Acrylic Washable Distemper,1-7-4,254,192,149
Reliance Acrylic Washable Distemper,4-2-6,174,103,105
Reliance Acrylic Washable Distemper,5-38-5,89,93,113
Reliance Acrylic Washable Distemper,1-28-7,0,148,151
Reliance Acrylic Washable Distemper,3-33-6,41,110,151
Reliance Acrylic Washable Distemper,1-43-6,172,112,174
Reliance Acrylic Washable Distemper,5-12-7,103,93,77
Reliance Acrylic Washable Distemper,3-36-6,61,95,139
Reliance Acrylic Washable Distemper,2-2-7,190,88,87
Reliance Acrylic Washable Distemper,2-23-6,79,155,86
Reliance Acrylic Washable Distemper,2-8-6,218,140,75
Reliance Acrylic Washable Distemper,1-1-3,250,183,175
Reliance Acrylic Washable Distemper,1-1-4,249,153,148
Reliance Acrylic Washable Distemper,1-1-6,228,99,99
Reliance Acrylic Washable Distemper,1-1-7,208,75,78
Reliance Acrylic Washable Distemper,2-2-1,250,237,231
Reliance Acrylic Washable Distemper,1-3-1,244,231,224
Reliance Acrylic Washable Distemper,1-3-4,250,159,137
Reliance Acrylic Washable Distemper,2-4-1,247,234,221
Reliance Acrylic Washable Distemper,2-4-4,242,174,152
Reliance Acrylic Washable Distemper,3-4-1,243,228,215
Reliance Acrylic Washable Distemper,3-4-4,220,171,157
Reliance Acrylic Washable Distemper,4-4-1,239,225,219
Reliance Acrylic Washable Distemper,1-5-3,250,203,182
Reliance Acrylic Washable Distemper,1-5-4,251,186,160
Reliance Acrylic Washable Distemper,1-5-5,251,168,129
Reliance Acrylic Washable Distemper,5-5-1,244,226,216
Reliance Acrylic Washable Distemper,1-7-3,253,206,172
Reliance Acrylic Washable Distemper,1-7-5,254,175,109
Reliance Acrylic Washable Distemper,1-8-4,252,201,145
Reliance Acrylic Washable Distemper,2-9-1,241,234,215
Reliance Acrylic Washable Distemper,2-9-7,205,136,53
Reliance Acrylic Washable Distemper,3-9-1,239,233,220
Reliance Acrylic Washable Distemper,1-10-2,247,229,174
Reliance Acrylic Washable Distemper,1-10-4,254,213,129
Reliance Acrylic Washable Distemper,1-10-6,249,188,62
Reliance Acrylic Washable Distemper,1-10-7,244,172,41
Reliance Acrylic Washable Distemper,4-10-1,240,234,216
Reliance Acrylic Washable Distemper,4-10-3,215,196,169
Reliance Acrylic Washable Distemper,3-11-1,238,230,212
Reliance Acrylic Washable Distemper,4-11-1,234,226,208
Reliance Acrylic Washable Distemper,5-11-1,236,229,218
Reliance Acrylic Washable Distemper,1-12-3,253,231,151
Reliance Acrylic Washable Distemper,3-12-1,237,232,209
Reliance Acrylic Washable Distemper,5-12-1,238,234,221
Reliance Acrylic Washable Distemper,3-13-1,240,236,212
Reliance Acrylic Washable Distemper,4-13-1,246,239,203
Reliance Acrylic Washable Distemper,5-13-1,237,232,217
Reliance Acrylic Washable Distemper,3-14-1,238,237,211
Reliance Acrylic Washable Distemper,4-14-1,241,236,215
Reliance Acrylic Washable Distemper,5-14-1,237,230,214
Reliance Acrylic Washable Distemper,1-15-6,242,218,81
Reliance Acrylic Washable Distemper,1-15-7,229,204,75
Reliance Acrylic Washable Distemper,2-15-1,245,241,216
Reliance Acrylic Washable Distemper,2-15-3,241,232,176
Reliance Acrylic Washable Distemper,2-15-6,208,192,85
Reliance Acrylic Washable Distemper,4-15-1,238,235,216
Reliance Acrylic Washable Distemper,1-16-1,237,240,213
Reliance Acrylic Washable Distemper,3-16-1,240,240,220
Reliance Acrylic Washable Distemper,5-16-1,239,234,215
Reliance Acrylic Washable Distemper,5-16-5,156,148,113
Reliance Acrylic Washable Distemper,1-17-3,223,237,190
Reliance Acrylic Washable Distemper,1-17-4,209,230,157
Reliance Acrylic Washable Distemper,4-17-1,230,235,210
Reliance Acrylic Washable Distemper,5-17-1,227,228,208
Reliance Acrylic Washable Distemper,2-18-2,223,237,203
Reliance Acrylic Washable Distemper,3-18-1,231,235,218
Reliance Acrylic Washable Distemper,3-18-2,217,228,196
Reliance Acrylic Washable Distemper,5-18-1,230,236,221
Reliance Acrylic Washable Distemper,1-19-1,218,235,207
Reliance Acrylic Washable Distemper,1-19-4,188,223,151
Reliance Acrylic Washable Distemper,1-19-6,135,193,75
Reliance Acrylic Washable Distemper,4-19-1,229,237,215
Reliance Acrylic Washable Distemper,5-19-1,230,236,221
Reliance Acrylic Washable Distemper,2-20-1,231,240,205
Reliance Acrylic Washable Distemper,1-1-1,248,226,222
Reliance Acrylic Washable Distemper,3-20-1,231,240,222
Reliance Acrylic Washable Distemper,4-20-1,229,236,216
Reliance Acrylic Washable Distemper,1-21-1,214,236,208
Reliance Acrylic Washable Distemper,1-21-3,196,230,182
Reliance Acrylic Washable Distemper,1-21-6,112,186,79
Reliance Acrylic Washable Distemper,2-21-1,225,236,209
Reliance Acrylic Washable Distemper,2-21-2,213,233,207
Reliance Acrylic Washable Distemper,2-21-3,197,224,187
Reliance Acrylic Washable Distemper,3-22-1,232,238,222
Reliance Acrylic Washable Distemper,5-22-1,226,234,221
Reliance Acrylic Washable Distemper,2-23-1,226,237,222
Reliance Acrylic Washable Distemper,2-23-2,215,235,215
Reliance Acrylic Washable Distemper,4-23-1,223,235,219
Reliance Acrylic Washable Distemper,4-23-2,203,219,200
Reliance Acrylic Washable Distemper,4-23-3,181,201,174
Reliance Acrylic Washable Distemper,4-23-4,151,179,147
Reliance Acrylic Washable Distemper,4-23-5,131,157,120
Reliance Acrylic Washable Distemper,4-23-6,100,136,93
Reliance Acrylic Washable Distemper,5-23-1,226,233,222
Reliance Acrylic Washable Distemper,1-24-1,223,232,220
Reliance Acrylic Washable Distemper,1-24-2,206,236,216
Reliance Acrylic Washable Distemper,2-24-1,221,234,215
Reliance Acrylic Washable Distemper,2-24-2,217,236,217
Reliance Acrylic Washable Distemper,3-24-1,217,235,212
Reliance Acrylic Washable Distemper,3-24-2,212,230,209
Reliance Acrylic Washable Distemper,3-24-3,186,217,190
Reliance Acrylic Washable Distemper,3-24-4,163,203,169
Reliance Acrylic Washable Distemper,3-24-5,124,173,134
Reliance Acrylic Washable Distemper,3-24-6,74,139,90
Reliance Acrylic Washable Distemper,5-24-1,228,235,223
Reliance Acrylic Washable Distemper,3-25-1,224,238,224
Reliance Acrylic Washable Distemper,3-25-2,217,231,218
Reliance Acrylic Washable Distemper,3-25-3,208,227,210
Reliance Acrylic Washable Distemper,3-25-4,164,205,174
Reliance Acrylic Washable Distemper,3-25-5,111,172,134
Reliance Acrylic Washable Distemper,3-25-6,61,136,89
Reliance Acrylic Washable Distemper,1-26-1,227,240,232
Reliance Acrylic Washable Distemper,3-26-1,225,236,226
Reliance Acrylic Washable Distemper,3-26-2,216,231,220
Reliance Acrylic Washable Distemper,4-26-1,230,237,228
Reliance Acrylic Washable Distemper,4-26-2,214,229,216
Reliance Acrylic Washable Distemper,5-26-1,228,236,228
Reliance Acrylic Washable Distemper,2-27-2,199,231,227
Reliance Acrylic Washable Distemper,4-27-1,217,232,221
Reliance Acrylic Washable Distemper,2-29-1,218,235,233
Reliance Acrylic Washable Distemper,2-29-2,210,231,230
Reliance Acrylic Washable Distemper,4-29-1,222,234,230
Reliance Acrylic Washable Distemper,5-29-1,215,217,212
Reliance Acrylic Washable Distemper,1-30-1,224,238,234
Reliance Acrylic Washable Distemper,3-30-1,220,236,232
Reliance Acrylic Washable Distemper,2-32-1,211,221,221
Reliance Acrylic Washable Distemper,2-32-2,184,215,225
Reliance Acrylic Washable Distemper,2-32-3,151,203,219
Reliance Acrylic Washable Distemper,2-32-4,107,182,209
Reliance Acrylic Washable Distemper,2-32-5,69,152,185
Reliance Acrylic Washable Distemper,2-32-6,0,124,159
Reliance Acrylic Washable Distemper,1-33-1,217,233,234
Reliance Acrylic Washable Distemper,1-33-3,158,210,234
Reliance Acrylic Washable Distemper,3-33-1,212,228,229
Reliance Acrylic Washable Distemper,4-33-1,212,222,224
Reliance Acrylic Washable Distemper,3-35-1,225,232,232
Reliance Acrylic Washable Distemper,3-35-2,210,227,235
Reliance Acrylic Washable Distemper,4-35-1,217,225,227
Reliance Acrylic Washable Distemper,1-36-1,224,231,233
Reliance Acrylic Washable Distemper,1-36-2,198,213,226
Reliance Acrylic Washable Distemper,5-36-1,219,225,229
Reliance Acrylic Washable Distemper,2-37-1,216,222,232
Reliance Acrylic Washable Distemper,4-37-1,220,228,233
Reliance Acrylic Washable Distemper,5-37-1,235,234,229
Reliance Acrylic Washable Distemper,1-38-1,210,216,229
Reliance Acrylic Washable Distemper,1-38-2,202,211,232
Reliance Acrylic Washable Distemper,5-38-1,220,226,230
Reliance Acrylic Washable Distemper,2-39-1,232,231,232
Reliance Acrylic Washable Distemper,3-39-1,212,219,227
Reliance Acrylic Washable Distemper,5-39-1,219,220,227
Reliance Acrylic Washable Distemper,4-40-1,226,228,232
Reliance Acrylic Washable Distemper,5-40-1,230,227,223
Reliance Acrylic Washable Distemper,3-41-1,218,219,228
Reliance Acrylic Washable Distemper,4-41-1,228,226,229
Reliance Acrylic Washable Distemper,1-42-1,229,220,227
Reliance Acrylic Washable Distemper,1-43-1,234,227,230
Reliance Acrylic Washable Distemper,1-43-5,180,129,186
Reliance Acrylic Washable Distemper,2-43-1,235,217,228
Reliance Acrylic Washable Distemper,2-44-2,231,211,222
Reliance Acrylic Washable Distemper,3-44-1,233,225,227
Reliance Acrylic Washable Distemper,3-45-1,238,228,229
Reliance Acrylic Washable Distemper,3-45-3,221,189,206
Reliance Acrylic Washable Distemper,5-45-1,230,224,226
Reliance Acrylic Washable Distemper,2-46-1,242,225,228
Reliance Acrylic Washable Distemper,1-47-1,236,226,227
Reliance Acrylic Washable Distemper,1-48-1,242,233,232
Reliance Acrylic Washable Distemper,1-48-4,233,161,184
Reliance Acrylic Washable Distemper,3-48-1,242,224,227
Reliance Acrylic Washable Distemper,4-48-3,205,178,182
Reliance Acrylic Washable Distemper,5-48-1,230,223,226
Reliance Acrylic Washable Distemper,4-49-1,233,226,225
Reliance Acrylic Washable Distemper,1-50-1,242,231,233
Reliance Acrylic Washable Distemper,1-50-2,247,213,216
Reliance Acrylic Washable Distemper,1-50-5,237,128,143
Reliance Acrylic Washable Distemper,1-50-6,229,108,127
Reliance Acrylic Washable Distemper,3-50-1,240,228,228
Reliance Acrylic Washable Distemper,4-50-1,233,220,224
Reliance Acrylic Washable Distemper,5-50-1,240,230,228
,,,,
,,,,
,,,,
,,,,
,,,,
,,,,
,,,,
,,,,
,,,,
,,,,
,,,,
,,,,
,,,,
,,,,
,,,,
,,,,
,,,,
,,,,
,,,,
,,,,
,,,,
,,,,
,,,,
,,,,
,,,,
,,,,
,,,,
,,,,
,,,,
,,,,
,,,,
,,,,
,,,,
,,,,
,,,,
,,,,
,,,,
,,,,
,,,,
,,,,
,,,,
,,,,
,,,,
,,,,
,,,,
,,,,
,,,,
,,,,
,,,,
,,,,
,,,,
,,,,
,,,,
,,,,
,,,,
,,,,
,,,,
Shangrila Distemper,1-1-1,248,226,222
Shangrila Distemper,1-1-2,246,208,204
Shangrila Distemper,1-1-3,250,183,175
Shangrila Distemper,1-1-6,228,99,99
Shangrila Distemper,3-1-1,241,228,225
Shangrila Distemper,3-1-2,244,226,223
Shangrila Distemper,3-1-3,234,205,203
Shangrila Distemper,3-1-4,214,161,160
Shangrila Distemper,3-1-5,196,125,124
Shangrila Distemper,3-1-6,168,83,81
Shangrila Distemper,5-1-1,233,213,209
Shangrila Distemper,5-1-2,220,206,204
Shangrila Distemper,5-1-3,193,173,172
Shangrila Distemper,5-1-4,167,139,135
Shangrila Distemper,5-1-5,136,106,104
Shangrila Distemper,2-2-1,250,237,231
Shangrila Distemper,2-2-2,234,207,198
Shangrila Distemper,2-2-3,237,203,189
Shangrila Distemper,2-2-4,239,180,175
Shangrila Distemper,2-2-5,229,131,127
Shangrila Distemper,2-2-6,223,109,108
Shangrila Distemper,2-2-7,190,88,87
Shangrila Distemper,4-2-1,239,222,214
Shangrila Distemper,4-2-2,224,197,192
Shangrila Distemper,4-2-3,213,174,169
Shangrila Distemper,4-2-4,206,156,152
Shangrila Distemper,4-2-5,190,124,117
Shangrila Distemper,4-2-6,174,103,105
Shangrila Distemper,5-2-1,232,218,211
Shangrila Distemper,5-2-2,218,205,201
Shangrila Distemper,5-2-3,204,169,161
Shangrila Distemper,5-2-4,185,147,139
Shangrila Distemper,5-2-5,164,125,116
Shangrila Distemper,5-2-6,147,109,100
Shangrila Distemper,1-3-1,244,231,224
Shangrila Distemper,1-3-2,246,207,202
Shangrila Distemper,1-3-3,252,183,166
Shangrila Distemper,1-3-4,250,159,137
Shangrila Distemper,1-3-5,244,142,114
Shangrila Distemper,1-3-6,230,100,70
Shangrila Distemper,5-3-1,241,230,220
Shangrila Distemper,5-3-2,221,206,201
Shangrila Distemper,5-3-3,197,174,166
Shangrila Distemper,5-3-4,173,143,135
Shangrila Distemper,5-3-5,142,110,100
Shangrila Distemper,2-4-1,247,234,221
Shangrila Distemper,2-4-2,246,221,207
Shangrila Distemper,2-4-3,238,201,187
Shangrila Distemper,2-4-4,242,174,152
Shangrila Distemper,2-4-5,225,139,114
Shangrila Distemper,2-4-6,195,92,80
Shangrila Distemper,3-4-1,243,228,215
Shangrila Distemper,3-4-2,235,209,197
Shangrila Distemper,3-4-3,233,191,177
Shangrila Distemper,3-4-4,220,171,157
Shangrila Distemper,3-4-5,204,140,120
Shangrila Distemper,3-4-6,172,98,81
Shangrila Distemper,4-4-1,239,225,219
Shangrila Distemper,4-4-2,229,206,198
Shangrila Distemper,4-4-3,211,179,172
Shangrila Distemper,4-4-4,191,151,141
Shangrila Distemper,4-4-5,177,128,114
Shangrila Distemper,4-4-6,155,102,88
Shangrila Distemper,5-4-1,235,224,215
Shangrila Distemper,5-4-2,229,213,204
Shangrila Distemper,5-4-3,188,161,149
Shangrila Distemper,5-4-4,167,128,111
Shangrila Distemper,5-4-5,141,103,88
Shangrila Distemper,1-5-1,241,233,225
Shangrila Distemper,1-5-2,248,215,197
Shangrila Distemper,1-5-3,250,203,182
Shangrila Distemper,1-5-4,251,186,160
Shangrila Distemper,1-5-5,251,168,129
Shangrila Distemper,5-5-1,244,226,216
Shangrila Distemper,5-5-2,216,201,194
Shangrila Distemper,5-5-3,193,170,161
Shangrila Distemper,5-5-4,149,128,116
Shangrila Distemper,2-6-1,244,236,220
Shangrila Distemper,2-6-2,243,224,206
Shangrila Distemper,2-6-3,243,199,170
Shangrila Distemper,2-6-4,240,177,145
Shangrila Distemper,2-6-5,230,155,116
Shangrila Distemper,2-6-6,227,136,95
Shangrila Distemper,2-6-7,209,121,72
Shangrila Distemper,3-6-1,247,229,213
Shangrila Distemper,3-6-2,232,207,190
Shangrila Distemper,3-6-3,225,178,156
Shangrila Distemper,3-6-4,217,165,139
Shangrila Distemper,3-6-5,207,144,118
Shangrila Distemper,3-6-6,188,117,78
Shangrila Distemper,4-6-1,242,226,212
Shangrila Distemper,4-6-2,228,209,197
Shangrila Distemper,4-6-3,211,183,169
Shangrila Distemper,4-6-4,196,161,140
Shangrila Distemper,4-6-5,176,132,113
Shangrila Distemper,4-6-6,157,106,87
Shangrila Distemper,5-6-1,239,230,220
Shangrila Distemper,5-6-2,223,212,198
Shangrila Distemper,5-6-3,193,174,161
Shangrila Distemper,5-6-4,166,143,128
Shangrila Distemper,5-6-5,139,111,94
Shangrila Distemper,1-7-1,246,234,217
Shangrila Distemper,1-7-2,243,219,195
Shangrila Distemper,1-7-3,253,206,172
Shangrila Distemper,1-7-4,254,192,149
Shangrila Distemper,1-7-5,254,175,109
Shangrila Distemper,1-7-6,249,146,58
Shangrila Distemper,4-7-1,243,229,213
Shangrila Distemper,4-7-2,226,206,192
Shangrila Distemper,4-7-3,214,187,169
Shangrila Distemper,4-7-4,196,165,140
Shangrila Distemper,4-7-5,183,140,112
Shangrila Distemper,4-7-6,159,109,86
Shangrila Distemper,1-8-1,245,231,212
Shangrila Distemper,1-8-2,247,228,198
Shangrila Distemper,1-8-3,251,216,169
Shangrila Distemper,1-8-4,252,201,145
Shangrila Distemper,1-8-5,252,185,113
Shangrila Distemper,1-8-6,252,166,67
Shangrila Distemper,2-8-1,246,235,212
Shangrila Distemper,2-8-2,241,206,165
Shangrila Distemper,2-8-3,234,192,139
Shangrila Distemper,2-8-4,233,175,113
Shangrila Distemper,2-8-5,225,158,92
Shangrila Distemper,2-8-6,218,140,75
Shangrila Distemper,3-8-1,245,239,223
Shangrila Distemper,3-8-2,232,216,194
Shangrila Distemper,3-8-3,221,191,155
Shangrila Distemper,3-8-4,200,161,115
Shangrila Distemper,3-8-5,195,142,93
Shangrila Distemper,3-8-6,184,129,75
Shangrila Distemper,2-9-1,241,234,215
Shangrila Distemper,2-9-2,237,212,164
Shangrila Distemper,2-9-3,236,196,129
Shangrila Distemper,2-9-4,228,183,115
Shangrila Distemper,2-9-5,222,171,98
Shangrila Distemper,2-9-6,223,162,78
Shangrila Distemper,3-9-1,239,233,220
Shangrila Distemper,3-9-2,237,222,197
Shangrila Distemper,3-9-3,217,193,153
Shangrila Distemper,3-9-4,208,173,115
Shangrila Distemper,3-9-5,200,157,96
Shangrila Distemper,3-9-6,190,144,79
Shangrila Distemper,3-9-7,191,138,80
Shangrila Distemper,4-9-1,234,222,205
Shangrila Distemper,4-9-2,225,215,197
Shangrila Distemper,4-9-3,209,193,166
Shangrila Distemper,4-9-4,198,173,141
Shangrila Distemper,4-9-5,182,151,114
Shangrila Distemper,4-9-6,160,121,81
Shangrila Distemper,5-9-1,234,220,205
Shangrila Distemper,5-9-2,217,208,199
Shangrila Distemper,5-9-3,190,176,160
Shangrila Distemper,5-9-4,169,150,129
Shangrila Distemper,5-9-5,142,117,95
Shangrila Distemper,1-10-1,240,233,207
Shangrila Distemper,1-10-2,247,229,174
Shangrila Distemper,1-10-3,252,221,149
Shangrila Distemper,1-10-4,254,213,129
Shangrila Distemper,1-10-5,254,206,105
Shangrila Distemper,1-10-6,249,188,62
Shangrila Distemper,4-10-1,240,234,216
Shangrila Distemper,4-10-2,226,216,194
Shangrila Distemper,4-10-3,215,196,169
Shangrila Distemper,4-10-4,198,175,140
Shangrila Distemper,4-10-5,177,153,115
Shangrila Distemper,4-10-6,164,134,88
Shangrila Distemper,5-10-1,237,229,216
Shangrila Distemper,5-10-2,219,209,195
Shangrila Distemper,5-10-3,200,186,166
Shangrila Distemper,5-10-4,166,151,133
Shangrila Distemper,5-10-5,151,126,99
Shangrila Distemper,1-11-1,240,234,207
Shangrila Distemper,1-11-2,247,233,180
Shangrila Distemper,1-11-3,251,224,145
Shangrila Distemper,1-11-4,252,214,104
Shangrila Distemper,1-11-5,252,209,103
Shangrila Distemper,1-11-6,253,192,64
Shangrila Distemper,3-11-1,238,230,212
Shangrila Distemper,3-11-2,234,221,189
Shangrila Distemper,3-11-3,231,216,175
Shangrila Distemper,3-11-4,223,203,151
Shangrila Distemper,3-11-5,209,181,115
Shangrila Distemper,3-11-6,187,152,71
Shangrila Distemper,4-11-1,234,226,208
Shangrila Distemper,4-11-2,222,212,188
Shangrila Distemper,4-11-3,215,199,161
Shangrila Distemper,4-11-4,201,182,141
Shangrila Distemper,4-11-5,183,163,116
Shangrila Distemper,4-11-6,171,145,89
Shangrila Distemper,5-11-1,236,229,218
Shangrila Distemper,5-11-2,224,216,202
Shangrila Distemper,5-11-3,201,187,168
Shangrila Distemper,5-11-4,174,158,134
Shangrila Distemper,5-11-5,148,130,104
Shangrila Distemper,1-12-2,249,235,179
Shangrila Distemper,1-12-3,253,231,151
Shangrila Distemper,1-12-4,253,221,117
Shangrila Distemper,1-12-5,245,215,109
Shangrila Distemper,3-12-1,237,232,209
Shangrila Distemper,3-12-2,231,222,189
Shangrila Distemper,3-12-3,228,212,158
Shangrila Distemper,3-12-4,222,201,132
Shangrila Distemper,3-12-5,205,180,108
Shangrila Distemper,3-12-6,198,163,82
Shangrila Distemper,5-12-1,238,234,221
Shangrila Distemper,5-12-2,209,204,191
Shangrila Distemper,5-12-3,198,192,176
Shangrila Distemper,5-12-4,176,170,157
Shangrila Distemper,5-12-5,149,142,127
Shangrila Distemper,5-12-6,115,107,91
Shangrila Distemper,3-13-1,240,236,212
Shangrila Distemper,3-13-2,234,223,185
Shangrila Distemper,3-13-3,230,222,174
Shangrila Distemper,3-13-4,229,213,152
Shangrila Distemper,3-13-5,212,194,121
Shangrila Distemper,3-13-6,199,172,83
Shangrila Distemper,4-13-1,246,239,203
Shangrila Distemper,4-13-2,223,216,182
Shangrila Distemper,4-13-3,217,207,165
Shangrila Distemper,4-13-4,203,190,141
Shangrila Distemper,4-13-5,188,173,118
Shangrila Distemper,4-13-6,172,152,93
Shangrila Distemper,5-13-1,237,232,217
Shangrila Distemper,5-13-2,216,212,197
Shangrila Distemper,5-13-3,199,187,164
Shangrila Distemper,5-13-4,176,163,137
Shangrila Distemper,5-13-5,157,140,110
Shangrila Distemper,5-13-6,132,113,80
Shangrila Distemper,3-14-1,238,237,211
Shangrila Distemper,3-14-2,225,224,187
Shangrila Distemper,3-14-3,227,220,167
Shangrila Distemper,3-14-4,226,216,158
Shangrila Distemper,3-14-5,213,198,125
Shangrila Distemper,3-14-6,189,172,89
Shangrila Distemper,4-14-1,241,236,215
Shangrila Distemper,4-14-2,224,220,186
Shangrila Distemper,4-14-3,216,209,163
Shangrila Distemper,4-14-4,202,194,142
Shangrila Distemper,4-14-5,188,178,121
Shangrila Distemper,4-14-6,171,159,99
Shangrila Distemper,5-14-1,237,230,214
Shangrila Distemper,5-14-2,219,212,192
Shangrila Distemper,5-14-3,205,197,174
Shangrila Distemper,5-14-4,180,169,138
Shangrila Distemper,5-14-5,157,142,109
Shangrila Distemper,5-14-6,134,117,83
Shangrila Distemper,1-15-1,235,234,214
Shangrila Distemper,1-15-4,240,233,157
Shangrila Distemper,1-15-6,242,218,81
Shangrila Distemper,1-15-7,229,204,75
Shangrila Distemper,2-15-1,245,241,216
Shangrila Distemper,2-15-2,237,236,200
Shangrila Distemper,2-15-3,241,232,176
Shangrila Distemper,2-15-4,234,228,159
Shangrila Distemper,2-15-5,221,209,120
Shangrila Distemper,2-15-6,208,192,85
Shangrila Distemper,3-15-1,234,234,212
Shangrila Distemper,3-15-2,221,221,169
Shangrila Distemper,3-15-3,217,210,143
Shangrila Distemper,3-15-4,206,198,126
Shangrila Distemper,3-15-5,204,189,106
Shangrila Distemper,3-15-6,181,168,89
Shangrila Distemper,4-15-1,238,235,216
Shangrila Distemper,4-15-2,222,222,188
Shangrila Distemper,4-15-3,212,209,167
Shangrila Distemper,4-15-4,201,195,143
Shangrila Distemper,4-15-5,179,175,119
Shangrila Distemper,4-15-6,166,157,97
Shangrila Distemper,5-15-1,230,227,218
Shangrila Distemper,5-15-2,210,206,196
Shangrila Distemper,5-15-3,186,182,171
Shangrila Distemper,5-15-4,162,161,154
Shangrila Distemper,5-15-5,139,137,128
Shangrila Distemper,5-15-6,110,107,97
Shangrila Distemper,1-16-1,237,240,213
Shangrila Distemper,1-16-5,220,224,111
Shangrila Distemper,3-16-1,240,240,220
Shangrila Distemper,3-16-2,236,239,205
Shangrila Distemper,3-16-3,221,224,178
Shangrila Distemper,3-16-4,208,209,144
Shangrila Distemper,3-16-5,199,196,125
Shangrila Distemper,3-16-6,173,166,88
Shangrila Distemper,5-16-1,239,234,215
Shangrila Distemper,5-16-2,220,219,196
Shangrila Distemper,5-16-3,196,194,164
Shangrila Distemper,5-16-4,179,174,139
Shangrila Distemper,5-16-5,156,148,113
Shangrila Distemper,5-16-6,123,115,83
Shangrila Distemper,1-17-1,238,240,226
Shangrila Distemper,1-17-2,236,240,209
Shangrila Distemper,1-17-5,192,217,116
Shangrila Distemper,1-17-6,172,204,73
Shangrila Distemper,3-17-1,231,236,194
Shangrila Distemper,3-17-2,220,228,195
Shangrila Distemper,3-17-3,212,223,180
Shangrila Distemper,3-17-4,191,204,143
Shangrila Distemper,3-17-5,186,194,124
Shangrila Distemper,3-17-6,158,169,88
Shangrila Distemper,4-17-1,230,235,210
Shangrila Distemper,4-17-2,211,219,192
Shangrila Distemper,4-17-3,200,207,169
Shangrila Distemper,4-17-4,175,187,142
Shangrila Distemper,4-17-5,166,175,122
Shangrila Distemper,4-17-6,144,153,96
Shangrila Distemper,5-17-1,227,228,208
Shangrila Distemper,5-17-2,217,219,197
Shangrila Distemper,5-17-3,191,195,166
Shangrila Distemper,5-17-4,165,169,137
Shangrila Distemper,5-17-5,142,144,112
Shangrila Distemper,2-18-1,228,236,212
Shangrila Distemper,2-18-2,223,237,203
Shangrila Distemper,2-18-3,214,229,193
Shangrila Distemper,2-18-4,189,220,164
Shangrila Distemper,2-18-5,165,201,112
Shangrila Distemper,2-18-6,138,174,74
Shangrila Distemper,3-18-1,231,235,218
Shangrila Distemper,3-18-2,217,228,196
Shangrila Distemper,3-18-3,205,216,177
Shangrila Distemper,3-18-4,182,200,145
Shangrila Distemper,3-18-5,156,175,108
Shangrila Distemper,3-18-6,137,162,83
Shangrila Distemper,5-18-1,230,236,221
Shangrila Distemper,5-18-2,204,210,195
Shangrila Distemper,5-18-3,180,191,170
Shangrila Distemper,5-18-4,150,162,132
Shangrila Distemper,5-18-5,124,136,106
Shangrila Distemper,1-19-1,218,235,207
Shangrila Distemper,1-19-2,208,227,191
Shangrila Distemper,1-19-3,197,228,175
Shangrila Distemper,1-19-4,188,223,151
Shangrila Distemper,1-19-5,148,203,104
Shangrila Distemper,1-19-6,135,193,75
Shangrila Distemper,4-19-1,229,237,215
Shangrila Distemper,4-19-2,208,217,196
Shangrila Distemper,4-19-3,192,206,172
Shangrila Distemper,4-19-4,168,184,144
Shangrila Distemper,4-19-5,138,163,120
Shangrila Distemper,4-19-6,123,145,95
Shangrila Distemper,5-19-1,230,236,221
Shangrila Distemper,5-19-2,205,213,199
Shangrila Distemper,5-19-3,174,186,163
Shangrila Distemper,5-19-4,149,161,135
Shangrila Distemper,5-19-5,120,134,103
Shangrila Distemper,2-20-2,211,229,192
Shangrila Distemper,2-20-3,193,224,182
Shangrila Distemper,2-20-4,149,198,120
Shangrila Distemper,2-20-5,133,184,106
Shangrila Distemper,2-20-6,117,171,83
Shangrila Distemper,3-20-1,231,240,222
Shangrila Distemper,3-20-2,224,234,217
Shangrila Distemper,3-20-3,191,214,179
Shangrila Distemper,3-20-4,181,210,168
Shangrila Distemper,3-20-5,149,185,129
Shangrila Distemper,3-20-6,115,152,82
Shangrila Distemper,4-20-1,229,236,216
Shangrila Distemper,4-20-2,207,219,198
Shangrila Distemper,4-20-3,192,206,176
Shangrila Distemper,4-20-4,162,183,146
Shangrila Distemper,4-20-5,135,162,123
Shangrila Distemper,4-20-6,113,141,93
Shangrila Distemper,5-20-1,217,216,210
Shangrila Distemper,5-20-2,195,197,190
Shangrila Distemper,5-20-3,184,186,178
Shangrila Distemper,5-20-4,155,158,154
Shangrila Distemper,5-20-5,129,134,130
Shangrila Distemper,5-20-6,99,103,97
Shangrila Distemper,1-21-1,214,236,208
Shangrila Distemper,1-21-2,205,228,195
Shangrila Distemper,1-21-3,196,230,182
Shangrila Distemper,1-21-4,177,220,154
Shangrila Distemper,1-21-5,137,203,113
Shangrila Distemper,2-21-1,225,236,209
Shangrila Distemper,2-21-2,213,233,207
Shangrila Distemper,2-21-3,197,224,187
Shangrila Distemper,2-21-4,160,206,147
Shangrila Distemper,2-21-5,123,182,107
Shangrila Distemper,2-21-6,106,166,88
Shangrila Distemper,5-21-1,220,229,214
Shangrila Distemper,5-21-2,205,212,199
Shangrila Distemper,5-21-3,174,187,168
Shangrila Distemper,5-21-4,141,158,134
Shangrila Distemper,5-21-5,108,128,101
Shangrila Distemper,3-22-1,232,238,222
Shangrila Distemper,3-22-2,219,231,216
Shangrila Distemper,3-22-3,190,215,186
Shangrila Distemper,3-22-4,176,206,169
Shangrila Distemper,3-22-5,142,181,131
Shangrila Distemper,3-22-6,100,144,81
Shangrila Distemper,5-22-1,226,234,221
Shangrila Distemper,5-22-2,202,211,199
Shangrila Distemper,5-22-3,168,181,161
Shangrila Distemper,5-22-4,139,157,135
Shangrila Distemper,5-22-5,104,123,99
Shangrila Distemper,2-23-1,226,237,222
Shangrila Distemper,2-23-2,215,235,215
Shangrila Distemper,2-23-3,181,221,183
Shangrila Distemper,2-23-4,152,204,149
Shangrila Distemper,2-23-5,105,177,112
Shangrila Distemper,4-23-1,223,235,219
Shangrila Distemper,4-23-2,203,219,200
Shangrila Distemper,4-23-3,181,201,174
Shangrila Distemper,4-23-4,151,179,147
Shangrila Distemper,4-23-5,131,157,120
Shangrila Distemper,4-23-6,100,136,93
Shangrila Distemper,5-23-1,226,233,222
Shangrila Distemper,5-23-2,198,209,198
Shangrila Distemper,5-23-3,172,187,170
Shangrila Distemper,5-23-4,136,157,136
Shangrila Distemper,5-23-5,105,126,102
Shangrila Distemper,1-24-1,223,232,220
Shangrila Distemper,1-24-2,206,236,216
Shangrila Distemper,1-24-3,177,225,184
Shangrila Distemper,1-24-4,138,207,156
Shangrila Distemper,1-24-5,93,190,130
Shangrila Distemper,1-24-6,67,177,111
Shangrila Distemper,2-24-1,221,234,215
Shangrila Distemper,2-24-2,217,236,217
Shangrila Distemper,2-24-3,172,220,188
Shangrila Distemper,2-24-4,132,201,155
Shangrila Distemper,2-24-5,91,169,120
Shangrila Distemper,3-24-1,217,235,212
Shangrila Distemper,3-24-2,212,230,209
Shangrila Distemper,3-24-3,186,217,190
Shangrila Distemper,3-24-4,163,203,169
Shangrila Distemper,3-24-5,124,173,134
Shangrila Distemper,4-24-1,218,231,216
Shangrila Distemper,4-24-2,193,213,192
Shangrila Distemper,4-24-3,178,200,175
Shangrila Distemper,4-24-4,148,180,149
Shangrila Distemper,4-24-5,123,158,124
Shangrila Distemper,4-24-6,94,133,94
Shangrila Distemper,5-24-1,228,235,223
Shangrila Distemper,5-24-2,204,217,204
Shangrila Distemper,5-24-3,171,187,171
Shangrila Distemper,5-24-4,139,158,140
Shangrila Distemper,5-24-5,103,127,105
Shangrila Distemper,2-25-1,216,235,221
Shangrila Distemper,2-25-2,209,235,221
Shangrila Distemper,2-25-3,173,218,191
Shangrila Distemper,2-25-4,127,195,162
Shangrila Distemper,2-25-5,75,167,134
Shangrila Distemper,2-25-6,30,145,107
Shangrila Distemper,3-25-1,224,238,224
Shangrila Distemper,3-25-2,217,231,218
Shangrila Distemper,3-25-3,208,227,210
Shangrila Distemper,3-25-4,164,205,174
Shangrila Distemper,3-25-5,111,172,134
Shangrila Distemper,5-25-1,225,232,222
Shangrila Distemper,5-25-2,202,215,204
Shangrila Distemper,5-25-3,165,185,172
Shangrila Distemper,5-25-4,133,156,138
Shangrila Distemper,5-25-5,94,123,103
Shangrila Distemper,1-26-1,227,240,232
Shangrila Distemper,1-26-2,198,233,221
Shangrila Distemper,1-26-3,164,226,208
Shangrila Distemper,1-26-4,114,205,185
Shangrila Distemper,1-26-5,70,189,163
Shangrila Distemper,1-26-6,0,172,147
Shangrila Distemper,1-26-7,0,159,133
Shangrila Distemper,3-26-1,225,236,226
Shangrila Distemper,3-26-2,216,231,220
Shangrila Distemper,3-26-3,192,219,206
Shangrila Distemper,3-26-4,150,199,176
Shangrila Distemper,3-26-5,101,170,141
Shangrila Distemper,3-26-6,49,131,99
Shangrila Distemper,4-26-1,230,237,228
Shangrila Distemper,4-26-2,214,229,216
Shangrila Distemper,4-26-3,166,193,177
Shangrila Distemper,4-26-4,135,176,157
Shangrila Distemper,4-26-5,104,149,126
Shangrila Distemper,4-26-6,65,121,99
Shangrila Distemper,5-26-1,228,236,228
Shangrila Distemper,5-26-2,202,215,206
Shangrila Distemper,5-26-3,165,187,176
Shangrila Distemper,5-26-4,129,157,144
Shangrila Distemper,5-26-5,94,124,110
Shangrila Distemper,2-27-1,209,227,227
Shangrila Distemper,2-27-2,199,231,227
Shangrila Distemper,2-27-3,158,210,202
Shangrila Distemper,2-27-4,106,194,185
Shangrila Distemper,2-27-5,23,164,150
Shangrila Distemper,2-27-6,0,144,134
Shangrila Distemper,4-27-1,217,232,221
Shangrila Distemper,4-27-2,195,216,207
Shangrila Distemper,4-27-3,159,191,179
Shangrila Distemper,4-27-4,125,169,157
Shangrila Distemper,4-27-5,96,146,133
Shangrila Distemper,4-27-6,64,121,106
Shangrila Distemper,5-27-1,218,229,219
Shangrila Distemper,5-27-2,197,212,204
Shangrila Distemper,5-27-4,127,155,146
Shangrila Distemper,5-27-5,94,126,118
Shangrila Distemper,1-28-1,226,232,230
Shangrila Distemper,1-28-2,198,230,231
Shangrila Distemper,1-28-3,156,223,220
Shangrila Distemper,1-28-4,119,208,208
Shangrila Distemper,1-28-5,39,183,186
Shangrila Distemper,1-28-6,0,167,171
Shangrila Distemper,1-28-7,0,148,151
Shangrila Distemper,2-29-1,218,235,233
Shangrila Distemper,2-29-2,210,231,230
Shangrila Distemper,2-29-3,157,213,217
Shangrila Distemper,2-29-4,108,191,199
Shangrila Distemper,2-29-5,53,160,171
Shangrila Distemper,2-29-6,0,143,157
Shangrila Distemper,2-29-7,0,124,135
Shangrila Distemper,4-29-1,222,234,230
Shangrila Distemper,4-29-2,201,222,219
Shangrila Distemper,4-29-3,161,201,199
Shangrila Distemper,4-29-4,128,174,173
Shangrila Distemper,4-29-5,92,148,147
Shangrila Distemper,4-29-6,61,116,117
Shangrila Distemper,5-29-1,215,217,212
Shangrila Distemper,5-29-2,184,191,187
Shangrila Distemper,5-29-3,174,181,178
Shangrila Distemper,5-29-4,152,160,160
Shangrila Distemper,5-29-5,125,133,134
Shangrila Distemper,5-29-6,91,99,98
Shangrila Distemper,1-30-1,224,238,234
Shangrila Distemper,1-30-2,194,225,225
Shangrila Distemper,1-30-3,158,219,228
Shangrila Distemper,1-30-4,108,201,214
Shangrila Distemper,1-30-5,80,189,208
Shangrila Distemper,1-30-6,30,161,178
Shangrila Distemper,1-30-7,0,146,171
Shangrila Distemper,3-30-1,220,236,232
Shangrila Distemper,3-30-2,191,222,224
Shangrila Distemper,3-30-3,166,207,211
Shangrila Distemper,3-30-4,120,183,190
Shangrila Distemper,3-30-5,67,145,153
Shangrila Distemper,3-30-6,29,126,137
Shangrila Distemper,4-30-1,225,236,233
Shangrila Distemper,4-30-2,197,219,219
Shangrila Distemper,4-30-3,160,194,196
Shangrila Distemper,4-30-4,122,169,173
Shangrila Distemper,4-30-5,92,146,152
Shangrila Distemper,4-30-6,58,116,122
Shangrila Distemper,5-31-1,226,234,233
Shangrila Distemper,5-31-2,200,212,214
Shangrila Distemper,5-31-3,159,180,184
Shangrila Distemper,5-31-4,131,156,162
Shangrila Distemper,5-31-5,86,120,126
Shangrila Distemper,1-32-1,218,235,234
Shangrila Distemper,1-32-2,195,224,230
Shangrila Distemper,1-32-3,156,211,229
Shangrila Distemper,1-32-4,116,194,221
Shangrila Distemper,1-32-5,51,165,203
Shangrila Distemper,1-32-6,0,151,192
Shangrila Distemper,1-32-7,0,133,169
Shangrila Distemper,2-32-1,211,221,221
Shangrila Distemper,2-32-2,184,215,225
Shangrila Distemper,2-32-3,151,203,219
Shangrila Distemper,2-32-4,107,182,209
Shangrila Distemper,2-32-5,69,152,185
Shangrila Distemper,2-32-6,0,124,159
Shangrila Distemper,2-32-7,0,109,146
Shangrila Distemper,1-33-1,217,233,234
Shangrila Distemper,1-33-2,186,219,229
Shangrila Distemper,1-33-3,158,210,234
Shangrila Distemper,1-33-4,133,198,226
Shangrila Distemper,1-33-5,72,174,213
Shangrila Distemper,1-33-6,0,146,199
Shangrila Distemper,1-33-7,0,126,177
Shangrila Distemper,3-33-1,212,228,229
Shangrila Distemper,3-33-2,189,213,223
Shangrila Distemper,3-33-3,167,199,216
Shangrila Distemper,3-33-4,140,180,203
Shangrila Distemper,3-33-5,91,149,180
Shangrila Distemper,3-33-6,41,110,151
Shangrila Distemper,4-33-1,212,222,224
Shangrila Distemper,4-33-2,188,205,210
Shangrila Distemper,4-33-3,162,192,204
Shangrila Distemper,4-33-4,129,166,180
Shangrila Distemper,4-33-5,95,139,157
Shangrila Distemper,4-33-6,64,110,131
Shangrila Distemper,1-34-1,215,231,234
Shangrila Distemper,1-34-2,191,216,229
Shangrila Distemper,1-34-3,162,203,229
Shangrila Distemper,1-34-4,116,179,219
Shangrila Distemper,1-34-5,69,151,205
Shangrila Distemper,1-34-6,40,138,198
Shangrila Distemper,1-34-7,0,114,173
Shangrila Distemper,5-34-1,227,230,229
Shangrila Distemper,5-34-2,196,205,208
Shangrila Distemper,5-34-3,159,175,184
Shangrila Distemper,5-34-4,126,147,159
Shangrila Distemper,5-34-5,90,113,128
Shangrila Distemper,5-34-7,74,85,94
Shangrila Distemper,3-35-1,225,232,232
Shangrila Distemper,3-35-2,210,227,235
Shangrila Distemper,3-35-3,169,197,213
Shangrila Distemper,3-35-4,123,163,189
Shangrila Distemper,3-35-5,75,127,161
Shangrila Distemper,3-35-6,37,108,150
Shangrila Distemper,4-35-1,217,225,227
Shangrila Distemper,4-35-2,203,212,218
Shangrila Distemper,4-35-3,163,184,200
Shangrila Distemper,4-35-4,133,158,175
Shangrila Distemper,4-35-5,100,132,157
Shangrila Distemper,4-35-6,69,101,130
Shangrila Distemper,1-36-1,224,231,233
Shangrila Distemper,1-36-2,198,213,226
Shangrila Distemper,1-36-3,166,192,226
Shangrila Distemper,1-36-4,135,162,209
Shangrila Distemper,1-36-5,97,136,194
Shangrila Distemper,1-36-6,80,114,181
Shangrila Distemper,3-36-1,210,217,220
Shangrila Distemper,3-36-2,196,213,224
Shangrila Distemper,3-36-3,170,190,208
Shangrila Distemper,3-36-4,128,155,188
Shangrila Distemper,3-36-5,85,114,150
Shangrila Distemper,3-36-6,61,95,139
Shangrila Distemper,5-36-1,219,225,229
Shangrila Distemper,5-36-2,194,201,205
Shangrila Distemper,5-36-3,162,171,181
Shangrila Distemper,5-36-4,119,133,148
Shangrila Distemper,5-36-5,86,99,118
Shangrila Distemper,2-37-1,216,222,232
Shangrila Distemper,2-37-2,204,211,224
Shangrila Distemper,2-37-3,167,185,216
Shangrila Distemper,2-37-4,133,152,198
Shangrila Distemper,2-37-5,97,113,169
Shangrila Distemper,2-37-6,80,95,156
Shangrila Distemper,4-37-1,220,228,233
Shangrila Distemper,4-37-2,194,203,212
Shangrila Distemper,4-37-3,163,178,195
Shangrila Distemper,4-37-4,134,147,171
Shangrila Distemper,4-37-5,105,120,150
Shangrila Distemper,4-37-6,74,91,123
Shangrila Distemper,5-37-1,235,234,229
Shangrila Distemper,5-37-2,220,222,220
Shangrila Distemper,5-37-3,196,200,202
Shangrila Distemper,5-37-4,145,153,160
Shangrila Distemper,5-37-5,108,115,122
Shangrila Distemper,5-37-6,89,95,102
Shangrila Distemper,1-38-1,210,216,229
Shangrila Distemper,1-38-2,202,211,232
Shangrila Distemper,1-38-3,173,184,221
Shangrila Distemper,1-38-4,147,156,209
Shangrila Distemper,1-38-5,122,126,192
Shangrila Distemper,1-38-6,110,111,177
Shangrila Distemper,5-38-1,220,226,230
Shangrila Distemper,5-38-2,198,203,211
Shangrila Distemper,5-38-3,161,167,179
Shangrila Distemper,5-38-4,125,129,147
Shangrila Distemper,5-38-5,89,93,113
Shangrila Distemper,2-39-1,232,231,232
Shangrila Distemper,2-39-2,213,215,228
Shangrila Distemper,2-39-3,181,181,213
Shangrila Distemper,2-39-4,151,148,190
Shangrila Distemper,2-39-5,118,111,168
Shangrila Distemper,3-39-1,212,219,227
Shangrila Distemper,3-39-2,197,202,220
Shangrila Distemper,3-39-3,173,180,201
Shangrila Distemper,3-39-4,144,147,182
Shangrila Distemper,3-39-5,104,106,148
Shangrila Distemper,4-39-1,219,219,226
Shangrila Distemper,4-39-2,196,199,209
Shangrila Distemper,4-39-3,168,175,193
Shangrila Distemper,4-39-4,140,145,170
Shangrila Distemper,4-39-5,109,116,145
Shangrila Distemper,4-39-6,88,89,123
Shangrila Distemper,5-39-1,219,220,227
Shangrila Distemper,5-39-2,196,195,204
Shangrila Distemper,5-39-3,165,166,179
Shangrila Distemper,5-39-4,129,130,148
Shangrila Distemper,5-39-5,97,94,112
Shangrila Distemper,1-40-1,224,223,234
Shangrila Distemper,1-40-2,204,201,228
Shangrila Distemper,1-40-3,190,185,219
Shangrila Distemper,1-40-4,170,158,209
Shangrila Distemper,1-40-5,142,125,190
Shangrila Distemper,4-40-1,226,228,232
Shangrila Distemper,4-40-2,196,200,211
Shangrila Distemper,4-40-3,174,174,195
Shangrila Distemper,4-40-4,146,148,172
Shangrila Distemper,4-40-5,126,122,148
Shangrila Distemper,4-40-6,94,88,121
Shangrila Distemper,5-40-1,230,227,223
Shangrila Distemper,5-40-2,200,203,209
Shangrila Distemper,5-40-3,165,164,178
Shangrila Distemper,5-40-4,130,128,144
Shangrila Distemper,5-40-5,100,94,114
Shangrila Distemper,5-40-7,86,87,96
Shangrila Distemper,2-41-1,227,220,228
Shangrila Distemper,2-41-2,216,209,222
Shangrila Distemper,2-41-3,191,180,212
Shangrila Distemper,2-41-4,173,148,196
Shangrila Distemper,2-41-5,139,113,166
Shangrila Distemper,3-41-1,218,219,228
Shangrila Distemper,3-41-2,204,200,215
Shangrila Distemper,3-41-3,189,184,208
Shangrila Distemper,3-41-4,169,164,195
Shangrila Distemper,3-41-5,137,126,167
Shangrila Distemper,4-41-1,228,226,229
Shangrila Distemper,4-41-2,205,201,211
Shangrila Distemper,4-41-3,178,172,191
Shangrila Distemper,4-41-4,149,146,170
Shangrila Distemper,4-41-5,119,117,147
Shangrila Distemper,5-41-1,218,217,216
Shangrila Distemper,5-41-2,204,203,209
Shangrila Distemper,5-41-3,165,161,175
Shangrila Distemper,5-41-4,139,134,151
Shangrila Distemper,5-41-5,111,100,120
Shangrila Distemper,1-42-1,229,220,227
Shangrila Distemper,1-42-2,220,210,227
Shangrila Distemper,1-42-3,213,187,223
Shangrila Distemper,1-42-4,188,157,206
Shangrila Distemper,1-42-5,165,128,186
Shangrila Distemper,1-42-6,154,111,170
Shangrila Distemper,5-42-1,216,214,217
Shangrila Distemper,5-42-2,204,198,205
Shangrila Distemper,5-42-3,174,166,179
Shangrila Distemper,5-42-4,145,133,145
Shangrila Distemper,5-42-5,114,102,123
Shangrila Distemper,1-43-1,234,227,230
Shangrila Distemper,1-43-2,223,212,229
Shangrila Distemper,1-43-3,212,184,216
Shangrila Distemper,1-43-4,198,159,206
Shangrila Distemper,1-43-5,180,129,186
Shangrila Distemper,1-43-6,172,112,174
Shangrila Distemper,2-43-1,235,217,228
Shangrila Distemper,2-43-2,224,200,218
Shangrila Distemper,2-43-3,215,179,209
Shangrila Distemper,2-43-4,197,156,194
Shangrila Distemper,2-43-5,191,132,177
Shangrila Distemper,3-43-1,234,230,233
Shangrila Distemper,3-43-2,215,203,215
Shangrila Distemper,3-43-3,201,183,205
Shangrila Distemper,3-43-4,176,147,179
Shangrila Distemper,3-43-5,144,109,149
Shangrila Distemper,4-43-1,219,214,221
Shangrila Distemper,4-43-2,206,201,214
Shangrila Distemper,4-43-3,187,179,197
Shangrila Distemper,4-43-4,158,146,170
Shangrila Distemper,4-43-5,135,120,148
Shangrila Distemper,4-43-6,110,91,122
Shangrila Distemper,5-43-1,223,213,215
Shangrila Distemper,5-43-2,212,205,211
Shangrila Distemper,5-43-3,181,172,184
Shangrila Distemper,5-43-4,148,134,148
Shangrila Distemper,5-43-5,122,103,120
Shangrila Distemper,2-44-2,231,211,222
Shangrila Distemper,2-44-3,224,187,213
Shangrila Distemper,2-44-4,203,154,189
Shangrila Distemper,3-44-1,233,225,227
Shangrila Distemper,3-44-2,226,214,222
Shangrila Distemper,3-44-3,206,180,203
Shangrila Distemper,3-44-4,182,148,178
Shangrila Distemper,1-45-1,245,239,237
Shangrila Distemper,1-45-2,238,221,230
Shangrila Distemper,1-45-3,231,197,221
Shangrila Distemper,1-45-4,231,172,210
Shangrila Distemper,1-45-5,223,141,190
Shangrila Distemper,1-45-6,203,106,165
Shangrila Distemper,3-45-1,238,228,229
Shangrila Distemper,3-45-2,217,194,204
Shangrila Distemper,3-45-4,184,146,172
Shangrila Distemper,3-45-5,161,108,141
Shangrila Distemper,5-45-1,230,224,226
Shangrila Distemper,5-45-2,214,206,208
Shangrila Distemper,5-45-3,189,173,186
Shangrila Distemper,5-45-4,160,141,153
Shangrila Distemper,5-45-5,126,113,126
Shangrila Distemper,2-46-1,242,225,228
Shangrila Distemper,2-46-2,235,212,220
Shangrila Distemper,2-46-3,225,176,197
Shangrila Distemper,2-46-4,210,151,176
Shangrila Distemper,2-46-5,185,111,146
Shangrila Distemper,5-46-1,229,225,228
Shangrila Distemper,5-46-2,216,204,208
Shangrila Distemper,5-46-3,189,174,181
Shangrila Distemper,5-46-4,161,141,152
Shangrila Distemper,5-46-5,134,115,128
Shangrila Distemper,1-47-1,236,226,227
Shangrila Distemper,1-47-2,245,230,231
Shangrila Distemper,1-47-3,242,199,216
Shangrila Distemper,1-47-4,236,168,199
Shangrila Distemper,1-47-5,217,122,163
Shangrila Distemper,1-47-6,201,101,146
Shangrila Distemper,3-47-1,232,220,224
Shangrila Distemper,3-47-2,233,209,216
Shangrila Distemper,3-47-3,224,188,201
Shangrila Distemper,3-47-4,196,154,172
Shangrila Distemper,3-47-5,169,102,128
Shangrila Distemper,4-47-1,236,226,229
Shangrila Distemper,4-47-2,219,205,209
Shangrila Distemper,4-47-3,206,174,186
Shangrila Distemper,4-47-4,184,145,158
Shangrila Distemper,4-47-5,162,121,137
Shangrila Distemper,1-48-1,242,233,232
Shangrila Distemper,1-48-2,238,225,225
Shangrila Distemper,1-48-3,240,181,197
Shangrila Distemper,1-48-4,233,161,184
Shangrila Distemper,1-48-5,221,124,157
Shangrila Distemper,1-48-6,212,102,138
Shangrila Distemper,3-48-1,242,224,227
Shangrila Distemper,3-48-2,232,207,214
Shangrila Distemper,3-48-3,221,180,193
Shangrila Distemper,3-48-4,201,143,160
Shangrila Distemper,3-48-5,172,101,121
Shangrila Distemper,4-48-1,235,218,221
Shangrila Distemper,4-48-2,218,197,200
Shangrila Distemper,4-48-3,205,178,182
Shangrila Distemper,4-48-4,188,152,157
Shangrila Distemper,4-48-5,165,123,131
Shangrila Distemper,4-48-6,139,90,98
Shangrila Distemper,5-48-1,230,223,226
Shangrila Distemper,5-48-2,217,207,209
Shangrila Distemper,5-48-3,194,177,182
Shangrila Distemper,5-48-4,167,143,149
Shangrila Distemper,5-48-5,138,113,120
Shangrila Distemper,4-49-1,233,226,225
Shangrila Distemper,4-49-2,223,205,210
Shangrila Distemper,4-49-3,204,178,184
Shangrila Distemper,4-49-4,188,149,162
Shangrila Distemper,4-49-5,162,124,136
Shangrila Distemper,4-49-6,129,89,102
Shangrila Distemper,1-50-1,242,231,233
Shangrila Distemper,1-50-2,247,213,216
Shangrila Distemper,1-50-3,248,187,191
Shangrila Distemper,1-50-4,238,155,161
Shangrila Distemper,1-50-5,237,128,143
Shangrila Distemper,1-50-6,229,108,127
Shangrila Distemper,3-50-1,240,228,228
Shangrila Distemper,3-50-2,230,204,205
Shangrila Distemper,3-50-3,226,188,191
Shangrila Distemper,3-50-4,203,152,155
Shangrila Distemper,3-50-5,176,107,114
Shangrila Distemper,4-50-1,233,220,224
Shangrila Distemper,4-50-2,220,201,202
Shangrila Distemper,4-50-3,204,177,178
Shangrila Distemper,4-50-4,187,151,154
Shangrila Distemper,4-50-5,165,122,125
Shangrila Distemper,4-50-6,143,92,95
Shangrila Distemper,5-50-1,240,230,228
Shangrila Distemper,5-50-2,222,208,207
Shangrila Distemper,5-50-3,194,175,174
Shangrila Distemper,5-50-4,167,143,146
Shangrila Distemper,5-50-5,140,105,108